message_type,pc_time_s,sensor_time_startup_ns,imu_accel_x_mps2,imu_accel_y_mps2,imu_accel_z_mps2,imu_gyro_x_radps,imu_gyro_y_radps,imu_gyro_z_radps,gnss_lat_deg,gnss_lon_deg,gnss_alt_m,gnss_vel_n_mps,gnss_vel_e_mps,gnss_vel_d_mps,gnss_fix,gnss_num_sats
imu,1777665282.4546642,1600451257000,-0.19670772552490234,0.5203861594200134,-9.535115242004395,-0.0485088936984539,-0.02235635742545128,0.0195782370865345,,,,,,,,
imu,1777665282.4706874,1600461257000,-0.20043353736400604,0.49317488074302673,-9.512012481689453,-0.026740986853837967,-0.01432608999311924,0.018618233501911163,,,,,,,,
imu,1777665282.4730556,1600471257000,-0.2711157202720642,0.49134621024131775,-9.535529136657715,-0.0037918267771601677,-0.009508349932730198,0.021168027073144913,,,,,,,,
imu,1777665282.4887378,1600481257000,-0.23647411167621613,0.4002716839313507,-9.560648918151855,-0.0025686384178698063,0.012208604253828526,0.026034802198410034,,,,,,,,
imu,1777665282.4932957,1600491257000,-0.3117351830005646,0.37015318870544434,-9.68069076538086,-0.02211236022412777,0.03741922229528427,0.04479287564754486,,,,,,,,
imu,1777665282.4975739,1600501257000,-0.2789270281791687,0.37814292311668396,-9.821243286132812,-0.05126422271132469,0.060315169394016266,0.07060791552066803,,,,,,,,
imu,1777665282.5147653,1600511257000,-0.21455597877502441,0.5475903749465942,-10.01122760772705,-0.08652658760547638,0.07513491064310074,0.07936219871044159,,,,,,,,
imu,1777665282.5181162,1600521257000,-0.13867777585983276,0.6690840125083923,-10.041596412658691,-0.11043494939804077,0.0681079551577568,0.07184423506259918,,,,,,,,
imu,1777665282.5365894,1600531257000,-0.14523598551750183,0.6232785582542419,-9.999137878417969,-0.13261619210243225,0.05559650436043739,0.06505566835403442,,,,,,,,
imu,1777665282.538705,1600541257000,-0.06633085757493973,0.6937663555145264,-9.937946319580078,-0.12105263769626617,0.044327206909656525,0.05819614976644516,,,,,,,,
imu,1777665282.5479765,1600551257000,-0.0683344230055809,0.7120154500007629,-9.909015655517578,-0.09196852892637253,0.028988579288125038,0.049125462770462036,,,,,,,,
imu,1777665282.5644546,1600561257000,-0.11155799776315689,0.7353886961936951,-9.946929931640625,-0.06899536401033401,0.03137823939323425,0.04376795142889023,,,,,,,,
imu,1777665282.5678642,1600571257000,-0.1407584249973297,0.7036471962928772,-10.006160736083984,-0.06180355325341225,0.03322497010231018,0.03414164483547211,,,,,,,,
imu,1777665282.586703,1600581257000,-0.1195213794708252,0.6866983771324158,-10.048659324645996,-0.06442266702651978,0.02462930604815483,0.03479016572237015,,,,,,,,
imu,1777665282.5888689,1600591257000,-0.05955389142036438,0.7399399280548096,-10.094758987426758,-0.06258609145879745,0.011561364866793156,0.0395798534154892,,,,,,,,
imu,1777665282.5981195,1600601257000,-0.023845186457037926,0.7379592657089233,-10.118685722351074,-0.05105464905500412,-0.0039221253246068954,0.03971228003501892,,,,,,,,
imu,1777665282.61415,1600611257000,0.08143312484025955,0.7853430509567261,-10.081348419189453,-0.03066115267574787,-0.016773687675595284,0.040567927062511444,,,,,,,,
imu,1777665282.6185284,1600621257000,0.11500787734985352,0.756158709526062,-10.046760559082031,-0.02099895477294922,-0.018315879628062248,0.03566564619541168,,,,,,,,
imu,1777665282.6366837,1600631257000,0.15987549722194672,0.7811435461044312,-10.119586944580078,-0.02325623109936714,-0.015014803037047386,0.03791562467813492,,,,,,,,
imu,1777665282.6401808,1600641257000,0.1694842129945755,0.8027652502059937,-10.119511604309082,-0.046516917645931244,-0.011917009949684143,0.04527486115694046,,,,,,,,
imu,1777665282.6516416,1600651257000,0.21356356143951416,0.8036420345306396,-10.100736618041992,-0.07327733188867569,-0.022276785224676132,0.05987304449081421,40.4264119,-86.927447,167.53300000000002,-0.008999999612569809,0.07900000363588333,0.05700000002980232,4,16
imu,1777665282.6670928,1600661257000,0.33893585205078125,0.9640626907348633,-10.083439826965332,-0.0840010717511177,-0.03861037641763687,0.0669243261218071,40.4264119,-86.927447,167.53300000000002,-0.008999999612569809,0.07900000363588333,0.05700000002980232,4,16
imu,1777665282.6705742,1600671257000,0.37288641929626465,1.1257482767105103,-10.005328178405762,-0.07128000259399414,-0.056338924914598465,0.06190171837806702,40.4264119,-86.927447,167.53300000000002,-0.008999999612569809,0.07900000363588333,0.05700000002980232,4,16
imu,1777665282.6866825,1600681257000,0.3875308632850647,1.1144909858703613,-9.937291145324707,-0.05103942006826401,-0.07046695798635483,0.03133884072303772,40.4264119,-86.927447,167.53300000000002,-0.008999999612569809,0.07900000363588333,0.05700000002980232,4,16
imu,1777665282.6899126,1600691257000,0.4099963307380676,1.0945111513137817,-9.78704833984375,-0.02798919565975666,-0.07913395762443542,0.0001847296953201294,40.4264119,-86.927447,167.53300000000002,-0.008999999612569809,0.07900000363588333,0.05700000002980232,4,16
imu,1777665282.6978514,1600701257000,0.36511629819869995,1.0655540227890015,-9.782949447631836,-0.013635683804750443,-0.07554597407579422,-0.016894659027457237,40.4264119,-86.927447,167.53300000000002,-0.008999999612569809,0.07900000363588333,0.05700000002980232,4,16
imu,1777665282.714027,1600711257000,0.3733599781990051,1.0819852352142334,-9.820323944091797,-0.007953217253088951,-0.06799884140491486,-0.01976172998547554,40.4264119,-86.927447,167.53300000000002,-0.008999999612569809,0.07900000363588333,0.05700000002980232,4,16
imu,1777665282.7185972,1600721257000,0.44194385409355164,1.1182963848114014,-9.802599906921387,-0.009214653633534908,-0.06644280254840851,-0.020007306709885597,40.4264119,-86.927447,167.53300000000002,-0.008999999612569809,0.07900000363588333,0.05700000002980232,4,16
imu,1777665282.7364502,1600731257000,0.5324453711509705,1.151721477508545,-9.813329696655273,-0.021510668098926544,-0.06704395264387131,-0.02550743706524372,40.4264119,-86.927447,167.53300000000002,-0.008999999612569809,0.07900000363588333,0.05700000002980232,4,16
imu,1777665282.7399275,1600741257000,0.5960476398468018,1.1892893314361572,-9.805113792419434,-0.0332079753279686,-0.06461356580257416,-0.036180585622787476,40.4264119,-86.927447,167.53300000000002,-0.008999999612569809,0.07900000363588333,0.05700000002980232,4,16
imu,1777665282.74789,1600751257000,0.5959056615829468,1.2340333461761475,-9.810861587524414,-0.03355119377374649,-0.07344108074903488,-0.04284925013780594,40.4264119,-86.927447,167.53300000000002,-0.008999999612569809,0.07900000363588333,0.05700000002980232,4,16
imu,1777665282.7649415,1600761257000,0.6830494999885559,1.1307704448699951,-9.739068031311035,-0.028054598718881607,-0.08364677429199219,-0.05046306177973747,40.4264119,-86.927447,167.53300000000002,-0.008999999612569809,0.07900000363588333,0.05700000002980232,4,16
imu,1777665282.768388,1600771257000,0.6473652124404907,1.0754534006118774,-9.623751640319824,-0.027268899604678154,-0.09121359139680862,-0.0618143230676651,40.4264119,-86.927447,167.53300000000002,-0.008999999612569809,0.07900000363588333,0.05700000002980232,4,16
imu,1777665282.7858152,1600781257000,0.6430740356445312,1.0121700763702393,-9.539054870605469,-0.029365399852395058,-0.08839115500450134,-0.07293478399515152,40.4264119,-86.927447,167.53300000000002,-0.008999999612569809,0.07900000363588333,0.05700000002980232,4,16
imu,1777665282.7904778,1600791257000,0.6867713928222656,1.022665023803711,-9.595050811767578,-0.032732680439949036,-0.08018162846565247,-0.07145179808139801,40.4264119,-86.927447,167.53300000000002,-0.008999999612569809,0.07900000363588333,0.05700000002980232,4,16
imu,1777665282.7974498,1600801257000,0.7776842713356018,1.0642716884613037,-9.676366806030273,-0.051075201481580734,-0.05805861949920654,-0.07318002730607986,40.4264119,-86.927447,167.53300000000002,-0.008999999612569809,0.07900000363588333,0.05700000002980232,4,16
imu,1777665282.8136876,1600811257000,0.8513328433036804,1.1468703746795654,-9.821918487548828,-0.0641038715839386,-0.04065881296992302,-0.06833387911319733,40.4264119,-86.927447,167.53300000000002,-0.008999999612569809,0.07900000363588333,0.05700000002980232,4,16
imu,1777665282.8182535,1600821257000,0.9482653737068176,1.091424822807312,-9.961638450622559,-0.07128966599702835,-0.03758450224995613,-0.058941856026649475,40.4264119,-86.927447,167.53300000000002,-0.008999999612569809,0.07900000363588333,0.05700000002980232,4,16
imu,1777665282.8354015,1600831257000,1.0104219913482666,1.0163730382919312,-10.01991081237793,-0.08607125282287598,-0.04844239726662636,-0.040453050285577774,40.4264119,-86.927447,167.53300000000002,-0.008999999612569809,0.07900000363588333,0.05700000002980232,4,16
imu,1777665282.8400078,1600841257000,1.201615810394287,1.055454969406128,-10.052190780639648,-0.09128568321466446,-0.06974007934331894,-0.023004963994026184,40.4264119,-86.927447,167.53300000000002,-0.008999999612569809,0.07900000363588333,0.05700000002980232,4,16
imu,1777665282.8480825,1600851257000,1.3812003135681152,1.1021205186843872,-10.117612838745117,-0.09369746595621109,-0.09028017520904541,-0.018562329933047295,40.426412,-86.9274464,167.446,0.06800000369548798,-0.013000000268220901,0.04100000113248825,4,16
imu,1777665282.864505,1600861257000,1.488290548324585,1.1492667198181152,-10.049789428710938,-0.08662595599889755,-0.11127613484859467,-0.04151906818151474,40.426412,-86.9274464,167.446,0.06800000369548798,-0.013000000268220901,0.04100000113248825,4,16
imu,1777665282.8690593,1600871257000,1.5129129886627197,1.210626482963562,-9.908038139343262,-0.07000519335269928,-0.1298515349626541,-0.07991483062505722,40.426412,-86.9274464,167.446,0.06800000369548798,-0.013000000268220901,0.04100000113248825,4,16
imu,1777665282.8866644,1600881257000,1.6289658546447754,1.2218358516693115,-9.754354476928711,-0.04518139734864235,-0.15222670137882233,-0.13013777136802673,40.426412,-86.9274464,167.446,0.06800000369548798,-0.013000000268220901,0.04100000113248825,4,16
imu,1777665282.8898323,1600891257000,1.6224229335784912,1.1017714738845825,-9.60306167602539,-0.031961049884557724,-0.16744409501552582,-0.18010762333869934,40.426412,-86.9274464,167.446,0.06800000369548798,-0.013000000268220901,0.04100000113248825,4,16
imu,1777665282.898823,1600901257000,1.6680042743682861,1.1534026861190796,-9.524709701538086,-0.010071689262986183,-0.16439545154571533,-0.21002012491226196,40.426412,-86.9274464,167.446,0.06800000369548798,-0.013000000268220901,0.04100000113248825,4,16
imu,1777665282.9150858,1600911257000,1.6924492120742798,1.1523373126983643,-9.418853759765625,0.025039270520210266,-0.16139979660511017,-0.23933497071266174,40.426412,-86.9274464,167.446,0.06800000369548798,-0.013000000268220901,0.04100000113248825,4,16
imu,1777665282.918919,1600921257000,1.7118136882781982,1.0868163108825684,-9.433037757873535,0.04522136226296425,-0.14704269170761108,-0.2605876922607422,40.426412,-86.9274464,167.446,0.06800000369548798,-0.013000000268220901,0.04100000113248825,4,16
imu,1777665282.935465,1600931257000,1.6895772218704224,1.0117855072021484,-9.344286918640137,0.059085581451654434,-0.1289844512939453,-0.28198540210723877,40.426412,-86.9274464,167.446,0.06800000369548798,-0.013000000268220901,0.04100000113248825,4,16
imu,1777665282.9398842,1600941257000,1.7138466835021973,0.9496611952781677,-9.336216926574707,0.07583729177713394,-0.1076263040304184,-0.3114371597766876,40.426412,-86.9274464,167.446,0.06800000369548798,-0.013000000268220901,0.04100000113248825,4,16
imu,1777665282.948887,1600951257000,1.4631445407867432,0.838246762752533,-9.26286506652832,0.0855802446603775,-0.09003271162509918,-0.34987321496009827,40.426412,-86.9274464,167.446,0.06800000369548798,-0.013000000268220901,0.04100000113248825,4,16
imu,1777665282.964684,1600961257000,1.482280969619751,0.444167822599411,-9.484845161437988,0.13720187544822693,-0.06734859943389893,-0.36739420890808105,40.426412,-86.9274464,167.446,0.06800000369548798,-0.013000000268220901,0.04100000113248825,4,16
imu,1777665282.9680796,1600971257000,1.2218154668807983,0.07649108022451401,-9.520499229431152,0.18107593059539795,-0.07235722243785858,-0.37566861510276794,40.426412,-86.9274464,167.446,0.06800000369548798,-0.013000000268220901,0.04100000113248825,4,16
imu,1777665282.9870958,1600981257000,1.1271591186523438,0.04214542359113693,-9.476122856140137,0.20564454793930054,-0.09019786864519119,-0.3407799005508423,40.426412,-86.9274464,167.446,0.06800000369548798,-0.013000000268220901,0.04100000113248825,4,16
imu,1777665282.9894164,1600991257000,0.940994918346405,0.10276133567094803,-9.273842811584473,0.21792249381542206,-0.09327294677495956,-0.3251665532588959,40.426412,-86.9274464,167.446,0.06800000369548798,-0.013000000268220901,0.04100000113248825,4,16
imu,1777665282.9984,1601001257000,0.7956414818763733,-0.008640151470899582,-9.293960571289062,0.2293987274169922,-0.07110769301652908,-0.3140888214111328,40.426412,-86.9274464,167.446,0.06800000369548798,-0.013000000268220901,0.04100000113248825,4,16
imu,1777665283.0150075,1601011257000,0.5973424911499023,-0.1518654227256775,-9.334376335144043,0.196213960647583,-0.00864437036216259,-0.3143012225627899,40.426412,-86.9274464,167.446,0.06800000369548798,-0.013000000268220901,0.04100000113248825,4,16
imu,1777665283.0183086,1601021257000,0.35678890347480774,-0.3321830928325653,-9.458367347717285,0.13984841108322144,0.04948228597640991,-0.2820081412792206,40.426412,-86.9274464,167.446,0.06800000369548798,-0.013000000268220901,0.04100000113248825,4,16
imu,1777665283.0360703,1601031257000,0.14240430295467377,-0.48778417706489563,-9.614248275756836,0.06028908118605614,0.10419374704360962,-0.2222236543893814,40.426412,-86.9274464,167.446,0.06800000369548798,-0.013000000268220901,0.04100000113248825,4,16
imu,1777665283.039591,1601041257000,0.045847088098526,-0.6008319854736328,-9.758766174316406,-0.011079838499426842,0.14917884767055511,-0.14041799306869507,40.426412,-86.9274464,167.446,0.06800000369548798,-0.013000000268220901,0.04100000113248825,4,16
imu,1777665283.0505989,1601051257000,-0.21173787117004395,-0.7539808750152588,-9.838835716247559,-0.07141879945993423,0.1751052588224411,-0.06361980736255646,40.4264119,-86.92744599999999,167.424,0.06700000166893005,-0.2409999966621399,-0.035999998450279236,4,16
imu,1777665283.0662603,1601061257000,-0.3050651252269745,-0.6428269743919373,-9.916165351867676,-0.10465081036090851,0.17424221336841583,0.004176554270088673,40.4264119,-86.92744599999999,167.424,0.06700000166893005,-0.2409999966621399,-0.035999998450279236,4,16
imu,1777665283.0706892,1601071257000,-0.3039058446884155,-0.5910738706588745,-10.099871635437012,-0.1258748173713684,0.17352810502052307,0.054231204092502594,40.4264119,-86.92744599999999,167.424,0.06700000166893005,-0.2409999966621399,-0.035999998450279236,4,16
imu,1777665283.086216,1601081257000,-0.5444714426994324,-0.5018308758735657,-10.147467613220215,-0.15120337903499603,0.18369553983211517,0.09520336240530014,40.4264119,-86.92744599999999,167.424,0.06700000166893005,-0.2409999966621399,-0.035999998450279236,4,16
imu,1777665283.0897593,1601091257000,-0.5930890440940857,-0.4161794185638428,-10.098133087158203,-0.15452587604522705,0.16434593498706818,0.12823107838630676,40.4264119,-86.92744599999999,167.424,0.06700000166893005,-0.2409999966621399,-0.035999998450279236,4,16
imu,1777665283.0988142,1601101257000,-0.532417356967926,-0.36568987369537354,-10.052319526672363,-0.13774403929710388,0.14153842628002167,0.1562446802854538,40.4264119,-86.92744599999999,167.424,0.06700000166893005,-0.2409999966621399,-0.035999998450279236,4,16
imu,1777665283.1142461,1601111257000,-0.7680990099906921,-0.3923121392726898,-10.011625289916992,-0.14341887831687927,0.14222902059555054,0.1908518522977829,40.4264119,-86.92744599999999,167.424,0.06700000166893005,-0.2409999966621399,-0.035999998450279236,4,16
imu,1777665283.1188204,1601121257000,-0.6495392918586731,-0.2871183454990387,-10.026899337768555,-0.1223534494638443,0.13429488241672516,0.2406797856092453,40.4264119,-86.92744599999999,167.424,0.06700000166893005,-0.2409999966621399,-0.035999998450279236,4,16
imu,1777665283.1368258,1601131257000,-0.5537623167037964,-0.3122580051422119,-10.240018844604492,-0.11952716112136841,0.13607831299304962,0.2902792692184448,40.4264119,-86.92744599999999,167.424,0.06700000166893005,-0.2409999966621399,-0.035999998450279236,4,16
imu,1777665283.1389623,1601141257000,-0.46538183093070984,-0.08300799876451492,-10.457114219665527,-0.1584055870771408,0.15520192682743073,0.33142879605293274,40.4264119,-86.92744599999999,167.424,0.06700000166893005,-0.2409999966621399,-0.035999998450279236,4,16
imu,1777665283.1491907,1601151257000,-0.4158269166946411,0.1794935166835785,-10.563689231872559,-0.1745700240135193,0.153219535946846,0.3440375328063965,40.4264119,-86.92744599999999,167.424,0.06700000166893005,-0.2409999966621399,-0.035999998450279236,4,16
imu,1777665283.164394,1601161257000,-0.34604352712631226,0.256305456161499,-10.550128936767578,-0.17475800216197968,0.11740792542695999,0.34835997223854065,40.4264119,-86.92744599999999,167.424,0.06700000166893005,-0.2409999966621399,-0.035999998450279236,4,16
imu,1777665283.1689167,1601171257000,-0.39866578578948975,0.24453112483024597,-10.416821479797363,-0.16567985713481903,0.07277994602918625,0.3607054650783539,40.4264119,-86.92744599999999,167.424,0.06700000166893005,-0.2409999966621399,-0.035999998450279236,4,16
imu,1777665283.1868925,1601181257000,-0.43719959259033203,0.37390777468681335,-10.211499214172363,-0.11857908964157104,0.014403426088392735,0.38561514019966125,40.4264119,-86.92744599999999,167.424,0.06700000166893005,-0.2409999966621399,-0.035999998450279236,4,16
imu,1777665283.1889932,1601191257000,-0.47348272800445557,0.37062937021255493,-10.053038597106934,-0.05269063636660576,-0.025981681421399117,0.410473108291626,40.4264119,-86.92744599999999,167.424,0.06700000166893005,-0.2409999966621399,-0.035999998450279236,4,16
imu,1777665283.1981447,1601201256000,-0.43279582262039185,0.5993142127990723,-9.883637428283691,0.024297701194882393,-0.050249408930540085,0.42908400297164917,40.4264119,-86.92744599999999,167.424,0.06700000166893005,-0.2409999966621399,-0.035999998450279236,4,16
imu,1777665283.2140956,1601211257000,-0.4244680106639862,0.7755837440490723,-9.773955345153809,0.12098511308431625,-0.0762975886464119,0.4299926459789276,40.4264119,-86.92744599999999,167.424,0.06700000166893005,-0.2409999966621399,-0.035999998450279236,4,16
imu,1777665283.2190773,1601221257000,-0.38059183955192566,0.8725587725639343,-9.649279594421387,0.18150433897972107,-0.07445044815540314,0.4069197177886963,40.4264119,-86.92744599999999,167.424,0.06700000166893005,-0.2409999966621399,-0.035999998450279236,4,16
imu,1777665283.2369654,1601231257000,-0.22418642044067383,0.8363255262374878,-9.634647369384766,0.23202231526374817,-0.0682893916964531,0.3817279040813446,40.4264119,-86.92744599999999,167.424,0.06700000166893005,-0.2409999966621399,-0.035999998450279236,4,16
imu,1777665283.2391522,1601241257000,-0.22857028245925903,0.8563686013221741,-9.657111167907715,0.2578941285610199,-0.06116006150841713,0.35186392068862915,40.4264119,-86.92744599999999,167.424,0.06700000166893005,-0.2409999966621399,-0.035999998450279236,4,16
imu,1777665283.2482734,1601251257000,-0.2541545629501343,0.7396400570869446,-9.694315910339355,0.2607409954071045,-0.06060168519616127,0.33360061049461365,40.426411699999996,-86.9274464,167.413,-0.04800000041723251,-0.3160000145435333,-0.07000000029802322,4,15
imu,1777665283.2643,1601261257000,-0.24522310495376587,0.5634950399398804,-9.861665725708008,0.23137114942073822,-0.052508048713207245,0.34087350964546204,40.426411699999996,-86.9274464,167.413,-0.04800000041723251,-0.3160000145435333,-0.07000000029802322,4,15
imu,1777665283.2687619,1601271257000,-0.29833677411079407,0.5298606157302856,-9.863201141357422,0.2037470042705536,-0.05426543578505516,0.38125815987586975,40.426411699999996,-86.9274464,167.413,-0.04800000041723251,-0.3160000145435333,-0.07000000029802322,4,15
imu,1777665283.286899,1601281257000,-0.330623596906662,0.43501681089401245,-9.798282623291016,0.18934795260429382,-0.07142108678817749,0.41937342286109924,40.426411699999996,-86.9274464,167.413,-0.04800000041723251,-0.3160000145435333,-0.07000000029802322,4,15
imu,1777665283.2890894,1601291257000,-0.27242565155029297,0.4389187693595886,-9.709861755371094,0.15579146146774292,-0.0815279558300972,0.45445698499679565,40.426411699999996,-86.9274464,167.413,-0.04800000041723251,-0.3160000145435333,-0.07000000029802322,4,15
imu,1777665283.2979462,1601301257000,-0.34072619676589966,0.46841609477996826,-9.633220672607422,0.13082441687583923,-0.07493405044078827,0.4798091650009155,40.426411699999996,-86.9274464,167.413,-0.04800000041723251,-0.3160000145435333,-0.07000000029802322,4,15
imu,1777665283.3147938,1601311257000,-0.2692549526691437,0.671760618686676,-9.550033569335938,0.13023199141025543,-0.0671302005648613,0.5009346604347229,40.426411699999996,-86.9274464,167.413,-0.04800000041723251,-0.3160000145435333,-0.07000000029802322,4,15
imu,1777665283.3182013,1601321257000,-0.10672543942928314,0.8300093412399292,-9.551599502563477,0.15467287600040436,-0.051353469491004944,0.5026604533195496,40.426411699999996,-86.9274464,167.413,-0.04800000041723251,-0.3160000145435333,-0.07000000029802322,4,15
imu,1777665283.3361802,1601331257000,-0.05979432538151741,0.8258139491081238,-9.477987289428711,0.18360505998134613,-0.04084625840187073,0.4843112826347351,40.426411699999996,-86.9274464,167.413,-0.04800000041723251,-0.3160000145435333,-0.07000000029802322,4,15
imu,1777665283.3393402,1601341257000,-0.09566880762577057,0.6485443115234375,-9.72010612487793,0.1697216033935547,-0.01342157181352377,0.47049468755722046,40.426411699999996,-86.9274464,167.413,-0.04800000041723251,-0.3160000145435333,-0.07000000029802322,4,15
imu,1777665283.3484738,1601351257000,-0.16061833500862122,0.5550642609596252,-9.86048698425293,0.11949138343334198,0.008185855112969875,0.47648298740386963,40.426411699999996,-86.9274464,167.413,-0.04800000041723251,-0.3160000145435333,-0.07000000029802322,4,15
imu,1777665283.364124,1601361257000,-0.1695745438337326,0.5350223183631897,-9.90627670288086,0.04932013526558876,0.025381198152899742,0.4989311695098877,40.426411699999996,-86.9274464,167.413,-0.04800000041723251,-0.3160000145435333,-0.07000000029802322,4,15
imu,1777665283.36864,1601371257000,-0.24948938190937042,0.5292544960975647,-9.96773910522461,0.013533240184187889,0.01909806579351425,0.5240329504013062,40.426411699999996,-86.9274464,167.413,-0.04800000041723251,-0.3160000145435333,-0.07000000029802322,4,15
imu,1777665283.3864872,1601381257000,-0.23201370239257812,0.4965192377567291,-9.831132888793945,0.00523551506921649,0.0016083072405308485,0.5418838858604431,40.426411699999996,-86.9274464,167.413,-0.04800000041723251,-0.3160000145435333,-0.07000000029802322,4,15
imu,1777665283.388769,1601391257000,-0.20097503066062927,0.4599272906780243,-9.743896484375,0.02676219865679741,-0.020051762461662292,0.544568657875061,40.426411699999996,-86.9274464,167.413,-0.04800000041723251,-0.3160000145435333,-0.07000000029802322,4,15
imu,1777665283.3987648,1601401257000,-0.02551596611738205,0.41859909892082214,-9.759904861450195,0.08799529820680618,-0.03537287190556526,0.5302531719207764,40.426411699999996,-86.9274464,167.413,-0.04800000041723251,-0.3160000145435333,-0.07000000029802322,4,15
imu,1777665283.4143314,1601411256000,-0.04256543144583702,0.25205740332603455,-9.849109649658203,0.13303902745246887,-0.030105752870440483,0.49164289236068726,40.426411699999996,-86.9274464,167.413,-0.04800000041723251,-0.3160000145435333,-0.07000000029802322,4,15
imu,1777665283.4175944,1601421257000,-0.13550418615341187,-0.11062544584274292,-10.038156509399414,0.1454486846923828,-0.018041836097836494,0.4750256836414337,40.426411699999996,-86.9274464,167.413,-0.04800000041723251,-0.3160000145435333,-0.07000000029802322,4,15
imu,1777665283.4358587,1601431257000,-0.3271423876285553,-0.3105679452419281,-10.266487121582031,0.11693846434354782,-0.010790262371301651,0.5103888511657715,40.426411699999996,-86.9274464,167.413,-0.04800000041723251,-0.3160000145435333,-0.07000000029802322,4,15
imu,1777665283.4392188,1601441257000,-0.3514310121536255,-0.3625277280807495,-10.340492248535156,0.03688172623515129,-0.019946889951825142,0.5906211137771606,40.426411699999996,-86.9274464,167.413,-0.04800000041723251,-0.3160000145435333,-0.07000000029802322,4,15
imu,1777665283.4482877,1601451257000,-0.2821022570133209,-0.30104994773864746,-10.347431182861328,-0.10782540589570999,-0.03745042905211449,0.6789816617965698,40.426411699999996,-86.9274468,167.349,-0.29899999499320984,-0.1509999930858612,-0.09200000017881393,4,15
imu,1777665283.4638953,1601461257000,-0.1219823807477951,0.041345588862895966,-10.15037727355957,-0.22061476111412048,-0.050810426473617554,0.724203884601593,40.426411699999996,-86.9274468,167.349,-0.29899999499320984,-0.1509999930858612,-0.09200000017881393,4,15
imu,1777665283.4681802,1601471257000,0.3775081932544708,0.1276177018880844,-9.969714164733887,-0.27487415075302124,-0.09697549045085907,0.7313640713691711,40.426411699999996,-86.9274468,167.349,-0.29899999499320984,-0.1509999930858612,-0.09200000017881393,4,15
imu,1777665283.4862423,1601481257000,0.12123530358076096,0.28933078050613403,-9.901219367980957,-0.19429634511470795,-0.09151192009449005,0.6596798300743103,40.426411699999996,-86.9274468,167.349,-0.29899999499320984,-0.1509999930858612,-0.09200000017881393,4,15
imu,1777665283.489524,1601491257000,0.3167603313922882,0.03634212911128998,-9.871469497680664,-0.10612258315086365,-0.08614791184663773,0.6033403873443604,40.426411699999996,-86.9274468,167.349,-0.29899999499320984,-0.1509999930858612,-0.09200000017881393,4,15
imu,1777665283.4986458,1601501257000,0.45164668560028076,-0.32046347856521606,-9.925990104675293,-0.019422154873609543,-0.07107485830783844,0.5586085915565491,40.426411699999996,-86.9274468,167.349,-0.29899999499320984,-0.1509999930858612,-0.09200000017881393,4,15
imu,1777665283.5143514,1601511257000,0.18327736854553223,-0.4588412046432495,-10.082494735717773,0.10899454355239868,-0.052435342222452164,0.5372814536094666,40.426411699999996,-86.9274468,167.349,-0.29899999499320984,-0.1509999930858612,-0.09200000017881393,4,15
imu,1777665283.5176454,1601521257000,0.36859601736068726,-0.8486465811729431,-10.128273963928223,0.20810848474502563,-0.05110999941825867,0.5039817094802856,40.426411699999996,-86.9274468,167.349,-0.29899999499320984,-0.1509999930858612,-0.09200000017881393,4,15
imu,1777665283.535761,1601531257000,0.19936329126358032,-1.0659325122833252,-10.190195083618164,0.18721282482147217,-0.04738495126366615,0.49088719487190247,40.426411699999996,-86.9274468,167.349,-0.29899999499320984,-0.1509999930858612,-0.09200000017881393,4,15
imu,1777665283.5401833,1601541257000,0.23483334481716156,-1.076557993888855,-10.265607833862305,0.07063683867454529,-0.03924374654889107,0.5635533928871155,40.426411699999996,-86.9274468,167.349,-0.29899999499320984,-0.1509999930858612,-0.09200000017881393,4,15
imu,1777665283.54804,1601551257000,-0.010454254224896431,-1.0997710227966309,-10.335741996765137,-0.04042941704392433,-0.024490956217050552,0.6234899163246155,40.426411699999996,-86.9274468,167.349,-0.29899999499320984,-0.1509999930858612,-0.09200000017881393,4,15
imu,1777665283.5635962,1601561257000,0.039445869624614716,-1.0923728942871094,-10.302268981933594,-0.1417677104473114,-0.03245573863387108,0.6791234016418457,40.426411699999996,-86.9274468,167.349,-0.29899999499320984,-0.1509999930858612,-0.09200000017881393,4,15
imu,1777665283.5681512,1601571257000,0.0069268434308469296,-1.0582581758499146,-9.97969913482666,-0.16662311553955078,-0.0687381699681282,0.7284287810325623,40.426411699999996,-86.9274468,167.349,-0.29899999499320984,-0.1509999930858612,-0.09200000017881393,4,15
imu,1777665283.5861485,1601581257000,0.022565174847841263,-0.8617238402366638,-9.667057991027832,-0.06741973757743835,-0.1190519705414772,0.7546310424804688,40.426411699999996,-86.9274468,167.349,-0.29899999499320984,-0.1509999930858612,-0.09200000017881393,4,15
imu,1777665283.5895317,1601591257000,0.08871114253997803,-1.1085922718048096,-9.50373649597168,0.07869654148817062,-0.15581420063972473,0.7352458834648132,40.426411699999996,-86.9274468,167.349,-0.29899999499320984,-0.1509999930858612,-0.09200000017881393,4,15
imu,1777665283.597521,1601601257000,-0.04319662228226662,-1.2062233686447144,-9.432413101196289,0.19158285856246948,-0.15555439889431,0.6970268487930298,40.426411699999996,-86.9274468,167.349,-0.29899999499320984,-0.1509999930858612,-0.09200000017881393,4,15
imu,1777665283.6140583,1601611257000,-0.15112856030464172,-1.2949191331863403,-9.415287017822266,0.2726028263568878,-0.13794271647930145,0.6668608784675598,40.426411699999996,-86.9274468,167.349,-0.29899999499320984,-0.1509999930858612,-0.09200000017881393,4,15
imu,1777665283.6174254,1601621256000,-0.14502817392349243,-1.508339285850525,-9.383426666259766,0.2760968506336212,-0.11207598447799683,0.6656912565231323,40.426411699999996,-86.9274468,167.349,-0.29899999499320984,-0.1509999930858612,-0.09200000017881393,4,15
imu,1777665283.6355042,1601631257000,-0.376435786485672,-1.4398642778396606,-9.33227252960205,0.26504191756248474,-0.05726020783185959,0.7084835171699524,40.426411699999996,-86.9274468,167.349,-0.29899999499320984,-0.1509999930858612,-0.09200000017881393,4,15
imu,1777665283.6398244,1601641257000,-0.20871341228485107,-1.124584674835205,-9.274044036865234,0.29683876037597656,-0.042225006967782974,0.7513095736503601,40.426411699999996,-86.9274468,167.349,-0.29899999499320984,-0.1509999930858612,-0.09200000017881393,4,15
imu,1777665283.6477113,1601651257000,-0.1091187447309494,-0.9860226511955261,-9.239347457885742,0.32879477739334106,-0.042641203850507736,0.7657590508460999,40.4264125,-86.9274477,167.30100000000002,-0.23399999737739563,-0.40799999237060547,-0.31700000166893005,4,15
imu,1777665283.6644237,1601661257000,-0.33888521790504456,-1.0052319765090942,-9.110215187072754,0.3433358073234558,-0.041760943830013275,0.7510710954666138,40.4264125,-86.9274477,167.30100000000002,-0.23399999737739563,-0.40799999237060547,-0.31700000166893005,4,15
imu,1777665283.6676893,1601671257000,-0.1761367917060852,-1.2657098770141602,-9.041304588317871,0.4087274968624115,-0.03214527666568756,0.7176283597946167,40.4264125,-86.9274477,167.30100000000002,-0.23399999737739563,-0.40799999237060547,-0.31700000166893005,4,15
imu,1777665283.6856275,1601681257000,-0.45358455181121826,-1.4613807201385498,-8.796954154968262,0.5193242430686951,-0.032699305564165115,0.6846026182174683,40.4264125,-86.9274477,167.30100000000002,-0.23399999737739563,-0.40799999237060547,-0.31700000166893005,4,15
imu,1777665283.6899645,1601691257000,-0.42884546518325806,-1.555729627609253,-8.728806495666504,0.671506941318512,-0.04143205285072327,0.6661650538444519,40.4264125,-86.9274477,167.30100000000002,-0.23399999737739563,-0.40799999237060547,-0.31700000166893005,4,15
imu,1777665283.6977978,1601701257000,-0.3741949498653412,-1.566879153251648,-8.882061958312988,0.7425942420959473,-0.01599174737930298,0.6616342663764954,40.4264125,-86.9274477,167.30100000000002,-0.23399999737739563,-0.40799999237060547,-0.31700000166893005,4,15
imu,1777665283.7134523,1601711257000,-0.5031163096427917,-1.7250884771347046,-9.104802131652832,0.685883641242981,0.05128786712884903,0.6692988872528076,40.4264125,-86.9274477,167.30100000000002,-0.23399999737739563,-0.40799999237060547,-0.31700000166893005,4,15
imu,1777665283.7180655,1601721257000,-0.5592741370201111,-1.899436116218567,-9.415521621704102,0.5394077301025391,0.13096265494823456,0.68773353099823,40.4264125,-86.9274477,167.30100000000002,-0.23399999737739563,-0.40799999237060547,-0.31700000166893005,4,15
imu,1777665283.7362344,1601731257000,-0.9793955087661743,-2.1790771484375,-9.61013412475586,0.41185227036476135,0.20877137780189514,0.7337020039558411,40.4264125,-86.9274477,167.30100000000002,-0.23399999737739563,-0.40799999237060547,-0.31700000166893005,4,15
imu,1777665283.7397869,1601741257000,-0.9508388638496399,-1.9250694513320923,-9.785006523132324,0.3617161214351654,0.2200186848640442,0.8314021229743958,40.4264125,-86.9274477,167.30100000000002,-0.23399999737739563,-0.40799999237060547,-0.31700000166893005,4,15
imu,1777665283.7487946,1601751257000,-0.8784260749816895,-1.5456796884536743,-9.982035636901855,0.3276419937610626,0.2047823667526245,0.9507975578308105,40.4264125,-86.9274477,167.30100000000002,-0.23399999737739563,-0.40799999237060547,-0.31700000166893005,4,15
imu,1777665283.7646043,1601761257000,-1.1071404218673706,-0.9591125845909119,-9.979716300964355,0.2897545397281647,0.1880449801683426,1.0694938898086548,40.4264125,-86.9274477,167.30100000000002,-0.23399999737739563,-0.40799999237060547,-0.31700000166893005,4,15
imu,1777665283.7679427,1601771257000,-0.8366233706474304,-0.3517884612083435,-9.958434104919434,0.2830522358417511,0.15828412771224976,1.1256071329116821,40.4264125,-86.9274477,167.30100000000002,-0.23399999737739563,-0.40799999237060547,-0.31700000166893005,4,15
imu,1777665283.7863295,1601781257000,-0.8694031834602356,0.09801661223173141,-9.790013313293457,0.26130568981170654,0.15273447334766388,1.093941569328308,40.4264125,-86.9274477,167.30100000000002,-0.23399999737739563,-0.40799999237060547,-0.31700000166893005,4,15
imu,1777665283.7897203,1601791257000,-0.7601836323738098,0.5380510091781616,-9.684721946716309,0.2931594252586365,0.1461239606142044,0.9711470603942871,40.4264125,-86.9274477,167.30100000000002,-0.23399999737739563,-0.40799999237060547,-0.31700000166893005,4,15
imu,1777665283.7976189,1601801257000,-1.1258260011672974,0.04612502455711365,-9.881221771240234,0.36999696493148804,0.1504567712545395,0.8673062920570374,40.4264125,-86.9274477,167.30100000000002,-0.23399999737739563,-0.40799999237060547,-0.31700000166893005,4,15
imu,1777665283.8147097,1601811257000,-1.5730576515197754,-0.35676640272140503,-9.961796760559082,0.4552195966243744,0.17303070425987244,0.7680957317352295,40.4264125,-86.9274477,167.30100000000002,-0.23399999737739563,-0.40799999237060547,-0.31700000166893005,4,15
imu,1777665283.8192255,1601821257000,-1.8641901016235352,-0.23168417811393738,-9.783686637878418,0.5551937222480774,0.16525910794734955,0.7494246363639832,40.4264125,-86.9274477,167.30100000000002,-0.23399999737739563,-0.40799999237060547,-0.31700000166893005,4,15
imu,1777665283.8363833,1601831256000,-1.8909186124801636,-0.21487471461296082,-9.766073226928711,0.5745211243629456,0.12676729261875153,0.7756265997886658,40.4264125,-86.9274477,167.30100000000002,-0.23399999737739563,-0.40799999237060547,-0.31700000166893005,4,15
imu,1777665283.8399863,1601841257000,-2.145629405975342,-0.2679363191127777,-9.886475563049316,0.43603774905204773,0.16230659186840057,0.8526222705841064,40.4264125,-86.9274477,167.30100000000002,-0.23399999737739563,-0.40799999237060547,-0.31700000166893005,4,15
imu,1777665283.848832,1601851257000,-1.9998836517333984,0.3295420706272125,-9.67470645904541,0.2741979956626892,0.19540520012378693,0.9422030448913574,40.4264137,-86.9274485,167.01500000000001,-0.4830000102519989,-0.10999999940395355,0.04399999976158142,4,15
imu,1777665283.8646803,1601861257000,-1.7060121297836304,0.5816314816474915,-9.724742889404297,0.2611289322376251,0.16161946952342987,0.8873060345649719,40.4264137,-86.9274485,167.01500000000001,-0.4830000102519989,-0.10999999940395355,0.04399999976158142,4,15
imu,1777665283.8691318,1601871257000,-1.9916424751281738,0.9922110438346863,-9.742860794067383,0.2857184410095215,0.129354327917099,0.7924033403396606,40.4264137,-86.9274485,167.01500000000001,-0.4830000102519989,-0.10999999940395355,0.04399999976158142,4,15
imu,1777665283.8860095,1601881257000,-1.9123305082321167,0.9524836540222168,-9.928275108337402,0.3915261924266815,0.11704576760530472,0.6746531128883362,40.4264137,-86.9274485,167.01500000000001,-0.4830000102519989,-0.10999999940395355,0.04399999976158142,4,15
imu,1777665283.8892589,1601891257000,-2.1082935333251953,0.4287576973438263,-10.273503303527832,0.4895785450935364,0.13743069767951965,0.5919517278671265,40.4264137,-86.9274485,167.01500000000001,-0.4830000102519989,-0.10999999940395355,0.04399999976158142,4,15
imu,1777665283.8981922,1601901257000,-2.278012752532959,0.8545727133750916,-10.919836044311523,0.508324921131134,0.18575304746627808,0.5434072017669678,40.4264137,-86.9274485,167.01500000000001,-0.4830000102519989,-0.10999999940395355,0.04399999976158142,4,15
imu,1777665283.9150896,1601911257000,-1.9962714910507202,1.5304447412490845,-11.164920806884766,0.5179831981658936,0.18740394711494446,0.5017679333686829,40.4264137,-86.9274485,167.01500000000001,-0.4830000102519989,-0.10999999940395355,0.04399999976158142,4,15
imu,1777665283.918559,1601921257000,-2.080355167388916,1.540295958518982,-11.363556861877441,0.5518752932548523,0.10182474553585052,0.4004363417625427,40.4264137,-86.9274485,167.01500000000001,-0.4830000102519989,-0.10999999940395355,0.04399999976158142,4,15
imu,1777665283.9365227,1601931257000,-2.124418258666992,1.4344266653060913,-11.144909858703613,0.5554711222648621,-0.023366238921880722,0.27907001972198486,40.4264137,-86.9274485,167.01500000000001,-0.4830000102519989,-0.10999999940395355,0.04399999976158142,4,15
imu,1777665283.9396753,1601941257000,-2.1065826416015625,1.0990644693374634,-10.82327651977539,0.49596497416496277,-0.15229038894176483,0.16505920886993408,40.4264137,-86.9274485,167.01500000000001,-0.4830000102519989,-0.10999999940395355,0.04399999976158142,4,15
imu,1777665283.9485674,1601951257000,-2.299257278442383,0.445900022983551,-10.377965927124023,0.3384250998497009,-0.23336449265480042,0.09892618656158447,40.4264137,-86.9274485,167.01500000000001,-0.4830000102519989,-0.10999999940395355,0.04399999976158142,4,15
imu,1777665283.9642963,1601961257000,-2.4402670860290527,-0.09748438745737076,-9.681076049804688,0.2256549447774887,-0.27581900358200073,0.13443246483802795,40.4264137,-86.9274485,167.01500000000001,-0.4830000102519989,-0.10999999940395355,0.04399999976158142,4,15
imu,1777665283.968964,1601971257000,-2.5867602825164795,-0.44980108737945557,-9.141799926757812,0.19700302183628082,-0.29021602869033813,0.24654169380664825,40.4264137,-86.9274485,167.01500000000001,-0.4830000102519989,-0.10999999940395355,0.04399999976158142,4,15
imu,1777665283.986576,1601981257000,-2.4992408752441406,-0.48799824714660645,-8.850953102111816,0.14714907109737396,-0.25636038184165955,0.3942083418369293,40.4264137,-86.9274485,167.01500000000001,-0.4830000102519989,-0.10999999940395355,0.04399999976158142,4,15
imu,1777665283.9899328,1601991257000,-2.5159435272216797,-0.2811657190322876,-8.71336555480957,0.09790955483913422,-0.21356649696826935,0.5336174964904785,40.4264137,-86.9274485,167.01500000000001,-0.4830000102519989,-0.10999999940395355,0.04399999976158142,4,15
imu,1777665283.9987328,1602001257000,-2.3278727531433105,0.17469525337219238,-9.011209487915039,-0.003062543924897909,-0.1357472538948059,0.6390875577926636,40.4264137,-86.9274485,167.01500000000001,-0.4830000102519989,-0.10999999940395355,0.04399999976158142,4,15
imu,1777665284.0143542,1602011257000,-2.237992286682129,0.8030349612236023,-9.308326721191406,-0.09674698859453201,-0.09185893088579178,0.6750010848045349,40.4264137,-86.9274485,167.01500000000001,-0.4830000102519989,-0.10999999940395355,0.04399999976158142,4,15
imu,1777665284.0190299,1602021257000,-2.0894315242767334,1.4678223133087158,-9.372875213623047,-0.18656648695468903,-0.08930633962154388,0.6373820900917053,40.4264137,-86.9274485,167.01500000000001,-0.4830000102519989,-0.10999999940395355,0.04399999976158142,4,15
imu,1777665284.0369816,1602031257000,-1.8300848007202148,1.9196616411209106,-9.363973617553711,-0.20277190208435059,-0.1010238453745842,0.5125192999839783,40.4264137,-86.9274485,167.01500000000001,-0.4830000102519989,-0.10999999940395355,0.04399999976158142,4,15
imu,1777665284.0393221,1602041256000,-2.217790126800537,1.4859790802001953,-9.093643188476562,-0.14282235503196716,-0.10569190979003906,0.4149557054042816,40.4264137,-86.9274485,167.01500000000001,-0.4830000102519989,-0.10999999940395355,0.04399999976158142,4,15
imu,1777665284.0505052,1602051257000,-2.3291592597961426,1.2875759601593018,-8.840309143066406,-0.025539251044392586,-0.08245154470205307,0.4041254222393036,40.4264146,-86.9274495,166.689,-0.6029999852180481,0.04600000008940697,-0.23100000619888306,4,16
imu,1777665284.0662606,1602061257000,-2.4019198417663574,1.3067686557769775,-8.852374076843262,0.0946732759475708,0.003364879870787263,0.40606483817100525,40.4264146,-86.9274495,166.689,-0.6029999852180481,0.04600000008940697,-0.23100000619888306,4,16
imu,1777665284.0707443,1602071257000,-2.16066312789917,1.5173101425170898,-9.121164321899414,0.25926464796066284,0.037581585347652435,0.41407182812690735,40.4264146,-86.9274495,166.689,-0.6029999852180481,0.04600000008940697,-0.23100000619888306,4,16
imu,1777665284.0864537,1602081257000,-2.0622565746307373,1.3555527925491333,-9.459098815917969,0.2984040379524231,0.08017122745513916,0.4018505811691284,40.4264146,-86.9274495,166.689,-0.6029999852180481,0.04600000008940697,-0.23100000619888306,4,16
imu,1777665284.089733,1602091257000,-1.658010482788086,1.6317869424819946,-9.889533042907715,0.21518509089946747,0.12020067870616913,0.40048348903656006,40.4264146,-86.9274495,166.689,-0.6029999852180481,0.04600000008940697,-0.23100000619888306,4,16
imu,1777665284.098736,1602101257000,-1.4499486684799194,2.0935821533203125,-10.248727798461914,0.10449119657278061,0.13003908097743988,0.3376191556453705,40.4264146,-86.9274495,166.689,-0.6029999852180481,0.04600000008940697,-0.23100000619888306,4,16
imu,1777665284.1141393,1602111257000,-1.3161827325820923,2.398092269897461,-10.316649436950684,0.01800019107758999,0.11094312369823456,0.22613276541233063,40.4264146,-86.9274495,166.689,-0.6029999852180481,0.04600000008940697,-0.23100000619888306,4,16
imu,1777665284.1187627,1602121257000,-1.2853288650512695,2.2778232097625732,-10.460104942321777,-0.04287657514214516,0.05916151776909828,0.1190921887755394,40.4264146,-86.9274495,166.689,-0.6029999852180481,0.04600000008940697,-0.23100000619888306,4,16
imu,1777665284.1366816,1602131257000,-1.4468896389007568,1.927499532699585,-10.583524703979492,-0.07103215157985687,0.03279012069106102,0.05468158796429634,40.4264146,-86.9274495,166.689,-0.6029999852180481,0.04600000008940697,-0.23100000619888306,4,16
imu,1777665284.138776,1602141257000,-1.4993016719818115,1.6170730590820312,-10.396882057189941,-0.02229209803044796,0.014286935329437256,0.0486801452934742,40.4264146,-86.9274495,166.689,-0.6029999852180481,0.04600000008940697,-0.23100000619888306,4,16
imu,1777665284.14886,1602151257000,-1.312430500984192,1.6059811115264893,-10.400683403015137,0.05214238911867142,-0.0515330508351326,0.08703914284706116,40.4264146,-86.9274495,166.689,-0.6029999852180481,0.04600000008940697,-0.23100000619888306,4,16
imu,1777665284.1645513,1602161257000,-1.06525456905365,1.6029586791992188,-10.4973726272583,0.021369170397520065,-0.04617324471473694,0.0901527851819992,40.4264146,-86.9274495,166.689,-0.6029999852180481,0.04600000008940697,-0.23100000619888306,4,16
imu,1777665284.168887,1602171257000,-0.9312807321548462,1.4935362339019775,-10.6235990524292,-0.016503257676959038,-0.046917982399463654,0.0777425691485405,40.4264146,-86.9274495,166.689,-0.6029999852180481,0.04600000008940697,-0.23100000619888306,4,16
imu,1777665284.1869276,1602181257000,-0.8160659670829773,1.3668917417526245,-10.579609870910645,-0.019607068970799446,-0.04697258025407791,0.07971878349781036,40.4264146,-86.9274495,166.689,-0.6029999852180481,0.04600000008940697,-0.23100000619888306,4,16
imu,1777665284.189194,1602191257000,-0.7439701557159424,1.1671279668807983,-10.604610443115234,-0.020214742049574852,-0.07470954209566116,0.11945106089115143,40.4264146,-86.9274495,166.689,-0.6029999852180481,0.04600000008940697,-0.23100000619888306,4,16
imu,1777665284.1979654,1602201257000,-0.5415188670158386,1.1427499055862427,-10.772171974182129,-0.12942612171173096,-0.12036643177270889,0.20308274030685425,40.4264146,-86.9274495,166.689,-0.6029999852180481,0.04600000008940697,-0.23100000619888306,4,16
imu,1777665284.2137966,1602211257000,-0.5164891481399536,1.5310720205307007,-10.874124526977539,-0.22172990441322327,-0.10837411880493164,0.23702485859394073,40.4264146,-86.9274495,166.689,-0.6029999852180481,0.04600000008940697,-0.23100000619888306,4,16
imu,1777665284.2182949,1602221257000,-0.46883460879325867,1.934616208076477,-10.899700164794922,-0.30346816778182983,-0.17039594054222107,0.2423134446144104,40.4264146,-86.9274495,166.689,-0.6029999852180481,0.04600000008940697,-0.23100000619888306,4,16
imu,1777665284.2366314,1602231257000,-0.20647163689136505,2.2517428398132324,-10.777206420898438,-0.33804404735565186,-0.2579594552516937,0.19507996737957,40.4264146,-86.9274495,166.689,-0.6029999852180481,0.04600000008940697,-0.23100000619888306,4,16
imu,1777665284.2397969,1602241257000,-0.1250058114528656,2.339251756668091,-10.642342567443848,-0.37115123867988586,-0.2964826226234436,0.1152927428483963,40.4264146,-86.9274495,166.689,-0.6029999852180481,0.04600000008940697,-0.23100000619888306,4,16
imu,1777665284.2478828,1602251257000,-0.01973109133541584,2.294844627380371,-10.495627403259277,-0.39651966094970703,-0.30570632219314575,0.025350671261548996,40.4264144,-86.92744929999999,166.501,-0.8600000143051147,0.527999997138977,-0.13699999451637268,4,14
imu,1777665284.2646544,1602261257000,-0.3624768555164337,2.1171836853027344,-10.3236083984375,-0.3551841378211975,-0.2820596992969513,-0.0374436192214489,40.4264144,-86.92744929999999,166.501,-0.8600000143051147,0.527999997138977,-0.13699999451637268,4,14
imu,1777665284.268045,1602271257000,-0.4198070168495178,1.875091552734375,-10.317461013793945,-0.25937625765800476,-0.2815162241458893,-0.0561521090567112,40.4264144,-86.92744929999999,166.501,-0.8600000143051147,0.527999997138977,-0.13699999451637268,4,14
imu,1777665284.285834,1602281257000,-0.4368650019168854,1.7001628875732422,-10.356303215026855,-0.23126207292079926,-0.2544429302215576,-0.07076460868120193,40.4264144,-86.92744929999999,166.501,-0.8600000143051147,0.527999997138977,-0.13699999451637268,4,14
imu,1777665284.2891557,1602291257000,-0.3201005756855011,1.8138747215270996,-10.383152961730957,-0.20643064379692078,-0.240825816988945,-0.07732537388801575,40.4264144,-86.92744929999999,166.501,-0.8600000143051147,0.527999997138977,-0.13699999451637268,4,14
imu,1777665284.2979367,1602301257000,-0.1187027171254158,1.7865173816680908,-10.638158798217773,-0.2018464356660843,-0.24321091175079346,-0.06930577754974365,40.4264144,-86.92744929999999,166.501,-0.8600000143051147,0.527999997138977,-0.13699999451637268,4,14
imu,1777665284.3147497,1602311257000,-0.10998915135860443,1.8811873197555542,-10.641860008239746,-0.24436767399311066,-0.23645329475402832,-0.14096161723136902,40.4264144,-86.92744929999999,166.501,-0.8600000143051147,0.527999997138977,-0.13699999451637268,4,14
imu,1777665284.3179724,1602321257000,-0.17164503037929535,1.868432879447937,-10.517890930175781,-0.27865293622016907,-0.2251691222190857,-0.17903552949428558,40.4264144,-86.92744929999999,166.501,-0.8600000143051147,0.527999997138977,-0.13699999451637268,4,14
imu,1777665284.3360639,1602331257000,-0.12248405069112778,1.7910090684890747,-10.291561126708984,-0.27076950669288635,-0.2188798189163208,-0.22534245252609253,40.4264144,-86.92744929999999,166.501,-0.8600000143051147,0.527999997138977,-0.13699999451637268,4,14
imu,1777665284.3406262,1602341257000,-0.19262343645095825,1.750922441482544,-10.090909004211426,-0.2537226974964142,-0.2112841159105301,-0.2498670220375061,40.4264144,-86.92744929999999,166.501,-0.8600000143051147,0.527999997138977,-0.13699999451637268,4,14
imu,1777665284.3484058,1602351257000,-0.2805176377296448,1.5748648643493652,-9.98702335357666,-0.23626022040843964,-0.17783278226852417,-0.23844534158706665,40.4264144,-86.92744929999999,166.501,-0.8600000143051147,0.527999997138977,-0.13699999451637268,4,14
imu,1777665284.3643053,1602361257000,-0.24100850522518158,1.553801417350769,-10.18696403503418,-0.2129359245300293,-0.12642613053321838,-0.2000853419303894,40.4264144,-86.92744929999999,166.501,-0.8600000143051147,0.527999997138977,-0.13699999451637268,4,14
imu,1777665284.3677235,1602371257000,-0.05559815838932991,1.685685634613037,-10.30801010131836,-0.1908324658870697,-0.10827518999576569,-0.14576050639152527,40.4264144,-86.92744929999999,166.501,-0.8600000143051147,0.527999997138977,-0.13699999451637268,4,14
imu,1777665284.386711,1602381257000,0.2404630035161972,2.0287134647369385,-10.399206161499023,-0.15995252132415771,-0.11058968305587769,-0.12273434549570084,40.4264144,-86.92744929999999,166.501,-0.8600000143051147,0.527999997138977,-0.13699999451637268,4,14
imu,1777665284.390047,1602391257000,0.3151807487010956,2.306617498397827,-10.521587371826172,-0.14851568639278412,-0.11394599825143814,-0.1333199143409729,40.4264144,-86.92744929999999,166.501,-0.8600000143051147,0.527999997138977,-0.13699999451637268,4,14
imu,1777665284.3978827,1602401257000,0.43066322803497314,2.631154775619507,-10.656756401062012,-0.1542723923921585,-0.13746070861816406,-0.16851797699928284,40.4264144,-86.92744929999999,166.501,-0.8600000143051147,0.527999997138977,-0.13699999451637268,4,14
imu,1777665284.4146364,1602411257000,0.49507737159729004,2.912771701812744,-10.574883460998535,-0.1815176010131836,-0.16425776481628418,-0.2216421663761139,40.4264144,-86.92744929999999,166.501,-0.8600000143051147,0.527999997138977,-0.13699999451637268,4,14
imu,1777665284.4179044,1602421257000,0.45915335416793823,3.056765079498291,-10.287728309631348,-0.18266518414020538,-0.19198620319366455,-0.2898862957954407,40.4264144,-86.92744929999999,166.501,-0.8600000143051147,0.527999997138977,-0.13699999451637268,4,14
imu,1777665284.4357502,1602431257000,0.525059700012207,3.0787110328674316,-10.095294952392578,-0.15998536348342896,-0.20159076154232025,-0.37316474318504333,40.4264144,-86.92744929999999,166.501,-0.8600000143051147,0.527999997138977,-0.13699999451637268,4,14
imu,1777665284.4402475,1602441257000,0.6046178340911865,3.18013858795166,-9.947885513305664,-0.05496558919548988,-0.18938681483268738,-0.466396689414978,40.4264144,-86.92744929999999,166.501,-0.8600000143051147,0.527999997138977,-0.13699999451637268,4,14
imu,1777665284.4479592,1602451257000,0.7376665472984314,3.0068705081939697,-9.920351028442383,0.08966555446386337,-0.22720292210578918,-0.5512950420379639,40.426414099999995,-86.9274483,166.381,-0.2409999966621399,0.8999999761581421,-0.4350000023841858,4,13
imu,1777665284.463584,1602461257000,0.9360176920890808,2.343017101287842,-10.292367935180664,0.14835584163665771,-0.2213744968175888,-0.6180641055107117,40.426414099999995,-86.9274483,166.381,-0.2409999966621399,0.8999999761581421,-0.4350000023841858,4,13
imu,1777665284.467924,1602471257000,0.7850111126899719,1.8859233856201172,-10.386760711669922,0.06116776540875435,-0.2005392163991928,-0.6390916109085083,40.426414099999995,-86.9274483,166.381,-0.2409999966621399,0.8999999761581421,-0.4350000023841858,4,13
imu,1777665284.4858909,1602481257000,0.9256117343902588,1.778861403465271,-10.446786880493164,0.0039030686020851135,-0.2246716171503067,-0.6350884437561035,40.426414099999995,-86.9274483,166.381,-0.2409999966621399,0.8999999761581421,-0.4350000023841858,4,13
imu,1777665284.4904146,1602491257000,0.9264671802520752,1.643616795539856,-10.414735794067383,-0.09693565219640732,-0.2509557008743286,-0.6179789900779724,40.426414099999995,-86.9274483,166.381,-0.2409999966621399,0.8999999761581421,-0.4350000023841858,4,13
imu,1777665284.4981802,1602501257000,1.0388928651809692,1.7344038486480713,-10.31410026550293,-0.15475215017795563,-0.3007279932498932,-0.599543571472168,40.426414099999995,-86.9274483,166.381,-0.2409999966621399,0.8999999761581421,-0.4350000023841858,4,13
imu,1777665284.5137744,1602511257000,1.022156000137329,1.813511848449707,-10.153681755065918,-0.17908935248851776,-0.3522860109806061,-0.6196010708808899,40.426414099999995,-86.9274483,166.381,-0.2409999966621399,0.8999999761581421,-0.4350000023841858,4,13
imu,1777665284.5181184,1602521257000,1.3124524354934692,1.6770819425582886,-9.908392906188965,-0.22566591203212738,-0.39232802391052246,-0.6381312608718872,40.426414099999995,-86.9274483,166.381,-0.2409999966621399,0.8999999761581421,-0.4350000023841858,4,13
imu,1777665284.5359905,1602531257000,1.3807164430618286,1.6382025480270386,-9.854321479797363,-0.2740274667739868,-0.40582478046417236,-0.6728958487510681,40.426414099999995,-86.9274483,166.381,-0.2409999966621399,0.8999999761581421,-0.4350000023841858,4,13
imu,1777665284.540503,1602541257000,1.3907291889190674,1.6473653316497803,-9.600975036621094,-0.3148081600666046,-0.3810384273529053,-0.728905439376831,40.426414099999995,-86.9274483,166.381,-0.2409999966621399,0.8999999761581421,-0.4350000023841858,4,13
imu,1777665284.548189,1602551257000,1.489850640296936,1.8109415769577026,-9.339714050292969,-0.29827243089675903,-0.368772029876709,-0.7650594115257263,40.426414099999995,-86.9274483,166.381,-0.2409999966621399,0.8999999761581421,-0.4350000023841858,4,13
imu,1777665284.564081,1602561257000,1.5845106840133667,1.880040168762207,-9.155338287353516,-0.2764124572277069,-0.3294892907142639,-0.7992691993713379,40.426414099999995,-86.9274483,166.381,-0.2409999966621399,0.8999999761581421,-0.4350000023841858,4,13
imu,1777665284.56732,1602571257000,1.5689443349838257,2.1180429458618164,-9.204800605773926,-0.2595909535884857,-0.280032217502594,-0.8457233309745789,40.426414099999995,-86.9274483,166.381,-0.2409999966621399,0.8999999761581421,-0.4350000023841858,4,13
imu,1777665284.586301,1602581257000,1.8732041120529175,2.1210837364196777,-9.15751838684082,-0.2331642508506775,-0.24491959810256958,-0.9070154428482056,40.426414099999995,-86.9274483,166.381,-0.2409999966621399,0.8999999761581421,-0.4350000023841858,4,13
imu,1777665284.5897815,1602591257000,1.8640092611312866,2.025299072265625,-9.252685546875,-0.18517470359802246,-0.20364394783973694,-0.9868389964103699,40.426414099999995,-86.9274483,166.381,-0.2409999966621399,0.8999999761581421,-0.4350000023841858,4,13
imu,1777665284.5974507,1602601257000,1.9177064895629883,1.7719725370407104,-9.414748191833496,-0.13356682658195496,-0.19466572999954224,-1.0591329336166382,40.426414099999995,-86.9274483,166.381,-0.2409999966621399,0.8999999761581421,-0.4350000023841858,4,13
imu,1777665284.6143107,1602611257000,2.0424554347991943,1.5097087621688843,-9.3887300491333,-0.11963193863630295,-0.1697731763124466,-1.1199531555175781,40.426414099999995,-86.9274483,166.381,-0.2409999966621399,0.8999999761581421,-0.4350000023841858,4,13
imu,1777665284.617577,1602621257000,2.1855452060699463,1.193798303604126,-9.361138343811035,-0.09626015275716782,-0.15186400711536407,-1.145996332168579,40.426414099999995,-86.9274483,166.381,-0.2409999966621399,0.8999999761581421,-0.4350000023841858,4,13
imu,1777665284.6355803,1602631257000,2.2738654613494873,1.0607807636260986,-9.492990493774414,-0.09445270895957947,-0.13177533447742462,-1.1567400693893433,40.426414099999995,-86.9274483,166.381,-0.2409999966621399,0.8999999761581421,-0.4350000023841858,4,13
imu,1777665284.639853,1602641257000,2.348468065261841,0.6724271178245544,-9.709359169006348,-0.12762902677059174,-0.09829331189393997,-1.1530368328094482,40.426414099999995,-86.9274483,166.381,-0.2409999966621399,0.8999999761581421,-0.4350000023841858,4,13
imu,1777665284.6477685,1602651257000,2.3301475048065186,0.401511549949646,-9.859722137451172,-0.1666906177997589,-0.07037687301635742,-1.1095398664474487,40.4264144,-86.92744549999999,166.379,0.41100001335144043,0.902999997138977,-0.2939999997615814,4,16
imu,1777665284.6647117,1602661257000,2.224735736846924,0.4352566599845886,-10.029075622558594,-0.21824826300144196,-0.09760446101427078,-1.0555176734924316,40.4264144,-86.92744549999999,166.379,0.41100001335144043,0.902999997138977,-0.2939999997615814,4,16
imu,1777665284.6692572,1602671257000,2.467661142349243,0.5357974767684937,-10.068123817443848,-0.28139325976371765,-0.16655653715133667,-1.02726411819458,40.4264144,-86.92744549999999,166.379,0.41100001335144043,0.902999997138977,-0.2939999997615814,4,16
imu,1777665284.6859198,1602681257000,2.256579637527466,0.5049653053283691,-10.092470169067383,-0.3571988046169281,-0.2274029552936554,-1.0206712484359741,40.4264144,-86.92744549999999,166.379,0.41100001335144043,0.902999997138977,-0.2939999997615814,4,16
imu,1777665284.6892526,1602691257000,2.1956684589385986,0.7090965509414673,-9.766357421875,-0.43003612756729126,-0.26607322692871094,-1.0152175426483154,40.4264144,-86.92744549999999,166.379,0.41100001335144043,0.902999997138977,-0.2939999997615814,4,16
imu,1777665284.6993854,1602701257000,2.2894790172576904,0.9503576755523682,-9.54451847076416,-0.42659270763397217,-0.27690014243125916,-1.0695652961730957,40.4264144,-86.92744549999999,166.379,0.41100001335144043,0.902999997138977,-0.2939999997615814,4,16
imu,1777665284.7151403,1602711257000,2.079312324523926,0.7761259078979492,-9.468043327331543,-0.36834123730659485,-0.27541008591651917,-1.146353840827942,40.4264144,-86.92744549999999,166.379,0.41100001335144043,0.902999997138977,-0.2939999997615814,4,16
imu,1777665284.718448,1602721257000,2.043025016784668,0.4667032063007355,-9.437057495117188,-0.2748233377933502,-0.2703050374984741,-1.2313545942306519,40.4264144,-86.92744549999999,166.379,0.41100001335144043,0.902999997138977,-0.2939999997615814,4,16
imu,1777665284.73629,1602731257000,1.9550457000732422,-0.2589637041091919,-9.686361312866211,-0.20120704174041748,-0.2471924126148224,-1.3092310428619385,40.4264144,-86.92744549999999,166.379,0.41100001335144043,0.902999997138977,-0.2939999997615814,4,16
imu,1777665284.739542,1602741257000,1.8865325450897217,-0.8574991226196289,-9.765753746032715,-0.15854206681251526,-0.24158336222171783,-1.3200535774230957,40.4264144,-86.92744549999999,166.379,0.41100001335144043,0.902999997138977,-0.2939999997615814,4,16
imu,1777665284.7486272,1602751257000,1.7401798963546753,-1.362615704536438,-9.865934371948242,-0.15531161427497864,-0.23735582828521729,-1.2753881216049194,40.4264144,-86.92744549999999,166.379,0.41100001335144043,0.902999997138977,-0.2939999997615814,4,16
imu,1777665284.7643578,1602761257000,1.6675124168395996,-1.6890970468521118,-9.945094108581543,-0.21468760073184967,-0.22440335154533386,-1.1792064905166626,40.4264144,-86.92744549999999,166.379,0.41100001335144043,0.902999997138977,-0.2939999997615814,4,16
imu,1777665284.7687945,1602771257000,1.7625772953033447,-1.5889441967010498,-10.066590309143066,-0.34510937333106995,-0.23231789469718933,-1.0479940176010132,40.4264144,-86.92744549999999,166.379,0.41100001335144043,0.902999997138977,-0.2939999997615814,4,16
imu,1777665284.7856715,1602781257000,1.8012137413024902,-1.2734618186950684,-9.799384117126465,-0.4876801073551178,-0.20307673513889313,-1.0062912702560425,40.4264144,-86.92744549999999,166.379,0.41100001335144043,0.902999997138977,-0.2939999997615814,4,16
imu,1777665284.7890642,1602791257000,1.8537216186523438,-0.8232756853103638,-9.522332191467285,-0.48900002241134644,-0.17329873144626617,-0.9873501658439636,40.4264144,-86.92744549999999,166.379,0.41100001335144043,0.902999997138977,-0.2939999997615814,4,16
imu,1777665284.7992244,1602801257000,1.8408491611480713,-0.32241401076316833,-9.208059310913086,-0.3819323182106018,-0.15291614830493927,-1.0072555541992188,40.4264144,-86.92744549999999,166.379,0.41100001335144043,0.902999997138977,-0.2939999997615814,4,16
imu,1777665284.8152347,1602811257000,1.8037298917770386,-0.16904836893081665,-9.093866348266602,-0.220721036195755,-0.08839144557714462,-1.052802562713623,40.4264144,-86.92744549999999,166.379,0.41100001335144043,0.902999997138977,-0.2939999997615814,4,16
imu,1777665284.8184369,1602821257000,1.5684751272201538,-0.4722740948200226,-9.382708549499512,-0.09607051312923431,-0.028225470334291458,-1.1271004676818848,40.4264144,-86.92744549999999,166.379,0.41100001335144043,0.902999997138977,-0.2939999997615814,4,16
imu,1777665284.8364344,1602831256000,1.5952377319335938,-0.8018631935119629,-9.665884017944336,0.015898331999778748,0.019096188247203827,-1.1666196584701538,40.4264144,-86.92744549999999,166.379,0.41100001335144043,0.902999997138977,-0.2939999997615814,4,16
imu,1777665284.83972,1602841257000,1.6791924238204956,-1.1918691396713257,-9.958182334899902,0.06848643720149994,0.02000349946320057,-1.1560046672821045,40.4264144,-86.92744549999999,166.379,0.41100001335144043,0.902999997138977,-0.2939999997615814,4,16
imu,1777665284.8489623,1602851257000,1.7529298067092896,-1.430413007736206,-10.295844078063965,0.019074471667408943,0.0034891858231276274,-1.083045244216919,40.426414,-86.9274423,166.78300000000002,0.5960000157356262,0.4740000069141388,-0.3109999895095825,4,15
imu,1777665284.8645988,1602861257000,1.721518635749817,-1.4210102558135986,-10.296546936035156,-0.1571551412343979,-0.010874290950596333,-1.0006076097488403,40.426414,-86.9274423,166.78300000000002,0.5960000157356262,0.4740000069141388,-0.3109999895095825,4,15
imu,1777665284.8690689,1602871257000,1.2597808837890625,-1.0089380741119385,-10.129257202148438,-0.3649252653121948,0.0023546593729406595,-0.9091614484786987,40.426414,-86.9274423,166.78300000000002,0.5960000157356262,0.4740000069141388,-0.3109999895095825,4,15
imu,1777665284.887008,1602881257000,1.094800353050232,-0.292451947927475,-9.784466743469238,-0.49973684549331665,-0.0008350566495209932,-0.8741306066513062,40.426414,-86.9274423,166.78300000000002,0.5960000157356262,0.4740000069141388,-0.3109999895095825,4,15
imu,1777665284.8891666,1602891257000,1.1831598281860352,0.2628791332244873,-9.534406661987305,-0.45430952310562134,-0.007976001128554344,-0.9108476638793945,40.426414,-86.9274423,166.78300000000002,0.5960000157356262,0.4740000069141388,-0.3109999895095825,4,15
imu,1777665284.898072,1602901257000,1.1709660291671753,0.5648499727249146,-9.25709342956543,-0.26468196511268616,-0.01726493239402771,-1.0226558446884155,40.426414,-86.9274423,166.78300000000002,0.5960000157356262,0.4740000069141388,-0.3109999895095825,4,15
imu,1777665284.9146206,1602911257000,1.2568267583847046,0.5388279557228088,-9.293301582336426,-0.03339998796582222,-0.0402902215719223,-1.1175732612609863,40.426414,-86.9274423,166.78300000000002,0.5960000157356262,0.4740000069141388,-0.3109999895095825,4,15
imu,1777665284.9179862,1602921257000,1.4424902200698853,0.34998005628585815,-9.409905433654785,0.1347658485174179,-0.0264942217618227,-1.1986192464828491,40.426414,-86.9274423,166.78300000000002,0.5960000157356262,0.4740000069141388,-0.3109999895095825,4,15
imu,1777665284.9358716,1602931257000,1.341475009918213,-0.06895627081394196,-9.653644561767578,0.2282060831785202,-0.025130147114396095,-1.2251737117767334,40.426414,-86.9274423,166.78300000000002,0.5960000157356262,0.4740000069141388,-0.3109999895095825,4,15
imu,1777665284.939331,1602941257000,1.419093370437622,-0.6346620917320251,-10.16104793548584,0.1323842704296112,0.015483809635043144,-1.2206072807312012,40.426414,-86.9274423,166.78300000000002,0.5960000157356262,0.4740000069141388,-0.3109999895095825,4,15
imu,1777665284.948312,1602951257000,1.4481053352355957,-1.1492125988006592,-10.466083526611328,-0.08312659710645676,0.03304215893149376,-1.145490288734436,40.426414,-86.9274423,166.78300000000002,0.5960000157356262,0.4740000069141388,-0.3109999895095825,4,15
imu,1777665284.964963,1602961257000,1.4302922487258911,-1.2850511074066162,-10.546478271484375,-0.3479672074317932,0.01889890432357788,-1.0204763412475586,40.426414,-86.9274423,166.78300000000002,0.5960000157356262,0.4740000069141388,-0.3109999895095825,4,15
imu,1777665284.9684215,1602971257000,1.2644803524017334,-0.8220101594924927,-10.219852447509766,-0.5845946073532104,0.0030818197410553694,-0.9030094742774963,40.426414,-86.9274423,166.78300000000002,0.5960000157356262,0.4740000069141388,-0.3109999895095825,4,15
imu,1777665284.9861033,1602981257000,1.0541949272155762,-0.044332295656204224,-9.71899700164795,-0.6654846668243408,0.0031470488756895065,-0.8581912517547607,40.426414,-86.9274423,166.78300000000002,0.5960000157356262,0.4740000069141388,-0.3109999895095825,4,15
imu,1777665284.9896069,1602991257000,1.0434459447860718,0.49664855003356934,-9.412235260009766,-0.5430570244789124,-0.02535727620124817,-0.9356407523155212,40.426414,-86.9274423,166.78300000000002,0.5960000157356262,0.4740000069141388,-0.3109999895095825,4,15
imu,1777665284.9985442,1603001257000,1.174756407737732,0.19944807887077332,-9.653803825378418,-0.30224722623825073,-0.03865043818950653,-1.1197781562805176,40.426414,-86.9274423,166.78300000000002,0.5960000157356262,0.4740000069141388,-0.3109999895095825,4,15
imu,1777665285.0140553,1603011257000,1.1431729793548584,-0.5294407606124878,-9.839530944824219,-0.03821326792240143,-0.05954678729176521,-1.2757803201675415,40.426414,-86.9274423,166.78300000000002,0.5960000157356262,0.4740000069141388,-0.3109999895095825,4,15
imu,1777665285.018573,1603021257000,1.3011473417282104,-1.3688229322433472,-9.900144577026367,0.15828344225883484,-0.1262706071138382,-1.342332363128662,40.426414,-86.9274423,166.78300000000002,0.5960000157356262,0.4740000069141388,-0.3109999895095825,4,15
imu,1777665285.0364778,1603031257000,1.1480222940444946,-2.5232999324798584,-9.985705375671387,0.16851629316806793,-0.16200612485408783,-1.3317495584487915,40.426414,-86.9274423,166.78300000000002,0.5960000157356262,0.4740000069141388,-0.3109999895095825,4,15
imu,1777665285.0397298,1603041257000,1.060275673866272,-3.281334638595581,-10.036100387573242,0.08192141354084015,-0.16034597158432007,-1.1958972215652466,40.426414,-86.9274423,166.78300000000002,0.5960000157356262,0.4740000069141388,-0.3109999895095825,4,15
imu,1777665285.048854,1603051257000,1.0118465423583984,-3.712846040725708,-10.039597511291504,-0.12291104346513748,-0.16742348670959473,-1.0062549114227295,40.4264156,-86.92744259999999,166.574,0.3499999940395355,-0.26600000262260437,-0.23999999463558197,4,15
imu,1777665285.0645387,1603061257000,0.8815555572509766,-3.259451389312744,-9.99518871307373,-0.3821648359298706,-0.11004488915205002,-0.8149393796920776,40.4264156,-86.92744259999999,166.574,0.3499999940395355,-0.26600000262260437,-0.23999999463558197,4,15
imu,1777665285.0679183,1603071257000,1.0654293298721313,-2.0567946434020996,-9.882102012634277,-0.549965500831604,-0.05903730168938637,-0.7065654993057251,40.4264156,-86.92744259999999,166.574,0.3499999940395355,-0.26600000262260437,-0.23999999463558197,4,15
imu,1777665285.0867677,1603081257000,1.3602427244186401,-1.0616563558578491,-9.842528343200684,-0.5998619198799133,-0.008859137073159218,-0.7267228960990906,40.4264156,-86.92744259999999,166.574,0.3499999940395355,-0.26600000262260437,-0.23999999463558197,4,15
imu,1777665285.0890422,1603091257000,1.267320156097412,-0.8479806780815125,-9.833317756652832,-0.5621145963668823,0.03310747072100639,-0.7855252623558044,40.4264156,-86.92744259999999,166.574,0.3499999940395355,-0.26600000262260437,-0.23999999463558197,4,15
imu,1777665285.0979714,1603101257000,1.1099438667297363,-1.1836726665496826,-9.845168113708496,-0.4372762441635132,0.06077092885971069,-0.8158006072044373,40.4264156,-86.92744259999999,166.574,0.3499999940395355,-0.26600000262260437,-0.23999999463558197,4,15
imu,1777665285.1148381,1603111257000,0.991992175579071,-1.463358998298645,-9.847938537597656,-0.2756538987159729,0.03182798996567726,-0.8496749997138977,40.4264156,-86.92744259999999,166.574,0.3499999940395355,-0.26600000262260437,-0.23999999463558197,4,15
imu,1777665285.118081,1603121257000,0.9367659091949463,-1.5009630918502808,-9.838746070861816,-0.23046556115150452,0.03533956781029701,-0.8307472467422485,40.4264156,-86.92744259999999,166.574,0.3499999940395355,-0.26600000262260437,-0.23999999463558197,4,15
imu,1777665285.136123,1603131257000,0.8939430713653564,-1.4537022113800049,-9.978346824645996,-0.27396050095558167,0.07595355063676834,-0.7980366349220276,40.4264156,-86.92744259999999,166.574,0.3499999940395355,-0.26600000262260437,-0.23999999463558197,4,15
imu,1777665285.1394477,1603141257000,0.8308855891227722,-1.6418286561965942,-10.183119773864746,-0.3406001627445221,0.12195973098278046,-0.7947558164596558,40.4264156,-86.92744259999999,166.574,0.3499999940395355,-0.26600000262260437,-0.23999999463558197,4,15
imu,1777665285.1484647,1603151257000,0.5766874551773071,-1.7788891792297363,-10.37388801574707,-0.368972510099411,0.1451531946659088,-0.8089703917503357,40.4264156,-86.92744259999999,166.574,0.3499999940395355,-0.26600000262260437,-0.23999999463558197,4,15
imu,1777665285.1641083,1603161257000,0.4916980266571045,-2.235788345336914,-10.742002487182617,-0.3633957505226135,0.14639408886432648,-0.8565801382064819,40.4264156,-86.92744259999999,166.574,0.3499999940395355,-0.26600000262260437,-0.23999999463558197,4,15
imu,1777665285.1685667,1603171257000,0.27558863162994385,-2.7110273838043213,-10.585118293762207,-0.24695977568626404,0.09569370001554489,-0.9111819863319397,40.4264156,-86.92744259999999,166.574,0.3499999940395355,-0.26600000262260437,-0.23999999463558197,4,15
imu,1777665285.1858413,1603181257000,0.30185621976852417,-3.1590757369995117,-10.420557975769043,-0.07525385916233063,-0.011345397680997849,-0.9523069262504578,40.4264156,-86.92744259999999,166.574,0.3499999940395355,-0.26600000262260437,-0.23999999463558197,4,15
imu,1777665285.1891513,1603191257000,0.3754011392593384,-3.437121868133545,-10.122056007385254,0.07109895348548889,-0.10432568192481995,-0.9665394425392151,40.4264156,-86.92744259999999,166.574,0.3499999940395355,-0.26600000262260437,-0.23999999463558197,4,15
imu,1777665285.1981585,1603201257000,0.262997567653656,-3.5722811222076416,-9.960076332092285,0.0636063888669014,-0.10670885443687439,-0.9260886311531067,40.4264156,-86.92744259999999,166.574,0.3499999940395355,-0.26600000262260437,-0.23999999463558197,4,15
imu,1777665285.2138789,1603211257000,0.06278615444898605,-3.412706136703491,-9.7774019241333,0.03563401848077774,-0.05913173034787178,-0.8082553744316101,40.4264156,-86.92744259999999,166.574,0.3499999940395355,-0.26600000262260437,-0.23999999463558197,4,15
imu,1777665285.218438,1603221257000,-0.021956633776426315,-3.111920118331909,-9.817720413208008,-0.0019683893769979477,0.008860539644956589,-0.7326530814170837,40.4264156,-86.92744259999999,166.574,0.3499999940395355,-0.26600000262260437,-0.23999999463558197,4,15
imu,1777665285.2362866,1603231257000,-0.36518436670303345,-2.916630268096924,-9.921878814697266,-0.10402269661426544,0.10078791528940201,-0.6426960825920105,40.4264156,-86.92744259999999,166.574,0.3499999940395355,-0.26600000262260437,-0.23999999463558197,4,15
imu,1777665285.239719,1603241257000,-0.44871941208839417,-2.5869805812835693,-10.019272804260254,-0.14805270731449127,0.16928137838840485,-0.5744640231132507,40.4264156,-86.92744259999999,166.574,0.3499999940395355,-0.26600000262260437,-0.23999999463558197,4,15
imu,1777665285.2476563,1603251257000,-0.47642815113067627,-2.3274688720703125,-10.252409934997559,-0.17049847543239594,0.2135944366455078,-0.5255734324455261,40.426416499999995,-86.92744379999999,166.496,0.3310000002384186,-0.421999990940094,0.0,4,16
imu,1777665285.2642965,1603261257000,-0.42472606897354126,-2.2692015171051025,-10.58814811706543,-0.19231916964054108,0.255527138710022,-0.46970486640930176,40.426416499999995,-86.92744379999999,166.496,0.3310000002384186,-0.421999990940094,0.0,4,16
imu,1777665285.2678342,1603271257000,-0.49716174602508545,-2.22683048248291,-10.783833503723145,-0.18514972925186157,0.27775296568870544,-0.39799201488494873,40.426416499999995,-86.92744379999999,166.496,0.3310000002384186,-0.421999990940094,0.0,4,16
imu,1777665285.2856085,1603281257000,-0.36538586020469666,-1.7450425624847412,-10.837066650390625,-0.10621320456266403,0.25134140253067017,-0.3241761028766632,40.426416499999995,-86.92744379999999,166.496,0.3310000002384186,-0.421999990940094,0.0,4,16
imu,1777665285.2890146,1603291257000,-0.23786428570747375,-1.5308399200439453,-10.852387428283691,-0.06221451237797737,0.21694976091384888,-0.3199378550052643,40.426416499999995,-86.92744379999999,166.496,0.3310000002384186,-0.421999990940094,0.0,4,16
imu,1777665285.2978392,1603301257000,-0.3126068711280823,-1.5373539924621582,-10.475458145141602,-0.002948036417365074,0.17300742864608765,-0.3268653154373169,40.426416499999995,-86.92744379999999,166.496,0.3310000002384186,-0.421999990940094,0.0,4,16
imu,1777665285.313673,1603311257000,-0.3154606223106384,-1.635074496269226,-10.350120544433594,0.01890496164560318,0.12427666038274765,-0.3194016218185425,40.426416499999995,-86.92744379999999,166.496,0.3310000002384186,-0.421999990940094,0.0,4,16
imu,1777665285.318152,1603321257000,-0.5661634206771851,-1.8963395357131958,-10.109476089477539,-0.02225019969046116,0.09464824199676514,-0.28342095017433167,40.426416499999995,-86.92744379999999,166.496,0.3310000002384186,-0.421999990940094,0.0,4,16
imu,1777665285.335976,1603331257000,-0.6668070554733276,-2.1355326175689697,-9.963556289672852,-0.09429426491260529,0.0975031778216362,-0.19601351022720337,40.426416499999995,-86.92744379999999,166.496,0.3310000002384186,-0.421999990940094,0.0,4,16
imu,1777665285.3404152,1603341257000,-0.728323757648468,-1.8696826696395874,-9.866114616394043,-0.17742621898651123,0.12019550055265427,-0.1056102067232132,40.426416499999995,-86.92744379999999,166.496,0.3310000002384186,-0.421999990940094,0.0,4,16
imu,1777665285.348122,1603351257000,-0.7092650532722473,-1.7332158088684082,-9.686976432800293,-0.2346736341714859,0.13900314271450043,-0.07240907847881317,40.426416499999995,-86.92744379999999,166.496,0.3310000002384186,-0.421999990940094,0.0,4,16
imu,1777665285.3639598,1603361257000,-1.0707801580429077,-2.261927366256714,-9.523340225219727,-0.22206349670886993,0.1568133533000946,-0.01790139637887478,40.426416499999995,-86.92744379999999,166.496,0.3310000002384186,-0.421999990940094,0.0,4,16
imu,1777665285.3684852,1603371257000,-1.392854928970337,-2.6960110664367676,-9.372692108154297,-0.22341425716876984,0.1830793172121048,0.10719210654497147,40.426416499999995,-86.92744379999999,166.496,0.3310000002384186,-0.421999990940094,0.0,4,16
imu,1777665285.38666,1603381257000,-1.6862857341766357,-2.940809965133667,-9.418123245239258,-0.20756648480892181,0.22621628642082214,0.3538155257701874,40.426416499999995,-86.92744379999999,166.496,0.3310000002384186,-0.421999990940094,0.0,4,16
imu,1777665285.389847,1603391257000,-1.7700557708740234,-2.5717403888702393,-9.635555267333984,-0.1694924682378769,0.30338191986083984,0.5547422170639038,40.426416499999995,-86.92744379999999,166.496,0.3310000002384186,-0.421999990940094,0.0,4,16
imu,1777665285.39756,1603401257000,-1.6343873739242554,-1.827729344367981,-9.836024284362793,-0.11171528697013855,0.37424713373184204,0.7206368446350098,40.426416499999995,-86.92744379999999,166.496,0.3310000002384186,-0.421999990940094,0.0,4,16
imu,1777665285.4153523,1603411257000,-1.6358033418655396,-0.9734073281288147,-10.119475364685059,-0.041973818093538284,0.43920496106147766,0.7621201276779175,40.426416499999995,-86.92744379999999,166.496,0.3310000002384186,-0.421999990940094,0.0,4,16
imu,1777665285.4175882,1603421257000,-1.5026482343673706,-0.4594418704509735,-10.341418266296387,0.07428409904241562,0.47109702229499817,0.7175402045249939,40.426416499999995,-86.92744379999999,166.496,0.3310000002384186,-0.421999990940094,0.0,4,16
imu,1777665285.435574,1603431257000,-1.5734583139419556,-0.43140488862991333,-10.585082054138184,0.2194763869047165,0.4681040346622467,0.6326320171356201,40.426416499999995,-86.92744379999999,166.496,0.3310000002384186,-0.421999990940094,0.0,4,16
imu,1777665285.4399118,1603441257000,-1.6123567819595337,-0.8287357091903687,-10.735857963562012,0.3097341060638428,0.4107246398925781,0.574613094329834,40.426416499999995,-86.92744379999999,166.496,0.3310000002384186,-0.421999990940094,0.0,4,16
imu,1777665285.4477851,1603451257000,-1.6051841974258423,-1.2652761936187744,-10.732953071594238,0.32967814803123474,0.3408716022968292,0.5500795841217041,40.4264173,-86.9274453,166.285,-0.3230000138282776,-0.4020000100135803,-0.06800000369548798,4,15
imu,1777665285.4633224,1603461257000,-1.5363342761993408,-2.17907452583313,-10.920355796813965,0.3127719461917877,0.2938435971736908,0.5949397683143616,40.4264173,-86.9274453,166.285,-0.3230000138282776,-0.4020000100135803,-0.06800000369548798,4,15
imu,1777665285.4678683,1603471257000,-1.6759581565856934,-2.6214346885681152,-10.783102989196777,0.3283924460411072,0.21890710294246674,0.729537844657898,40.4264173,-86.9274453,166.285,-0.3230000138282776,-0.4020000100135803,-0.06800000369548798,4,15
imu,1777665285.4856324,1603481257000,-1.643107295036316,-2.7734856605529785,-10.740257263183594,0.2678033411502838,0.1509828269481659,0.8999429941177368,40.4264173,-86.9274453,166.285,-0.3230000138282776,-0.4020000100135803,-0.06800000369548798,4,15
imu,1777665285.490108,1603491257000,-1.5372024774551392,-2.2480783462524414,-10.487261772155762,0.15576685965061188,0.08942781388759613,1.08169686794281,40.4264173,-86.9274453,166.285,-0.3230000138282776,-0.4020000100135803,-0.06800000369548798,4,15
imu,1777665285.4978204,1603501257000,-1.209781527519226,-1.858812689781189,-10.409045219421387,0.028881270438432693,0.08150257170200348,1.1969081163406372,40.4264173,-86.9274453,166.285,-0.3230000138282776,-0.4020000100135803,-0.06800000369548798,4,15
imu,1777665285.5146334,1603511257000,-1.3707019090652466,-0.9932698607444763,-9.815812110900879,-0.04339055344462395,0.09415258467197418,1.2744505405426025,40.4264173,-86.9274453,166.285,-0.3230000138282776,-0.4020000100135803,-0.06800000369548798,4,15
imu,1777665285.5193896,1603521257000,-0.9005790948867798,-0.09597500413656235,-9.527316093444824,0.02132333628833294,0.09920989722013474,1.2603838443756104,40.4264173,-86.9274453,166.285,-0.3230000138282776,-0.4020000100135803,-0.06800000369548798,4,15
imu,1777665285.535949,1603531257000,-0.88411945104599,0.1571890115737915,-9.59995174407959,0.14661377668380737,0.12652768194675446,1.2289035320281982,40.4264173,-86.9274453,166.285,-0.3230000138282776,-0.4020000100135803,-0.06800000369548798,4,15
imu,1777665285.5394378,1603541257000,-1.0402072668075562,0.11607462912797928,-9.727105140686035,0.2619185447692871,0.15665559470653534,1.1720818281173706,40.4264173,-86.9274453,166.285,-0.3230000138282776,-0.4020000100135803,-0.06800000369548798,4,15
imu,1777665285.5481493,1603551257000,-1.0926594734191895,0.13396286964416504,-9.762916564941406,0.3973054587841034,0.11012084037065506,1.1777796745300293,40.4264173,-86.9274453,166.285,-0.3230000138282776,-0.4020000100135803,-0.06800000369548798,4,15
imu,1777665285.5647538,1603561257000,-1.0300949811935425,-0.07959182560443878,-9.78839111328125,0.39815592765808105,0.061091240495443344,1.1747368574142456,40.4264173,-86.9274453,166.285,-0.3230000138282776,-0.4020000100135803,-0.06800000369548798,4,15
imu,1777665285.5692384,1603571257000,-1.2065907716751099,-0.5060380101203918,-9.60084342956543,0.2845313251018524,0.03700174018740654,1.218841552734375,40.4264173,-86.9274453,166.285,-0.3230000138282776,-0.4020000100135803,-0.06800000369548798,4,15
imu,1777665285.5859413,1603581257000,-1.3673853874206543,-0.6919500827789307,-9.4534912109375,0.1414666622877121,0.03302249312400818,1.3093405961990356,40.4264173,-86.9274453,166.285,-0.3230000138282776,-0.4020000100135803,-0.06800000369548798,4,15
imu,1777665285.5894208,1603591257000,-1.4035662412643433,-0.6228018999099731,-9.390807151794434,0.0032832520082592964,0.03686796873807907,1.410941481590271,40.4264173,-86.9274453,166.285,-0.3230000138282776,-0.4020000100135803,-0.06800000369548798,4,15
imu,1777665285.5992763,1603601257000,-1.2351716756820679,-0.3356684744358063,-9.299308776855469,-0.08164867758750916,0.03247300535440445,1.4963699579238892,40.4264173,-86.9274453,166.285,-0.3230000138282776,-0.4020000100135803,-0.06800000369548798,4,15
imu,1777665285.6147687,1603611257000,-1.112083911895752,0.08032164722681046,-8.941507339477539,-0.11511769890785217,0.027169540524482727,1.5194517374038696,40.4264173,-86.9274453,166.285,-0.3230000138282776,-0.4020000100135803,-0.06800000369548798,4,15
imu,1777665285.618097,1603621257000,-0.9661735892295837,0.32484719157218933,-8.654038429260254,-0.09392362087965012,0.042751457542181015,1.4779201745986938,40.4264173,-86.9274453,166.285,-0.3230000138282776,-0.4020000100135803,-0.06800000369548798,4,15
imu,1777665285.6358995,1603631257000,-0.8865453004837036,0.46383926272392273,-8.548999786376953,-0.006651987787336111,0.10637476295232773,1.3563216924667358,40.4264173,-86.9274453,166.285,-0.3230000138282776,-0.4020000100135803,-0.06800000369548798,4,15
imu,1777665285.6393695,1603641257000,-1.0181995630264282,0.12159150093793869,-8.688785552978516,0.1404304802417755,0.15237431228160858,1.2147855758666992,40.4264173,-86.9274453,166.285,-0.3230000138282776,-0.4020000100135803,-0.06800000369548798,4,15
imu,1777665285.648204,1603651257000,-1.536853551864624,-0.9948974847793579,-8.784095764160156,0.31600531935691833,0.18893209099769592,1.148009181022644,40.426416499999995,-86.9274465,166.24,-0.6320000290870667,-0.6259999871253967,-0.12800000607967377,4,12
imu,1777665285.6648512,1603661257000,-1.9818347692489624,-2.0340654850006104,-8.918206214904785,0.46442973613739014,0.21312496066093445,1.2099300622940063,40.426416499999995,-86.9274465,166.24,-0.6320000290870667,-0.6259999871253967,-0.12800000607967377,4,12
imu,1777665285.6682093,1603671257000,-2.02398681640625,-2.3238308429718018,-9.305562973022461,0.4917547106742859,0.20670604705810547,1.304561734199524,40.426416499999995,-86.9274465,166.24,-0.6320000290870667,-0.6259999871253967,-0.12800000607967377,4,12
imu,1777665285.6872637,1603681257000,-1.8104896545410156,-2.0105788707733154,-9.53072738647461,0.3826431930065155,0.24171581864356995,1.442395567893982,40.426416499999995,-86.9274465,166.24,-0.6320000290870667,-0.6259999871253967,-0.12800000607967377,4,12
imu,1777665285.6893928,1603691257000,-2.0020716190338135,-1.8408385515213013,-9.691116333007812,0.23242411017417908,0.30563488602638245,1.5487704277038574,40.426416499999995,-86.9274465,166.24,-0.6320000290870667,-0.6259999871253967,-0.12800000607967377,4,12
imu,1777665285.6984098,1603701257000,-1.7418807744979858,-1.2413548231124878,-9.851946830749512,0.17636966705322266,0.33610668778419495,1.585239052772522,40.426416499999995,-86.9274465,166.24,-0.6320000290870667,-0.6259999871253967,-0.12800000607967377,4,12
imu,1777665285.7151144,1603711257000,-1.653056263923645,-0.7090418934822083,-9.967450141906738,0.20283430814743042,0.3290397822856903,1.516793966293335,40.426416499999995,-86.9274465,166.24,-0.6320000290870667,-0.6259999871253967,-0.12800000607967377,4,12
imu,1777665285.7183962,1603721257000,-1.715311884880066,-0.9959332346916199,-10.446894645690918,0.16442438960075378,0.31265634298324585,1.3902814388275146,40.426416499999995,-86.9274465,166.24,-0.6320000290870667,-0.6259999871253967,-0.12800000607967377,4,12
imu,1777665285.736333,1603731257000,-2.190647840499878,-1.362691044807434,-10.669977188110352,0.03586765378713608,0.3318721354007721,1.289328694343567,40.426416499999995,-86.9274465,166.24,-0.6320000290870667,-0.6259999871253967,-0.12800000607967377,4,12
imu,1777665285.7395535,1603741257000,-2.4658937454223633,-1.7414393424987793,-10.60094165802002,0.08657748997211456,0.325690895318985,1.259848713874817,40.426416499999995,-86.9274465,166.24,-0.6320000290870667,-0.6259999871253967,-0.12800000607967377,4,12
imu,1777665285.7485604,1603751257000,-2.7187113761901855,-1.8132368326187134,-10.12338924407959,0.37377482652664185,0.20597520470619202,1.2650785446166992,40.426416499999995,-86.9274465,166.24,-0.6320000290870667,-0.6259999871253967,-0.12800000607967377,4,12
imu,1777665285.7640944,1603761257000,-2.6493773460388184,-1.954829216003418,-9.993162155151367,0.5270201563835144,0.11729634553194046,1.3340169191360474,40.426416499999995,-86.9274465,166.24,-0.6320000290870667,-0.6259999871253967,-0.12800000607967377,4,12
imu,1777665285.7686083,1603771257000,-2.5250821113586426,-1.9657094478607178,-10.332263946533203,0.39074406027793884,0.1261012703180313,1.3955408334732056,40.426416499999995,-86.9274465,166.24,-0.6320000290870667,-0.6259999871253967,-0.12800000607967377,4,12
imu,1777665285.7863777,1603781257000,-2.653419256210327,-1.700254201889038,-10.375432968139648,0.178639218211174,0.17230719327926636,1.4186441898345947,40.426416499999995,-86.9274465,166.24,-0.6320000290870667,-0.6259999871253967,-0.12800000607967377,4,12
imu,1777665285.7896452,1603791257000,-2.5560803413391113,-1.1977448463439941,-10.008906364440918,0.06809363514184952,0.1514900177717209,1.3856407403945923,40.426416499999995,-86.9274465,166.24,-0.6320000290870667,-0.6259999871253967,-0.12800000607967377,4,12
imu,1777665285.7987037,1603801257000,-2.694612979888916,-1.0860357284545898,-9.687675476074219,0.04143640026450157,0.11411692202091217,1.3078731298446655,40.426416499999995,-86.9274465,166.24,-0.6320000290870667,-0.6259999871253967,-0.12800000607967377,4,12
imu,1777665285.8142054,1603811257000,-2.841397762298584,-1.0661588907241821,-9.1953125,0.07425377517938614,0.11726847290992737,1.2656047344207764,40.426416499999995,-86.9274465,166.24,-0.6320000290870667,-0.6259999871253967,-0.12800000607967377,4,12
imu,1777665285.8186297,1603821257000,-3.1180038452148438,-1.108529806137085,-8.994978904724121,0.20720933377742767,0.14173628389835358,1.2566980123519897,40.426416499999995,-86.9274465,166.24,-0.6320000290870667,-0.6259999871253967,-0.12800000607967377,4,12
imu,1777665285.8366277,1603831257000,-3.3097071647644043,-1.088929533958435,-9.146642684936523,0.36017346382141113,0.20578938722610474,1.2598342895507812,40.426416499999995,-86.9274465,166.24,-0.6320000290870667,-0.6259999871253967,-0.12800000607967377,4,12
imu,1777665285.8398793,1603841257000,-3.239854097366333,-0.7299680113792419,-9.504951477050781,0.4610900580883026,0.2585851848125458,1.240919589996338,40.426416499999995,-86.9274465,166.24,-0.6320000290870667,-0.6259999871253967,-0.12800000607967377,4,12
imu,1777665285.8490918,1603851257000,-3.086996555328369,-0.4156796634197235,-10.029075622558594,0.4442756474018097,0.3309968411922455,1.2093164920806885,40.4264158,-86.927448,166.175,-0.30399999022483826,-0.2720000147819519,0.1550000011920929,4,14
imu,1777665285.8647752,1603861257000,-3.2121453285217285,-0.2128957360982895,-10.229557037353516,0.47066783905029297,0.3414860963821411,1.1623809337615967,40.4264158,-86.927448,166.175,-0.30399999022483826,-0.2720000147819519,0.1550000011920929,4,14
imu,1777665285.8681233,1603871257000,-3.1185994148254395,-0.45436328649520874,-10.344432830810547,0.4901038110256195,0.2810235321521759,1.0618290901184082,40.4264158,-86.927448,166.175,-0.30399999022483826,-0.2720000147819519,0.1550000011920929,4,14
imu,1777665285.8859348,1603881257000,-3.0987517833709717,-0.7230998873710632,-10.359081268310547,0.39721593260765076,0.21544775366783142,1.016974687576294,40.4264158,-86.927448,166.175,-0.30399999022483826,-0.2720000147819519,0.1550000011920929,4,14
imu,1777665285.8892648,1603891257000,-3.4211833477020264,-0.984147846698761,-10.764278411865234,0.18597333133220673,0.18857990205287933,1.047609806060791,40.4264158,-86.927448,166.175,-0.30399999022483826,-0.2720000147819519,0.1550000011920929,4,14
imu,1777665285.8979511,1603901257000,-3.453336477279663,-0.47160881757736206,-10.967630386352539,0.006085406523197889,0.1894112080335617,1.1227707862854004,40.4264158,-86.927448,166.175,-0.30399999022483826,-0.2720000147819519,0.1550000011920929,4,14
imu,1777665285.9148521,1603911257000,-3.521031618118286,0.2942993640899658,-10.694795608520508,0.03755873441696167,0.0807897076010704,1.2161437273025513,40.4264158,-86.927448,166.175,-0.30399999022483826,-0.2720000147819519,0.1550000011920929,4,14
imu,1777665285.9181492,1603921257000,-3.2760958671569824,0.865813672542572,-10.344552040100098,0.15708641707897186,-0.0017528950702399015,1.2283726930618286,40.4264158,-86.927448,166.175,-0.30399999022483826,-0.2720000147819519,0.1550000011920929,4,14
imu,1777665285.935931,1603931257000,-3.2798168659210205,1.1372026205062866,-9.985065460205078,0.27256110310554504,-0.045351482927799225,1.1994869709014893,40.4264158,-86.927448,166.175,-0.30399999022483826,-0.2720000147819519,0.1550000011920929,4,14
imu,1777665285.9392834,1603941257000,-3.0816280841827393,1.5432798862457275,-9.823342323303223,0.4340810775756836,-0.0894939973950386,1.1584285497665405,40.4264158,-86.927448,166.175,-0.30399999022483826,-0.2720000147819519,0.1550000011920929,4,14
imu,1777665285.9482367,1603951257000,-2.6888411045074463,1.8134337663650513,-9.854969024658203,0.5454687476158142,-0.08697076886892319,1.0651884078979492,40.4264158,-86.927448,166.175,-0.30399999022483826,-0.2720000147819519,0.1550000011920929,4,14
imu,1777665285.96481,1603961257000,-2.8720600605010986,1.6164582967758179,-10.078761100769043,0.5453791618347168,-0.03466267138719559,0.9623172283172607,40.4264158,-86.927448,166.175,-0.30399999022483826,-0.2720000147819519,0.1550000011920929,4,14
imu,1777665285.968137,1603971257000,-2.864832639694214,1.3566243648529053,-10.34964370727539,0.5889444351196289,0.008554610423743725,0.8872549533843994,40.4264158,-86.927448,166.175,-0.30399999022483826,-0.2720000147819519,0.1550000011920929,4,14
imu,1777665285.9858437,1603981257000,-3.0049896240234375,1.0379399061203003,-10.668709754943848,0.6674763560295105,-0.0141737200319767,0.832923173904419,40.4264158,-86.927448,166.175,-0.30399999022483826,-0.2720000147819519,0.1550000011920929,4,14
imu,1777665285.9892752,1603991257000,-2.996004819869995,0.7497642040252686,-11.149136543273926,0.5366822481155396,-0.0025454582646489143,0.8647196292877197,40.4264158,-86.927448,166.175,-0.30399999022483826,-0.2720000147819519,0.1550000011920929,4,14
imu,1777665285.998001,1604001257000,-2.877206563949585,1.1856518983840942,-11.602194786071777,0.35064786672592163,-0.070918008685112,0.9541357755661011,40.4264158,-86.927448,166.175,-0.30399999022483826,-0.2720000147819519,0.1550000011920929,4,14
imu,1777665286.0147724,1604011257000,-2.813523292541504,1.4923762083053589,-11.607686042785645,0.16389788687229156,-0.12850169837474823,0.9961534142494202,40.4264158,-86.927448,166.175,-0.30399999022483826,-0.2720000147819519,0.1550000011920929,4,14
imu,1777665286.018261,1604021257000,-2.428462266921997,2.28983473777771,-11.526336669921875,0.10011346638202667,-0.2772532105445862,1.0491077899932861,40.4264158,-86.927448,166.175,-0.30399999022483826,-0.2720000147819519,0.1550000011920929,4,14
imu,1777665286.0360048,1604031256000,-2.0012896060943604,3.257312059402466,-11.23653793334961,0.020085982978343964,-0.34030988812446594,0.96295565366745,40.4264158,-86.927448,166.175,-0.30399999022483826,-0.2720000147819519,0.1550000011920929,4,14
imu,1777665286.0393076,1604041257000,-1.883070707321167,3.8159701824188232,-10.771615982055664,-0.00965903326869011,-0.352812260389328,0.8021029829978943,40.4264158,-86.927448,166.175,-0.30399999022483826,-0.2720000147819519,0.1550000011920929,4,14
imu,1777665286.0504708,1604051257000,-1.6511528491973877,4.130551338195801,-10.576610565185547,0.05392168089747429,-0.366263747215271,0.5948461294174194,40.426415299999995,-86.9274489,165.941,-1.149999976158142,0.23800000548362732,-0.2930000126361847,4,15
imu,1777665286.066012,1604061257000,-1.5394357442855835,3.948469400405884,-10.325411796569824,0.1606585830450058,-0.3010176122188568,0.3463287651538849,40.426415299999995,-86.9274489,165.941,-1.149999976158142,0.23800000548362732,-0.2930000126361847,4,15
imu,1777665286.0704653,1604071257000,-1.7493504285812378,3.3188815116882324,-10.025890350341797,0.4112807512283325,-0.3063778877258301,0.2280123084783554,40.426415299999995,-86.9274489,165.941,-1.149999976158142,0.23800000548362732,-0.2930000126361847,4,15
imu,1777665286.08598,1604081257000,-1.5668712854385376,2.617872714996338,-10.234875679016113,0.5190953016281128,-0.28143730759620667,0.20431143045425415,40.426415299999995,-86.9274489,165.941,-1.149999976158142,0.23800000548362732,-0.2930000126361847,4,15
imu,1777665286.0892012,1604091257000,-1.5283191204071045,2.3882529735565186,-10.466052055358887,0.4228181838989258,-0.2449689358472824,0.2408214509487152,40.426415299999995,-86.9274489,165.941,-1.149999976158142,0.23800000548362732,-0.2930000126361847,4,15
imu,1777665286.098397,1604101257000,-1.1876634359359741,2.6603615283966064,-10.818183898925781,0.31754088401794434,-0.2860873341560364,0.26837778091430664,40.426415299999995,-86.9274489,165.941,-1.149999976158142,0.23800000548362732,-0.2930000126361847,4,15
imu,1777665286.1141126,1604111257000,-1.1034586429595947,2.8516147136688232,-10.713688850402832,0.24238938093185425,-0.34685957431793213,0.2563094198703766,40.426415299999995,-86.9274489,165.941,-1.149999976158142,0.23800000548362732,-0.2930000126361847,4,15
imu,1777665286.1185553,1604121257000,-1.1451655626296997,2.5357348918914795,-10.331717491149902,0.1757066696882248,-0.3825121223926544,0.21568098664283752,40.426415299999995,-86.9274489,165.941,-1.149999976158142,0.23800000548362732,-0.2930000126361847,4,15
imu,1777665286.136464,1604131257000,-1.2105053663253784,2.4947919845581055,-9.970479965209961,0.16644728183746338,-0.39140427112579346,0.2615174949169159,40.426415299999995,-86.9274489,165.941,-1.149999976158142,0.23800000548362732,-0.2930000126361847,4,15
imu,1777665286.1387582,1604141257000,-1.0076020956039429,2.7090649604797363,-9.983762741088867,0.09665307402610779,-0.312655508518219,0.25633203983306885,40.426415299999995,-86.9274489,165.941,-1.149999976158142,0.23800000548362732,-0.2930000126361847,4,15
imu,1777665286.1476638,1604151257000,-1.0628137588500977,2.534832715988159,-10.181407928466797,0.07349281758069992,-0.31874725222587585,0.24257369339466095,40.426415299999995,-86.9274489,165.941,-1.149999976158142,0.23800000548362732,-0.2930000126361847,4,15
imu,1777665286.1648085,1604161257000,-0.7920938730239868,2.559755325317383,-10.309808731079102,0.016889186576008797,-0.3220408260822296,0.19191133975982666,40.426415299999995,-86.9274489,165.941,-1.149999976158142,0.23800000548362732,-0.2930000126361847,4,15
imu,1777665286.168176,1604171257000,-0.9365679025650024,2.4430503845214844,-10.302781105041504,-0.05938507243990898,-0.34120413661003113,0.14912068843841553,40.426415299999995,-86.9274489,165.941,-1.149999976158142,0.23800000548362732,-0.2930000126361847,4,15
imu,1777665286.186348,1604181257000,-0.9129226803779602,2.650319814682007,-10.263169288635254,-0.13276109099388123,-0.37283939123153687,0.11635904759168625,40.426415299999995,-86.9274489,165.941,-1.149999976158142,0.23800000548362732,-0.2930000126361847,4,15
imu,1777665286.189846,1604191257000,-0.8190030455589294,2.983757495880127,-10.074355125427246,-0.16681697964668274,-0.40283074975013733,0.048793911933898926,40.426415299999995,-86.9274489,165.941,-1.149999976158142,0.23800000548362732,-0.2930000126361847,4,15
imu,1777665286.1978176,1604201257000,-0.7298901677131653,3.0609662532806396,-9.898420333862305,-0.16986000537872314,-0.39982715249061584,-0.030974632129073143,40.426415299999995,-86.9274489,165.941,-1.149999976158142,0.23800000548362732,-0.2930000126361847,4,15
imu,1777665286.2139072,1604211257000,-0.6800400614738464,3.1127493381500244,-9.737921714782715,-0.13672810792922974,-0.3729950189590454,-0.12810198962688446,40.426415299999995,-86.9274489,165.941,-1.149999976158142,0.23800000548362732,-0.2930000126361847,4,15
imu,1777665286.2183645,1604221256000,-0.8096818327903748,2.7514405250549316,-9.694527626037598,-0.10004743188619614,-0.32130223512649536,-0.1952980011701584,40.426415299999995,-86.9274489,165.941,-1.149999976158142,0.23800000548362732,-0.2930000126361847,4,15
imu,1777665286.2364419,1604231257000,-0.7896842956542969,2.652465343475342,-9.640809059143066,-0.015477663837373257,-0.3064054250717163,-0.19577214121818542,40.426415299999995,-86.9274489,165.941,-1.149999976158142,0.23800000548362732,-0.2930000126361847,4,15
imu,1777665286.2388709,1604241256000,-0.45323383808135986,2.6744532585144043,-9.687621116638184,0.04576858878135681,-0.28591448068618774,-0.20476369559764862,40.426415299999995,-86.9274489,165.941,-1.149999976158142,0.23800000548362732,-0.2930000126361847,4,15
imu,1777665286.2500803,1604251257000,-0.356015682220459,2.491098403930664,-9.832428932189941,-0.01467328704893589,-0.22865170240402222,-0.20481105148792267,40.4264145,-86.9274482,165.836,-0.4300000071525574,0.7210000157356262,-0.49399998784065247,4,14
imu,1777665286.267023,1604261257000,-0.30220672488212585,2.770503282546997,-10.033854484558105,-0.10821611434221268,-0.1807553619146347,-0.21013960242271423,40.4264145,-86.9274482,165.836,-0.4300000071525574,0.7210000157356262,-0.49399998784065247,4,14
imu,1777665286.2703385,1604271257000,-0.22090581059455872,3.1381936073303223,-10.13415813446045,-0.14048969745635986,-0.17561964690685272,-0.25399425625801086,40.4264145,-86.9274482,165.836,-0.4300000071525574,0.7210000157356262,-0.49399998784065247,4,14
imu,1777665286.286116,1604281257000,-0.14047643542289734,3.23854660987854,-10.314663887023926,-0.13584668934345245,-0.17026984691619873,-0.3480966091156006,40.4264145,-86.9274482,165.836,-0.4300000071525574,0.7210000157356262,-0.49399998784065247,4,14
imu,1777665286.2907403,1604291257000,-0.32480841875076294,3.166682243347168,-10.46798324584961,-0.10795427113771439,-0.1953718513250351,-0.4383843243122101,40.4264145,-86.9274482,165.836,-0.4300000071525574,0.7210000157356262,-0.49399998784065247,4,14
imu,1777665286.298589,1604301257000,-0.24881336092948914,3.1863796710968018,-10.45303726196289,-0.09714071452617645,-0.2232356071472168,-0.5214240550994873,40.4264145,-86.9274482,165.836,-0.4300000071525574,0.7210000157356262,-0.49399998784065247,4,14
imu,1777665286.3142815,1604311257000,-0.2563028931617737,3.13891339302063,-10.279844284057617,-0.07949955016374588,-0.24674637615680695,-0.5912789106369019,40.4264145,-86.9274482,165.836,-0.4300000071525574,0.7210000157356262,-0.49399998784065247,4,14
imu,1777665286.3176875,1604321257000,-0.10448016971349716,3.0198638439178467,-10.198498725891113,-0.029644310474395752,-0.28431740403175354,-0.6576813459396362,40.4264145,-86.9274482,165.836,-0.4300000071525574,0.7210000157356262,-0.49399998784065247,4,14
imu,1777665286.3357768,1604331257000,0.12495560199022293,3.0023109912872314,-10.343719482421875,0.021046683192253113,-0.31373146176338196,-0.7545686364173889,40.4264145,-86.9274482,165.836,-0.4300000071525574,0.7210000157356262,-0.49399998784065247,4,14
imu,1777665286.3403332,1604341257000,0.21574971079826355,2.7299702167510986,-10.416898727416992,0.05649378523230553,-0.39184874296188354,-0.8343520760536194,40.4264145,-86.9274482,165.836,-0.4300000071525574,0.7210000157356262,-0.49399998784065247,4,14
imu,1777665286.3482475,1604351257000,0.1992802917957306,2.069340467453003,-10.522732734680176,-0.03749190643429756,-0.4214685559272766,-0.8984208106994629,40.4264145,-86.9274482,165.836,-0.4300000071525574,0.7210000157356262,-0.49399998784065247,4,14
imu,1777665286.3639383,1604361257000,0.16229748725891113,1.8111554384231567,-10.254433631896973,-0.17201381921768188,-0.468080997467041,-0.869935154914856,40.4264145,-86.9274482,165.836,-0.4300000071525574,0.7210000157356262,-0.49399998784065247,4,14
imu,1777665286.36847,1604371257000,0.20888873934745789,1.860748052597046,-9.832423210144043,-0.2975325286388397,-0.5172692537307739,-0.8425130248069763,40.4264145,-86.9274482,165.836,-0.4300000071525574,0.7210000157356262,-0.49399998784065247,4,14
imu,1777665286.3865411,1604381257000,0.27382662892341614,1.8974635601043701,-9.356688499450684,-0.3980060815811157,-0.5103995203971863,-0.824087381362915,40.4264145,-86.9274482,165.836,-0.4300000071525574,0.7210000157356262,-0.49399998784065247,4,14
imu,1777665286.3898435,1604391257000,0.5035842061042786,1.992581844329834,-8.860654830932617,-0.4306143820285797,-0.4783371388912201,-0.8298605680465698,40.4264145,-86.9274482,165.836,-0.4300000071525574,0.7210000157356262,-0.49399998784065247,4,14
imu,1777665286.3978899,1604401257000,0.49805891513824463,1.8471966981887817,-8.712618827819824,-0.4007623493671417,-0.42224016785621643,-0.8492492437362671,40.4264145,-86.9274482,165.836,-0.4300000071525574,0.7210000157356262,-0.49399998784065247,4,14
imu,1777665286.4136822,1604411257000,0.443161278963089,1.5778907537460327,-8.564249992370605,-0.35647401213645935,-0.3552238941192627,-0.8443520069122314,40.4264145,-86.9274482,165.836,-0.4300000071525574,0.7210000157356262,-0.49399998784065247,4,14
imu,1777665286.4181225,1604421257000,0.40061962604522705,1.47744619846344,-8.748834609985352,-0.352520227432251,-0.2810276746749878,-0.8362179398536682,40.4264145,-86.9274482,165.836,-0.4300000071525574,0.7210000157356262,-0.49399998784065247,4,14
imu,1777665286.4361107,1604431257000,0.4069870114326477,1.493839979171753,-8.891489028930664,-0.3808209300041199,-0.26044005155563354,-0.8279001116752625,40.4264145,-86.9274482,165.836,-0.4300000071525574,0.7210000157356262,-0.49399998784065247,4,14
imu,1777665286.439486,1604441257000,0.5717951059341431,1.5834074020385742,-8.77546215057373,-0.391857773065567,-0.2196415811777115,-0.8298293352127075,40.4264145,-86.9274482,165.836,-0.4300000071525574,0.7210000157356262,-0.49399998784065247,4,14
imu,1777665286.4483078,1604451257000,0.6814336776733398,1.7048535346984863,-8.86624813079834,-0.31880128383636475,-0.1991959512233734,-0.829757809638977,40.4264156,-86.9274471,165.647,0.43700000643730164,1.121000051498413,-0.3330000042915344,4,14
imu,1777665286.4640243,1604461257000,0.9618217349052429,1.8528037071228027,-8.949101448059082,-0.27441442012786865,-0.13757839798927307,-0.8543895483016968,40.4264156,-86.9274471,165.647,0.43700000643730164,1.121000051498413,-0.3330000042915344,4,14
imu,1777665286.4684386,1604471257000,1.0617210865020752,2.0072357654571533,-8.954545974731445,-0.17475171387195587,-0.07109812647104263,-0.8842402100563049,40.4264156,-86.9274471,165.647,0.43700000643730164,1.121000051498413,-0.3330000042915344,4,14
imu,1777665286.486373,1604481257000,1.129828691482544,1.728186845779419,-9.51310920715332,-0.10124412178993225,0.009245430119335651,-0.9405648112297058,40.4264156,-86.9274471,165.647,0.43700000643730164,1.121000051498413,-0.3330000042915344,4,14
imu,1777665286.489784,1604491257000,1.086180329322815,1.4088274240493774,-10.029199600219727,-0.12841807305812836,0.01243650633841753,-0.9285718202590942,40.4264156,-86.9274471,165.647,0.43700000643730164,1.121000051498413,-0.3330000042915344,4,14
imu,1777665286.497739,1604501257000,1.2192630767822266,1.473282814025879,-10.204398155212402,-0.25209924578666687,-0.0010786051861941814,-0.9007583260536194,40.4264156,-86.9274471,165.647,0.43700000643730164,1.121000051498413,-0.3330000042915344,4,14
imu,1777665286.5144808,1604511257000,1.4204179048538208,1.6453362703323364,-10.00190258026123,-0.3470168113708496,-0.05939276143908501,-0.8608264923095703,40.4264156,-86.9274471,165.647,0.43700000643730164,1.121000051498413,-0.3330000042915344,4,14
imu,1777665286.517685,1604521257000,1.526288390159607,1.654801368713379,-10.033164024353027,-0.38465553522109985,-0.10286474972963333,-0.8172178268432617,40.4264156,-86.9274471,165.647,0.43700000643730164,1.121000051498413,-0.3330000042915344,4,14
imu,1777665286.5354939,1604531257000,1.6282521486282349,1.6603628396987915,-9.8980073928833,-0.42521053552627563,-0.136070117354393,-0.7920932173728943,40.4264156,-86.9274471,165.647,0.43700000643730164,1.121000051498413,-0.3330000042915344,4,14
imu,1777665286.539866,1604541257000,1.6153315305709839,1.4578602313995361,-9.896475791931152,-0.48928573727607727,-0.15780025720596313,-0.7720896601676941,40.4264156,-86.9274471,165.647,0.43700000643730164,1.121000051498413,-0.3330000042915344,4,14
imu,1777665286.5477896,1604551257000,1.6057806015014648,1.6969587802886963,-9.754642486572266,-0.6068424582481384,-0.123694509267807,-0.7477262020111084,40.4264156,-86.9274471,165.647,0.43700000643730164,1.121000051498413,-0.3330000042915344,4,14
imu,1777665286.5644596,1604561257000,1.8572505712509155,2.2703094482421875,-9.749489784240723,-0.6446208357810974,-0.09768352657556534,-0.7602527737617493,40.4264156,-86.9274471,165.647,0.43700000643730164,1.121000051498413,-0.3330000042915344,4,14
imu,1777665286.5679505,1604571257000,1.945935606956482,2.5115017890930176,-9.816977500915527,-0.5931004285812378,-0.05871724337339401,-0.874877393245697,40.4264156,-86.9274471,165.647,0.43700000643730164,1.121000051498413,-0.3330000042915344,4,14
imu,1777665286.5862935,1604581257000,1.960466980934143,1.7329082489013672,-10.16723346710205,-0.4914647042751312,-0.03750363364815712,-1.0346944332122803,40.4264156,-86.9274471,165.647,0.43700000643730164,1.121000051498413,-0.3330000042915344,4,14
imu,1777665286.5896318,1604591257000,1.6530890464782715,0.994223415851593,-10.27123737335205,-0.41920697689056396,-0.04773426428437233,-1.1244556903839111,40.4264156,-86.9274471,165.647,0.43700000643730164,1.121000051498413,-0.3330000042915344,4,14
imu,1777665286.5974302,1604601257000,1.70378577709198,0.33845028281211853,-10.469467163085938,-0.40336981415748596,-0.049782104790210724,-1.142472505569458,40.4264156,-86.9274471,165.647,0.43700000643730164,1.121000051498413,-0.3330000042915344,4,14
imu,1777665286.6151202,1604611257000,1.8115724325180054,-0.08436226844787598,-10.480033874511719,-0.3861415684223175,-0.08832913637161255,-1.1115503311157227,40.4264156,-86.9274471,165.647,0.43700000643730164,1.121000051498413,-0.3330000042915344,4,14
imu,1777665286.6183758,1604621257000,1.9025200605392456,-0.3342864513397217,-10.362839698791504,-0.3693581223487854,-0.11145595461130142,-1.0622938871383667,40.4264156,-86.9274471,165.647,0.43700000643730164,1.121000051498413,-0.3330000042915344,4,14
imu,1777665286.636257,1604631257000,2.0734684467315674,-0.551454484462738,-10.60416316986084,-0.34531456232070923,-0.1082201674580574,-1.0201863050460815,40.4264156,-86.9274471,165.647,0.43700000643730164,1.121000051498413,-0.3330000042915344,4,14
imu,1777665286.6395204,1604641257000,2.3491439819335938,-0.9183472990989685,-10.746644020080566,-0.38185521960258484,-0.07914108783006668,-1.038525938987732,40.4264156,-86.9274471,165.647,0.43700000643730164,1.121000051498413,-0.3330000042915344,4,14
imu,1777665286.648427,1604651257000,2.1214938163757324,-1.3541746139526367,-10.726625442504883,-0.4759903848171234,-0.059649884700775146,-1.0065430402755737,40.426416599999996,-86.92744619999999,165.667,0.4519999921321869,0.5130000114440918,-0.1860000044107437,4,15
imu,1777665286.6640322,1604661256000,2.2608518600463867,-1.4367982149124146,-10.722763061523438,-0.6501061320304871,-0.05640256032347679,-0.8576651215553284,40.426416599999996,-86.92744619999999,165.667,0.4519999921321869,0.5130000114440918,-0.1860000044107437,4,15
imu,1777665286.6674123,1604671257000,1.7041425704956055,-0.9011853933334351,-10.689367294311523,-0.8487313389778137,-0.1067330464720726,-0.7299076914787292,40.426416599999996,-86.92744619999999,165.667,0.4519999921321869,0.5130000114440918,-0.1860000044107437,4,15
imu,1777665286.686279,1604681257000,1.665654182434082,-0.14501245319843292,-9.87421703338623,-0.9359908103942871,-0.1659460961818695,-0.7146043181419373,40.426416599999996,-86.92744619999999,165.667,0.4519999921321869,0.5130000114440918,-0.1860000044107437,4,15
imu,1777665286.6907823,1604691257000,1.7627549171447754,0.4416296184062958,-8.919601440429688,-0.8086314797401428,-0.13638466596603394,-0.7548309564590454,40.426416599999996,-86.92744619999999,165.667,0.4519999921321869,0.5130000114440918,-0.1860000044107437,4,15
imu,1777665286.6974845,1604701257000,1.9363594055175781,0.5928676128387451,-8.674818992614746,-0.5084362626075745,-0.08595100045204163,-0.9176986217498779,40.426416599999996,-86.92744619999999,165.667,0.4519999921321869,0.5130000114440918,-0.1860000044107437,4,15
imu,1777665286.7140465,1604711257000,2.129971981048584,0.2014872431755066,-8.862857818603516,-0.18420810997486115,0.014368119649589062,-1.1153525114059448,40.426416599999996,-86.92744619999999,165.667,0.4519999921321869,0.5130000114440918,-0.1860000044107437,4,15
imu,1777665286.7184837,1604721257000,2.069119453430176,-0.8180850148200989,-9.253047943115234,0.04918443784117699,0.14729751646518707,-1.265462875366211,40.426416599999996,-86.92744619999999,165.667,0.4519999921321869,0.5130000114440918,-0.1860000044107437,4,15
imu,1777665286.736075,1604731257000,1.9350746870040894,-2.016110420227051,-10.005377769470215,0.14982907474040985,0.2849619686603546,-1.2870410680770874,40.426416599999996,-86.92744619999999,165.667,0.4519999921321869,0.5130000114440918,-0.1860000044107437,4,15
imu,1777665286.7394962,1604741257000,2.082871437072754,-2.8054163455963135,-10.783863067626953,0.19631528854370117,0.2849509119987488,-1.2564516067504883,40.426416599999996,-86.92744619999999,165.667,0.4519999921321869,0.5130000114440918,-0.1860000044107437,4,15
imu,1777665286.7472746,1604751257000,1.551478385925293,-4.267746448516846,-11.74668025970459,-0.05235737934708595,0.18928198516368866,-1.0672234296798706,40.426416599999996,-86.92744619999999,165.667,0.4519999921321869,0.5130000114440918,-0.1860000044107437,4,15
imu,1777665286.7652085,1604761256000,0.9821174740791321,-4.338663101196289,-11.904272079467773,-0.6023816466331482,0.06975091248750687,-0.6947680711746216,40.426416599999996,-86.92744619999999,165.667,0.4519999921321869,0.5130000114440918,-0.1860000044107437,4,15
imu,1777665286.7676098,1604771257000,0.8769568204879761,-2.6820991039276123,-10.876373291015625,-1.1534372568130493,-0.05841473862528801,-0.31673967838287354,40.426416599999996,-86.92744619999999,165.667,0.4519999921321869,0.5130000114440918,-0.1860000044107437,4,15
imu,1777665286.7854636,1604781257000,1.3383879661560059,-0.12952843308448792,-9.58624267578125,-1.4526985883712769,-0.12459270656108856,-0.14595472812652588,40.426416599999996,-86.92744619999999,165.667,0.4519999921321869,0.5130000114440918,-0.1860000044107437,4,15
imu,1777665286.7901149,1604791257000,1.2726874351501465,2.043375015258789,-8.547067642211914,-1.387980341911316,-0.0510907880961895,-0.27277982234954834,40.426416599999996,-86.92744619999999,165.667,0.4519999921321869,0.5130000114440918,-0.1860000044107437,4,15
imu,1777665286.797934,1604801257000,1.523078203201294,3.481220245361328,-8.10366153717041,-0.8901079297065735,0.03162846714258194,-0.6320523023605347,40.426416599999996,-86.92744619999999,165.667,0.4519999921321869,0.5130000114440918,-0.1860000044107437,4,15
imu,1777665286.8137314,1604811257000,1.7639394998550415,3.273617744445801,-8.4268798828125,-0.24572506546974182,0.082005575299263,-1.061967134475708,40.426416599999996,-86.92744619999999,165.667,0.4519999921321869,0.5130000114440918,-0.1860000044107437,4,15
imu,1777665286.8181498,1604821257000,1.4220606088638306,1.8531118631362915,-9.096965789794922,0.19261720776557922,0.15667808055877686,-1.344987154006958,40.426416599999996,-86.92744619999999,165.667,0.4519999921321869,0.5130000114440918,-0.1860000044107437,4,15
imu,1777665286.835922,1604831257000,1.6678047180175781,0.6520307064056396,-9.989816665649414,0.3491252660751343,0.1967150866985321,-1.4366997480392456,40.426416599999996,-86.92744619999999,165.667,0.4519999921321869,0.5130000114440918,-0.1860000044107437,4,15
imu,1777665286.8394384,1604841257000,1.7999167442321777,-0.27198195457458496,-10.518003463745117,0.24246220290660858,0.21881341934204102,-1.3949609994888306,40.426416599999996,-86.92744619999999,165.667,0.4519999921321869,0.5130000114440918,-0.1860000044107437,4,15
imu,1777665286.8473063,1604851257000,1.966108798980713,-0.7638128399848938,-10.981088638305664,0.0759977251291275,0.110273078083992,-1.2929662466049194,40.4264164,-86.92744429999999,166.115,0.6909999847412109,0.06700000166893005,-0.3240000009536743,4,16
imu,1777665286.864411,1604861257000,1.9801446199417114,-1.1425937414169312,-11.011857032775879,-0.1571192890405655,-0.007642720360308886,-1.2127293348312378,40.4264164,-86.92744429999999,166.115,0.6909999847412109,0.06700000166893005,-0.3240000009536743,4,16
imu,1777665286.8688061,1604871257000,1.899872899055481,-0.9488819241523743,-10.387855529785156,-0.28940415382385254,-0.13602031767368317,-1.0867196321487427,40.4264164,-86.92744429999999,166.115,0.6909999847412109,0.06700000166893005,-0.3240000009536743,4,16
imu,1777665286.885751,1604881257000,1.6538604497909546,-0.2772463262081146,-9.65999698638916,-0.417416512966156,-0.12374556064605713,-1.0173052549362183,40.4264164,-86.92744429999999,166.115,0.6909999847412109,0.06700000166893005,-0.3240000009536743,4,16
imu,1777665286.8902566,1604891257000,1.4280509948730469,0.2495175302028656,-9.196867942810059,-0.3538956344127655,-0.1306128352880478,-1.0292816162109375,40.4264164,-86.92744429999999,166.115,0.6909999847412109,0.06700000166893005,-0.3240000009536743,4,16
imu,1777665286.8982148,1604901257000,1.5188854932785034,0.2999708354473114,-8.983987808227539,-0.24091669917106628,-0.023295313119888306,-1.1405079364776611,40.4264164,-86.92744429999999,166.115,0.6909999847412109,0.06700000166893005,-0.3240000009536743,4,16
imu,1777665286.9151595,1604911257000,1.416095495223999,0.12310127168893814,-9.026782035827637,0.04800388962030411,0.038063038140535355,-1.2524431943893433,40.4264164,-86.92744429999999,166.115,0.6909999847412109,0.06700000166893005,-0.3240000009536743,4,16
imu,1777665286.9173093,1604921257000,1.4251227378845215,-0.5391950607299805,-9.43142318725586,0.2833697199821472,0.054459743201732635,-1.3308058977127075,40.4264164,-86.92744429999999,166.115,0.6909999847412109,0.06700000166893005,-0.3240000009536743,4,16
imu,1777665286.9354095,1604931257000,1.3693734407424927,-1.3016936779022217,-9.785547256469727,0.30423039197921753,0.05452641844749451,-1.3221851587295532,40.4264164,-86.92744429999999,166.115,0.6909999847412109,0.06700000166893005,-0.3240000009536743,4,16
imu,1777665286.9397151,1604941257000,1.4051259756088257,-1.6148923635482788,-10.13574504852295,0.17484837770462036,0.04053325951099396,-1.234362244606018,40.4264164,-86.92744429999999,166.115,0.6909999847412109,0.06700000166893005,-0.3240000009536743,4,16
imu,1777665286.9489565,1604951257000,1.6721585988998413,-1.4759162664413452,-10.34709644317627,-0.06139432266354561,0.0017585447058081627,-1.1021960973739624,40.4264164,-86.92744429999999,166.115,0.6909999847412109,0.06700000166893005,-0.3240000009536743,4,16
imu,1777665286.9648597,1604961257000,1.8780516386032104,-1.4055678844451904,-10.264954566955566,-0.2957620620727539,-0.008333553560078144,-1.0559911727905273,40.4264164,-86.92744429999999,166.115,0.6909999847412109,0.06700000166893005,-0.3240000009536743,4,16
imu,1777665286.9683561,1604971257000,1.8408279418945312,-1.5364726781845093,-10.228706359863281,-0.4478967487812042,0.005555577576160431,-1.0294421911239624,40.4264164,-86.92744429999999,166.115,0.6909999847412109,0.06700000166893005,-0.3240000009536743,4,16
imu,1777665286.985409,1604981257000,1.738157868385315,-1.5531773567199707,-10.313957214355469,-0.45111966133117676,0.031218858435750008,-1.0541921854019165,40.4264164,-86.92744429999999,166.115,0.6909999847412109,0.06700000166893005,-0.3240000009536743,4,16
imu,1777665286.989656,1604991257000,1.5543113946914673,-1.738612413406372,-10.431882858276367,-0.31984785199165344,-0.006230420432984829,-1.1320713758468628,40.4264164,-86.92744429999999,166.115,0.6909999847412109,0.06700000166893005,-0.3240000009536743,4,16
imu,1777665286.997463,1605001257000,1.3081468343734741,-2.6127207279205322,-10.510522842407227,-0.1848115772008896,-0.094855897128582,-1.1741818189620972,40.4264164,-86.92744429999999,166.115,0.6909999847412109,0.06700000166893005,-0.3240000009536743,4,16
imu,1777665287.0143318,1605011257000,0.8042972683906555,-3.1977810859680176,-10.039542198181152,-0.14109982550144196,-0.17384597659111023,-1.132079005241394,40.4264164,-86.92744429999999,166.115,0.6909999847412109,0.06700000166893005,-0.3240000009536743,4,16
imu,1777665287.0187426,1605021257000,0.7484688758850098,-3.649927854537964,-9.650798797607422,-0.2774698734283447,-0.20008526742458344,-1.0049186944961548,40.4264164,-86.92744429999999,166.115,0.6909999847412109,0.06700000166893005,-0.3240000009536743,4,16
imu,1777665287.035531,1605031257000,0.2241915762424469,-3.9783918857574463,-9.451587677001953,-0.4989951252937317,-0.0856165960431099,-0.8518345355987549,40.4264164,-86.92744429999999,166.115,0.6909999847412109,0.06700000166893005,-0.3240000009536743,4,16
imu,1777665287.039885,1605041257000,0.16508090496063232,-3.576021671295166,-9.617718696594238,-0.5119146108627319,0.024529142305254936,-0.7316364049911499,40.4264164,-86.92744429999999,166.115,0.6909999847412109,0.06700000166893005,-0.3240000009536743,4,16
imu,1777665287.0511656,1605051257000,-0.016147896647453308,-3.651671886444092,-10.230717658996582,-0.3970107436180115,0.08845686912536621,-0.66207355260849,40.426417699999995,-86.9274449,166.0,0.3919999897480011,-0.34200000762939453,-0.3059999942779541,4,14
imu,1777665287.0667748,1605061257000,0.03381321579217911,-3.313272714614868,-10.748811721801758,-0.2558601200580597,0.06141260266304016,-0.5792245864868164,40.426417699999995,-86.9274449,166.0,0.3919999897480011,-0.34200000762939453,-0.3059999942779541,4,14
imu,1777665287.070079,1605071257000,0.14482317864894867,-3.0938289165496826,-11.019082069396973,-0.3014654815196991,-0.0185195691883564,-0.5168128609657288,40.426417699999995,-86.9274449,166.0,0.3919999897480011,-0.34200000762939453,-0.3059999942779541,4,14
imu,1777665287.086944,1605081257000,0.25115451216697693,-2.555217981338501,-10.62902545928955,-0.520527720451355,-0.09493863582611084,-0.4252969026565552,40.426417699999995,-86.9274449,166.0,0.3919999897480011,-0.34200000762939453,-0.3059999942779541,4,14
imu,1777665287.090216,1605091257000,0.4405020773410797,-1.7018680572509766,-10.040203094482422,-0.6771278381347656,-0.09061287343502045,-0.36366260051727295,40.426417699999995,-86.9274449,166.0,0.3919999897480011,-0.34200000762939453,-0.3059999942779541,4,14
imu,1777665287.0992494,1605101257000,0.34253615140914917,-1.0599298477172852,-9.679149627685547,-0.6294906735420227,-0.04154191166162491,-0.3434045910835266,40.426417699999995,-86.9274449,166.0,0.3919999897480011,-0.34200000762939453,-0.3059999942779541,4,14
imu,1777665287.1147106,1605111257000,0.31024375557899475,-0.6529382467269897,-9.752678871154785,-0.45950350165367126,0.003951539285480976,-0.3726111650466919,40.426417699999995,-86.9274449,166.0,0.3919999897480011,-0.34200000762939453,-0.3059999942779541,4,14
imu,1777665287.1191108,1605121257000,0.19837667047977448,-1.0986485481262207,-10.06747055053711,-0.334459125995636,0.06737906485795975,-0.44817012548446655,40.426417699999995,-86.9274449,166.0,0.3919999897480011,-0.34200000762939453,-0.3059999942779541,4,14
imu,1777665287.1358926,1605131257000,-0.10862665623426437,-1.951342225074768,-10.275505065917969,-0.22424820065498352,0.06693855673074722,-0.4797387719154358,40.426417699999995,-86.9274449,166.0,0.3919999897480011,-0.34200000762939453,-0.3059999942779541,4,14
imu,1777665287.1392941,1605141257000,-0.33422473073005676,-2.4649369716644287,-10.404052734375,-0.1881907731294632,0.03409520164132118,-0.45106393098831177,40.426417699999995,-86.9274449,166.0,0.3919999897480011,-0.34200000762939453,-0.3059999942779541,4,14
imu,1777665287.1488986,1605151257000,-0.8547276854515076,-3.10386323928833,-10.537899017333984,-0.2961050868034363,0.012520267628133297,-0.3401995897293091,40.426417699999995,-86.9274449,166.0,0.3919999897480011,-0.34200000762939453,-0.3059999942779541,4,14
imu,1777665287.1646485,1605161257000,-1.2957789897918701,-3.0529911518096924,-10.28270435333252,-0.48869484663009644,-0.002825124654918909,-0.14094814658164978,40.426417699999995,-86.9274449,166.0,0.3919999897480011,-0.34200000762939453,-0.3059999942779541,4,14
imu,1777665287.169028,1605171257000,-1.3072645664215088,-2.4011452198028564,-9.867827415466309,-0.5592637062072754,0.0014932232443243265,0.029738616198301315,40.426417699999995,-86.9274449,166.0,0.3919999897480011,-0.34200000762939453,-0.3059999942779541,4,14
imu,1777665287.187041,1605181257000,-1.5151156187057495,-1.8623343706130981,-9.511520385742188,-0.45424944162368774,0.02250235714018345,0.16457915306091309,40.426417699999995,-86.9274449,166.0,0.3919999897480011,-0.34200000762939453,-0.3059999942779541,4,14
imu,1777665287.189215,1605191257000,-1.1857829093933105,-0.9732424020767212,-9.724996566772461,-0.27563396096229553,0.05702286586165428,0.2431458830833435,40.426417699999995,-86.9274449,166.0,0.3919999897480011,-0.34200000762939453,-0.3059999942779541,4,14
imu,1777665287.198098,1605201257000,-1.0569194555282593,-0.6145146489143372,-10.219725608825684,-0.18757764995098114,0.09267506003379822,0.2565935254096985,40.426417699999995,-86.9274449,166.0,0.3919999897480011,-0.34200000762939453,-0.3059999942779541,4,14
imu,1777665287.2147565,1605211257000,-0.8926821351051331,-0.5285955667495728,-10.412498474121094,-0.1682618260383606,0.10015423595905304,0.26092955470085144,40.426417699999995,-86.9274449,166.0,0.3919999897480011,-0.34200000762939453,-0.3059999942779541,4,14
imu,1777665287.2183514,1605221257000,-0.8762463927268982,-0.5080147385597229,-10.21016788482666,-0.12795566022396088,0.07091463357210159,0.30777907371520996,40.426417699999995,-86.9274449,166.0,0.3919999897480011,-0.34200000762939453,-0.3059999942779541,4,14
imu,1777665287.2353497,1605231257000,-0.8845430016517639,-0.5809001326560974,-9.915454864501953,-0.06674951314926147,0.019978877156972885,0.3691498935222626,40.426417699999995,-86.9274449,166.0,0.3919999897480011,-0.34200000762939453,-0.3059999942779541,4,14
imu,1777665287.2396834,1605241257000,-0.9180022478103638,-1.0505821704864502,-9.76484489440918,-0.06331775337457657,-0.012200153432786465,0.41353359818458557,40.426417699999995,-86.9274449,166.0,0.3919999897480011,-0.34200000762939453,-0.3059999942779541,4,14
imu,1777665287.24873,1605251257000,-1.1196728944778442,-1.198838233947754,-9.536020278930664,-0.13926400244235992,-0.025386663153767586,0.48905935883522034,40.4264176,-86.9274464,165.90800000000002,-0.460999995470047,-0.49000000953674316,-0.05400000140070915,4,14
imu,1777665287.264381,1605261257000,-1.234234094619751,-1.2245911359786987,-9.374628067016602,-0.2734006941318512,-0.0020457396749407053,0.5997409224510193,40.4264176,-86.9274464,165.90800000000002,-0.460999995470047,-0.49000000953674316,-0.05400000140070915,4,14
imu,1777665287.2688253,1605271257000,-1.2645654678344727,-0.9583491683006287,-9.014266014099121,-0.39609915018081665,0.10258468240499496,0.6969877481460571,40.4264176,-86.9274464,165.90800000000002,-0.460999995470047,-0.49000000953674316,-0.05400000140070915,4,14
imu,1777665287.285643,1605281257000,-1.1872169971466064,-0.5476482510566711,-8.567351341247559,-0.35269516706466675,0.2123674899339676,0.7536490559577942,40.4264176,-86.9274464,165.90800000000002,-0.460999995470047,-0.49000000953674316,-0.05400000140070915,4,14
imu,1777665287.2899525,1605291257000,-1.3670570850372314,-0.42932918667793274,-8.619512557983398,-0.14658918976783752,0.30732420086860657,0.7894845604896545,40.4264176,-86.9274464,165.90800000000002,-0.460999995470047,-0.49000000953674316,-0.05400000140070915,4,14
imu,1777665287.2987635,1605301257000,-1.3744773864746094,-0.546970009803772,-9.55352783203125,0.013772118836641312,0.4053487181663513,0.8510903716087341,40.4264176,-86.9274464,165.90800000000002,-0.460999995470047,-0.49000000953674316,-0.05400000140070915,4,14
imu,1777665287.314498,1605311257000,-1.5815492868423462,-0.783075749874115,-10.39990520477295,0.072504423558712,0.45671406388282776,0.936604380607605,40.4264176,-86.9274464,165.90800000000002,-0.460999995470047,-0.49000000953674316,-0.05400000140070915,4,14
imu,1777665287.3188076,1605321257000,-1.7663406133651733,-1.4277706146240234,-10.999492645263672,0.06301622092723846,0.4595421552658081,1.0835927724838257,40.4264176,-86.9274464,165.90800000000002,-0.460999995470047,-0.49000000953674316,-0.05400000140070915,4,14
imu,1777665287.3354259,1605331257000,-2.097506046295166,-1.6676963567733765,-11.303442001342773,-0.05640207603573799,0.4399753510951996,1.3305803537368774,40.4264176,-86.9274464,165.90800000000002,-0.460999995470047,-0.49000000953674316,-0.05400000140070915,4,14
imu,1777665287.3400748,1605341257000,-1.8652639389038086,-0.8731257915496826,-11.24593734741211,-0.18199914693832397,0.3915131986141205,1.5216777324676514,40.4264176,-86.9274464,165.90800000000002,-0.460999995470047,-0.49000000953674316,-0.05400000140070915,4,14
imu,1777665287.3488204,1605351257000,-1.6823762655258179,0.022875657305121422,-10.898313522338867,-0.21097290515899658,0.33456286787986755,1.5872340202331543,40.4264176,-86.9274464,165.90800000000002,-0.460999995470047,-0.49000000953674316,-0.05400000140070915,4,14
imu,1777665287.3644347,1605361257000,-1.7286258935928345,0.3992176353931427,-10.433310508728027,-0.12591883540153503,0.27698859572410583,1.5519917011260986,40.4264176,-86.9274464,165.90800000000002,-0.460999995470047,-0.49000000953674316,-0.05400000140070915,4,14
imu,1777665287.3687537,1605371257000,-1.819713830947876,0.364348441362381,-9.895322799682617,0.054270852357149124,0.2354612499475479,1.5199506282806396,40.4264176,-86.9274464,165.90800000000002,-0.460999995470047,-0.49000000953674316,-0.05400000140070915,4,14
imu,1777665287.3853936,1605381257000,-1.9437484741210938,-0.027479643002152443,-9.885453224182129,0.2568221092224121,0.2387225180864334,1.5445866584777832,40.4264176,-86.9274464,165.90800000000002,-0.460999995470047,-0.49000000953674316,-0.05400000140070915,4,14
imu,1777665287.389933,1605391257000,-1.971612811088562,0.16401048004627228,-9.874649047851562,0.40342459082603455,0.2541346848011017,1.595672845840454,40.4264176,-86.9274464,165.90800000000002,-0.460999995470047,-0.49000000953674316,-0.05400000140070915,4,14
imu,1777665287.3990946,1605401257000,-1.922870397567749,0.057154081761837006,-10.137222290039062,0.4571114182472229,0.2992714047431946,1.638007640838623,40.4264176,-86.9274464,165.90800000000002,-0.460999995470047,-0.49000000953674316,-0.05400000140070915,4,14
imu,1777665287.4147716,1605411257000,-1.9663002490997314,0.21115821599960327,-10.434073448181152,0.42028650641441345,0.3294948637485504,1.6872098445892334,40.4264176,-86.9274464,165.90800000000002,-0.460999995470047,-0.49000000953674316,-0.05400000140070915,4,14
imu,1777665287.4181411,1605421257000,-1.9044256210327148,0.42128387093544006,-10.671937942504883,0.3444744944572449,0.3409845232963562,1.707172155380249,40.4264176,-86.9274464,165.90800000000002,-0.460999995470047,-0.49000000953674316,-0.05400000140070915,4,14
imu,1777665287.4362183,1605431257000,-1.9213366508483887,0.4111967384815216,-10.7124662399292,0.31767815351486206,0.3092740476131439,1.7185046672821045,40.4264176,-86.9274464,165.90800000000002,-0.460999995470047,-0.49000000953674316,-0.05400000140070915,4,14
imu,1777665287.4396398,1605441257000,-2.0694265365600586,0.07909955084323883,-10.697608947753906,0.34001150727272034,0.27973848581314087,1.7693769931793213,40.4264176,-86.9274464,165.90800000000002,-0.460999995470047,-0.49000000953674316,-0.05400000140070915,4,14
imu,1777665287.4485133,1605451257000,-1.9587633609771729,0.07121414691209793,-10.607855796813965,0.3767067492008209,0.23972871899604797,1.858662486076355,40.4264167,-86.9274476,165.895,-0.5950000286102295,-0.5059999823570251,-0.3610000014305115,4,15
imu,1777665287.4642282,1605461257000,-1.7721755504608154,0.2132287323474884,-10.594865798950195,0.37218016386032104,0.22332628071308136,1.900267243385315,40.4264167,-86.9274476,165.895,-0.5950000286102295,-0.5059999823570251,-0.3610000014305115,4,15
imu,1777665287.468694,1605471257000,-1.6375871896743774,0.4497869908809662,-10.437955856323242,0.36076465249061584,0.23086555302143097,1.8829694986343384,40.4264167,-86.9274476,165.895,-0.5950000286102295,-0.5059999823570251,-0.3610000014305115,4,15
imu,1777665287.4864454,1605481257000,-1.541174054145813,0.7524111866950989,-10.050032615661621,0.4422917068004608,0.19861286878585815,1.8106309175491333,40.4264167,-86.9274476,165.895,-0.5950000286102295,-0.5059999823570251,-0.3610000014305115,4,15
imu,1777665287.4899065,1605491257000,-1.4680031538009644,0.6142712831497192,-9.766885757446289,0.5430316925048828,0.1622616946697235,1.7198323011398315,40.4264167,-86.9274476,165.895,-0.5950000286102295,-0.5059999823570251,-0.3610000014305115,4,15
imu,1777665287.4987245,1605501257000,-1.6391541957855225,0.062418561428785324,-9.50074577331543,0.5943142771720886,0.162739098072052,1.6619011163711548,40.4264167,-86.9274476,165.895,-0.5950000286102295,-0.5059999823570251,-0.3610000014305115,4,15
imu,1777665287.5143034,1605511257000,-1.7467190027236938,-0.2702321708202362,-9.27708911895752,0.6684501767158508,0.14955952763557434,1.6666346788406372,40.4264167,-86.9274476,165.895,-0.5950000286102295,-0.5059999823570251,-0.3610000014305115,4,15
imu,1777665287.5187285,1605521257000,-1.7632522583007812,-0.6692455410957336,-9.092400550842285,0.6990681886672974,0.15344305336475372,1.705130934715271,40.4264167,-86.9274476,165.895,-0.5950000286102295,-0.5059999823570251,-0.3610000014305115,4,15
imu,1777665287.536704,1605531257000,-1.6301525831222534,-0.6910361647605896,-9.029512405395508,0.7120040655136108,0.17281311750411987,1.7295938730239868,40.4264167,-86.9274476,165.895,-0.5950000286102295,-0.5059999823570251,-0.3610000014305115,4,15
imu,1777665287.5399995,1605541257000,-1.5408551692962646,-0.7676116228103638,-9.264114379882812,0.7241731882095337,0.1913723200559616,1.7247512340545654,40.4264167,-86.9274476,165.895,-0.5950000286102295,-0.5059999823570251,-0.3610000014305115,4,15
imu,1777665287.5488837,1605551257000,-1.4945296049118042,-0.7121634483337402,-9.633822441101074,0.7015771269798279,0.17541521787643433,1.6804980039596558,40.4264167,-86.9274476,165.895,-0.5950000286102295,-0.5059999823570251,-0.3610000014305115,4,15
imu,1777665287.5643768,1605561257000,-1.3952093124389648,-0.7728793025016785,-9.723228454589844,0.6012895703315735,0.15889109671115875,1.6252281665802002,40.4264167,-86.9274476,165.895,-0.5950000286102295,-0.5059999823570251,-0.3610000014305115,4,15
imu,1777665287.569016,1605571257000,-1.4782828092575073,-0.9405319690704346,-9.676555633544922,0.5120550990104675,0.14046648144721985,1.5510153770446777,40.4264167,-86.9274476,165.895,-0.5950000286102295,-0.5059999823570251,-0.3610000014305115,4,15
imu,1777665287.586216,1605581257000,-1.8099710941314697,-1.3242708444595337,-9.748268127441406,0.4878225326538086,0.11562293767929077,1.5023306608200073,40.4264167,-86.9274476,165.895,-0.5950000286102295,-0.5059999823570251,-0.3610000014305115,4,15
imu,1777665287.5897963,1605591257000,-2.1099588871002197,-1.626859188079834,-9.635733604431152,0.5225753784179688,0.12663739919662476,1.5034034252166748,40.4264167,-86.9274476,165.895,-0.5950000286102295,-0.5059999823570251,-0.3610000014305115,4,15
imu,1777665287.5987716,1605601257000,-2.278697967529297,-1.568246841430664,-9.8682222366333,0.579797089099884,0.15369665622711182,1.5339043140411377,40.4264167,-86.9274476,165.895,-0.5950000286102295,-0.5059999823570251,-0.3610000014305115,4,15
imu,1777665287.6147459,1605611257000,-2.4159581661224365,-1.4623525142669678,-10.256769180297852,0.6059427857398987,0.1702885925769806,1.5776093006134033,40.4264167,-86.9274476,165.895,-0.5950000286102295,-0.5059999823570251,-0.3610000014305115,4,15
imu,1777665287.618185,1605621257000,-2.4109902381896973,-0.9122478365898132,-10.747236251831055,0.5456239581108093,0.16783879697322845,1.5972661972045898,40.4264167,-86.9274476,165.895,-0.5950000286102295,-0.5059999823570251,-0.3610000014305115,4,15
imu,1777665287.636083,1605631257000,-2.35410737991333,-0.7948580384254456,-11.13326644897461,0.36928972601890564,0.11254153400659561,1.5818167924880981,40.4264167,-86.9274476,165.895,-0.5950000286102295,-0.5059999823570251,-0.3610000014305115,4,15
imu,1777665287.6393397,1605641257000,-2.314990520477295,-0.40934744477272034,-10.901262283325195,0.1160559356212616,0.028530020266771317,1.5543816089630127,40.4264167,-86.9274476,165.895,-0.5950000286102295,-0.5059999823570251,-0.3610000014305115,4,15
imu,1777665287.6483576,1605651257000,-2.1155383586883545,0.108965665102005,-10.501469612121582,-0.05210758373141289,-0.08687670528888702,1.4459929466247559,40.4264158,-86.9274484,165.88,-0.6010000109672546,-0.11100000143051147,-0.1979999989271164,4,16
imu,1777665287.6641455,1605661257000,-2.6255767345428467,-0.36861324310302734,-9.575937271118164,-0.05048666521906853,-0.12674900889396667,1.3323075771331787,40.4264158,-86.9274484,165.88,-0.6010000109672546,-0.11100000143051147,-0.1979999989271164,4,16
imu,1777665287.668736,1605671257000,-2.8403584957122803,-0.605860710144043,-8.898292541503906,0.22586165368556976,-0.14379160106182098,1.2794946432113647,40.4264158,-86.9274484,165.88,-0.6010000109672546,-0.11100000143051147,-0.1979999989271164,4,16
imu,1777665287.686958,1605681257000,-3.1677753925323486,-0.8676469326019287,-8.952177047729492,0.509972095489502,-0.13191848993301392,1.267501950263977,40.4264158,-86.9274484,165.88,-0.6010000109672546,-0.11100000143051147,-0.1979999989271164,4,16
imu,1777665287.6893167,1605691257000,-3.0130465030670166,-0.7561147809028625,-9.399304389953613,0.5740841031074524,-0.09400229156017303,1.2982292175292969,40.4264158,-86.9274484,165.88,-0.6010000109672546,-0.11100000143051147,-0.1979999989271164,4,16
imu,1777665287.6982858,1605701257000,-2.814870595932007,-0.05761100724339485,-9.628952980041504,0.479441374540329,-0.04797499626874924,1.3334448337554932,40.4264158,-86.9274484,165.88,-0.6010000109672546,-0.11100000143051147,-0.1979999989271164,4,16
imu,1777665287.714042,1605711257000,-2.5147483348846436,0.673937201499939,-9.918453216552734,0.35981956124305725,-0.06848859041929245,1.3278143405914307,40.4264158,-86.9274484,165.88,-0.6010000109672546,-0.11100000143051147,-0.1979999989271164,4,16
imu,1777665287.7186007,1605721257000,-2.5211563110351562,1.097440242767334,-9.894208908081055,0.23436206579208374,-0.07522129267454147,1.2299458980560303,40.4264158,-86.9274484,165.88,-0.6010000109672546,-0.11100000143051147,-0.1979999989271164,4,16
imu,1777665287.7362926,1605731257000,-2.7093827724456787,1.3805241584777832,-9.499674797058105,0.20151358842849731,-0.0849970355629921,1.1050825119018555,40.4264158,-86.9274484,165.88,-0.6010000109672546,-0.11100000143051147,-0.1979999989271164,4,16
imu,1777665287.7397394,1605741257000,-2.5850579738616943,1.649550199508667,-9.380977630615234,0.26710912585258484,-0.10400688648223877,1.003463625907898,40.4264158,-86.9274484,165.88,-0.6010000109672546,-0.11100000143051147,-0.1979999989271164,4,16
imu,1777665287.7487738,1605751257000,-2.757532835006714,1.633794903755188,-9.52832317352295,0.30845364928245544,-0.0452839732170105,0.8770641088485718,40.4264158,-86.9274484,165.88,-0.6010000109672546,-0.11100000143051147,-0.1979999989271164,4,16
imu,1777665287.7642553,1605761257000,-2.685948371887207,1.4834054708480835,-9.532085418701172,0.38558077812194824,-0.02197081223130226,0.7642537355422974,40.4264158,-86.9274484,165.88,-0.6010000109672546,-0.11100000143051147,-0.1979999989271164,4,16
imu,1777665287.7687666,1605771257000,-2.823810577392578,1.4996716976165771,-9.906336784362793,0.3826988935470581,0.042054466903209686,0.6819135546684265,40.4264158,-86.9274484,165.88,-0.6010000109672546,-0.11100000143051147,-0.1979999989271164,4,16
imu,1777665287.7865334,1605781257000,-2.643874168395996,2.081188201904297,-10.076807022094727,0.431548148393631,0.05671665817499161,0.6271787881851196,40.4264158,-86.9274484,165.88,-0.6010000109672546,-0.11100000143051147,-0.1979999989271164,4,16
imu,1777665287.7899623,1605791257000,-2.7204599380493164,1.604077935218811,-10.063604354858398,0.5318191647529602,0.04827672243118286,0.5491493344306946,40.4264158,-86.9274484,165.88,-0.6010000109672546,-0.11100000143051147,-0.1979999989271164,4,16
imu,1777665287.7990024,1605801257000,-3.057007074356079,1.4991575479507446,-9.899401664733887,0.6472266316413879,0.05254046991467476,0.537075400352478,40.4264158,-86.9274484,165.88,-0.6010000109672546,-0.11100000143051147,-0.1979999989271164,4,16
imu,1777665287.8146489,1605811257000,-2.742814779281616,1.634429693222046,-10.335935592651367,0.6914251446723938,0.06854314357042313,0.514764130115509,40.4264158,-86.9274484,165.88,-0.6010000109672546,-0.11100000143051147,-0.1979999989271164,4,16
imu,1777665287.818198,1605821257000,-2.628506898880005,2.0838840007781982,-10.633726119995117,0.543941855430603,0.09074539691209793,0.44726094603538513,40.4264158,-86.9274484,165.88,-0.6010000109672546,-0.11100000143051147,-0.1979999989271164,4,16
imu,1777665287.8362608,1605831257000,-2.2043864727020264,2.5958361625671387,-10.814404487609863,0.3572295308113098,0.05436191335320473,0.327919602394104,40.4264158,-86.9274484,165.88,-0.6010000109672546,-0.11100000143051147,-0.1979999989271164,4,16
imu,1777665287.839542,1605841257000,-2.2807729244232178,2.6385068893432617,-10.551277160644531,0.1813914030790329,0.03962399810552597,0.1610620617866516,40.4264158,-86.9274484,165.88,-0.6010000109672546,-0.11100000143051147,-0.1979999989271164,4,16
imu,1777665287.8486068,1605851257000,-2.4871692657470703,2.250556468963623,-10.04576301574707,0.1816803216934204,-0.01704988069832325,0.0304839126765728,40.4264152,-86.92744929999999,165.83100000000002,-0.42100000381469727,-0.27300000190734863,-0.10100000351667404,4,15
imu,1777665287.8644457,1605861257000,-2.769575595855713,1.596693515777588,-9.881722450256348,0.2376457303762436,-0.04718451574444771,-0.00887182168662548,40.4264152,-86.92744929999999,165.83100000000002,-0.42100000381469727,-0.27300000190734863,-0.10100000351667404,4,15
imu,1777665287.8679693,1605871257000,-3.037958860397339,1.432233452796936,-10.016439437866211,0.21843720972537994,-0.035941604524850845,0.024113664403557777,40.4264152,-86.92744929999999,165.83100000000002,-0.42100000381469727,-0.27300000190734863,-0.10100000351667404,4,15
imu,1777665287.8860028,1605881257000,-3.098982334136963,1.6890830993652344,-10.111885070800781,0.1974533498287201,-0.042381420731544495,0.09015137702226639,40.4264152,-86.92744929999999,165.83100000000002,-0.42100000381469727,-0.27300000190734863,-0.10100000351667404,4,15
imu,1777665287.8893893,1605891257000,-3.1544933319091797,2.1313915252685547,-10.235899925231934,0.18602831661701202,-0.08198265731334686,0.156280055642128,40.4264152,-86.92744929999999,165.83100000000002,-0.42100000381469727,-0.27300000190734863,-0.10100000351667404,4,15
imu,1777665287.898441,1605901257000,-2.8513190746307373,3.0063388347625732,-10.582852363586426,0.1430431753396988,-0.10977919399738312,0.1927466094493866,40.4264152,-86.92744929999999,165.83100000000002,-0.42100000381469727,-0.27300000190734863,-0.10100000351667404,4,15
imu,1777665287.9145062,1605911257000,-2.583953619003296,4.096539497375488,-10.657768249511719,0.0819857195019722,-0.09870893508195877,0.209186390042305,40.4264152,-86.92744929999999,165.83100000000002,-0.42100000381469727,-0.27300000190734863,-0.10100000351667404,4,15
imu,1777665287.919034,1605921257000,-2.2860658168792725,4.84848165512085,-10.850889205932617,0.13159014284610748,-0.11247389763593674,0.11692418158054352,40.4264152,-86.92744929999999,165.83100000000002,-0.42100000381469727,-0.27300000190734863,-0.10100000351667404,4,15
imu,1777665287.9360158,1605931257000,-2.1081953048706055,4.819100379943848,-10.943660736083984,0.26883941888809204,-0.15971805155277252,-0.04629015177488327,40.4264152,-86.92744929999999,165.83100000000002,-0.42100000381469727,-0.27300000190734863,-0.10100000351667404,4,15
imu,1777665287.9394758,1605941257000,-2.1079213619232178,4.259445667266846,-10.85456657409668,0.3343167304992676,-0.18800228834152222,-0.18303991854190826,40.4264152,-86.92744929999999,165.83100000000002,-0.42100000381469727,-0.27300000190734863,-0.10100000351667404,4,15
imu,1777665287.9483707,1605951257000,-1.9804221391677856,3.9168496131896973,-10.73885440826416,0.27573543787002563,-0.16183897852897644,-0.26551055908203125,40.4264152,-86.92744929999999,165.83100000000002,-0.42100000381469727,-0.27300000190734863,-0.10100000351667404,4,15
imu,1777665287.9641848,1605961257000,-2.0462374687194824,3.4739627838134766,-10.457710266113281,0.29544371366500854,-0.18468783795833588,-0.3071562647819519,40.4264152,-86.92744929999999,165.83100000000002,-0.42100000381469727,-0.27300000190734863,-0.10100000351667404,4,15
imu,1777665287.9688473,1605971257000,-1.9146937131881714,3.1764683723449707,-10.199742317199707,0.3544235825538635,-0.2042805403470993,-0.31375110149383545,40.4264152,-86.92744929999999,165.83100000000002,-0.42100000381469727,-0.27300000190734863,-0.10100000351667404,4,15
imu,1777665287.986787,1605981257000,-1.7984673976898193,2.784271717071533,-10.388777732849121,0.3425556719303131,-0.187188059091568,-0.29571104049682617,40.4264152,-86.92744929999999,165.83100000000002,-0.42100000381469727,-0.27300000190734863,-0.10100000351667404,4,15
imu,1777665287.9891753,1605991257000,-1.6616872549057007,2.8248250484466553,-10.434236526489258,0.26970458030700684,-0.16855254769325256,-0.3033495843410492,40.4264152,-86.92744929999999,165.83100000000002,-0.42100000381469727,-0.27300000190734863,-0.10100000351667404,4,15
imu,1777665287.998054,1606001257000,-1.599726915359497,2.8057730197906494,-10.302190780639648,0.24824273586273193,-0.20384812355041504,-0.31957802176475525,40.4264152,-86.92744929999999,165.83100000000002,-0.42100000381469727,-0.27300000190734863,-0.10100000351667404,4,15
imu,1777665288.014979,1606011257000,-1.4627928733825684,2.7362921237945557,-9.984016418457031,0.2152419239282608,-0.2191021591424942,-0.3386995196342468,40.4264152,-86.92744929999999,165.83100000000002,-0.42100000381469727,-0.27300000190734863,-0.10100000351667404,4,15
imu,1777665288.0182347,1606021257000,-1.0670069456100464,2.8723623752593994,-9.884937286376953,0.19996221363544464,-0.2331242561340332,-0.3853556513786316,40.4264152,-86.92744929999999,165.83100000000002,-0.42100000381469727,-0.27300000190734863,-0.10100000351667404,4,15
imu,1777665288.0360098,1606031257000,-1.0825084447860718,2.7250585556030273,-9.616619110107422,0.1946798861026764,-0.21528513729572296,-0.4753873646259308,40.4264152,-86.92744929999999,165.83100000000002,-0.42100000381469727,-0.27300000190734863,-0.10100000351667404,4,15
imu,1777665288.0394146,1606041257000,-1.0805995464324951,2.3026342391967773,-9.245417594909668,0.26087653636932373,-0.19243745505809784,-0.541645348072052,40.4264152,-86.92744929999999,165.83100000000002,-0.42100000381469727,-0.27300000190734863,-0.10100000351667404,4,15
imu,1777665288.0487096,1606051257000,-1.0670366287231445,1.8572646379470825,-9.233019828796387,0.3430072069168091,-0.13265611231327057,-0.5379973649978638,40.4264157,-86.9274506,165.50300000000001,-0.6970000267028809,0.5009999871253967,-0.2619999945163727,4,14
imu,1777665288.0643013,1606061257000,-1.0025962591171265,1.59138023853302,-9.515645027160645,0.40683087706565857,-0.07396671921014786,-0.48878878355026245,40.4264157,-86.9274506,165.50300000000001,-0.6970000267028809,0.5009999871253967,-0.2619999945163727,4,14
imu,1777665288.0686097,1606071257000,-0.7440244555473328,1.6048394441604614,-10.200385093688965,0.35133832693099976,-0.054853655397892,-0.42258381843566895,40.4264157,-86.9274506,165.50300000000001,-0.6970000267028809,0.5009999871253967,-0.2619999945163727,4,14
imu,1777665288.0866818,1606081257000,-0.3930458128452301,2.1422221660614014,-10.429569244384766,0.21634812653064728,-0.07200123369693756,-0.3586786389350891,40.4264157,-86.9274506,165.50300000000001,-0.6970000267028809,0.5009999871253967,-0.2619999945163727,4,14
imu,1777665288.0888877,1606091257000,0.026199983432888985,2.70743465423584,-10.3081636428833,0.1218702420592308,-0.12494853138923645,-0.35812368988990784,40.4264157,-86.9274506,165.50300000000001,-0.6970000267028809,0.5009999871253967,-0.2619999945163727,4,14
imu,1777665288.0978916,1606101257000,0.10114336758852005,2.7768478393554688,-10.022285461425781,0.12137795239686966,-0.18513177335262299,-0.42766523361206055,40.4264157,-86.9274506,165.50300000000001,-0.6970000267028809,0.5009999871253967,-0.2619999945163727,4,14
imu,1777665288.1147532,1606111257000,-0.07482458651065826,2.348712921142578,-9.770586013793945,0.12129274755716324,-0.20231710374355316,-0.4820517897605896,40.4264157,-86.9274506,165.50300000000001,-0.6970000267028809,0.5009999871253967,-0.2619999945163727,4,14
imu,1777665288.119151,1606121257000,-0.15812651813030243,2.1206886768341064,-9.69759464263916,0.06455295532941818,-0.18089468777179718,-0.48167645931243896,40.4264157,-86.9274506,165.50300000000001,-0.6970000267028809,0.5009999871253967,-0.2619999945163727,4,14
imu,1777665288.1358955,1606131257000,-0.0761757642030716,2.2594947814941406,-9.645380973815918,0.02502506412565708,-0.1643187403678894,-0.4678705930709839,40.4264157,-86.9274506,165.50300000000001,-0.6970000267028809,0.5009999871253967,-0.2619999945163727,4,14
imu,1777665288.1392272,1606141257000,0.04993756115436554,2.447524309158325,-9.714195251464844,0.013145975768566132,-0.1505473107099533,-0.4824133515357971,40.4264157,-86.9274506,165.50300000000001,-0.6970000267028809,0.5009999871253967,-0.2619999945163727,4,14
imu,1777665288.1481209,1606151257000,0.3093836009502411,2.5750503540039062,-9.769865989685059,-0.02707047201693058,-0.15359409153461456,-0.5079808235168457,40.4264157,-86.9274506,165.50300000000001,-0.6970000267028809,0.5009999871253967,-0.2619999945163727,4,14
imu,1777665288.1638248,1606161257000,0.46490123867988586,2.564030170440674,-9.886198043823242,-0.07132353633642197,-0.1417877972126007,-0.5494258999824524,40.4264157,-86.9274506,165.50300000000001,-0.6970000267028809,0.5009999871253967,-0.2619999945163727,4,14
imu,1777665288.1682491,1606171257000,0.4238318204879761,2.383497953414917,-9.894328117370605,-0.07968985289335251,-0.14739707112312317,-0.5803741812705994,40.4264157,-86.9274506,165.50300000000001,-0.6970000267028809,0.5009999871253967,-0.2619999945163727,4,14
imu,1777665288.186129,1606181257000,0.514363706111908,2.2216269969940186,-9.963903427124023,-0.06169672682881355,-0.17021046578884125,-0.5994790196418762,40.4264157,-86.9274506,165.50300000000001,-0.6970000267028809,0.5009999871253967,-0.2619999945163727,4,14
imu,1777665288.1895437,1606191257000,0.46521472930908203,1.9235340356826782,-9.847926139831543,-0.07330489158630371,-0.17965781688690186,-0.5983925461769104,40.4264157,-86.9274506,165.50300000000001,-0.6970000267028809,0.5009999871253967,-0.2619999945163727,4,14
imu,1777665288.1984107,1606201257000,0.4309181869029999,1.6683613061904907,-10.07379150390625,-0.13425585627555847,-0.17182649672031403,-0.5696044564247131,40.4264157,-86.9274506,165.50300000000001,-0.6970000267028809,0.5009999871253967,-0.2619999945163727,4,14
imu,1777665288.2141528,1606211257000,0.39139050245285034,1.6883325576782227,-10.203662872314453,-0.21560072898864746,-0.1690511703491211,-0.501861572265625,40.4264157,-86.9274506,165.50300000000001,-0.6970000267028809,0.5009999871253967,-0.2619999945163727,4,14
imu,1777665288.2187707,1606221257000,0.6750082969665527,2.1746973991394043,-10.231110572814941,-0.2689127027988434,-0.1825953722000122,-0.4381742477416992,40.4264157,-86.9274506,165.50300000000001,-0.6970000267028809,0.5009999871253967,-0.2619999945163727,4,14
imu,1777665288.2365344,1606231256000,0.9120980501174927,2.8251805305480957,-10.445497512817383,-0.2747613191604614,-0.20393137633800507,-0.43715500831604004,40.4264157,-86.9274506,165.50300000000001,-0.6970000267028809,0.5009999871253967,-0.2619999945163727,4,14
imu,1777665288.2387922,1606241257000,1.0856338739395142,3.1191275119781494,-10.72939395904541,-0.2890930771827698,-0.22651085257530212,-0.5006794929504395,40.4264157,-86.9274506,165.50300000000001,-0.6970000267028809,0.5009999871253967,-0.2619999945163727,4,14
imu,1777665288.2476664,1606251257000,1.1556636095046997,3.238414764404297,-10.907112121582031,-0.318701833486557,-0.24992600083351135,-0.5875391364097595,40.4264161,-86.9274495,165.376,0.5540000200271606,0.8930000066757202,-0.12600000202655792,4,13
imu,1777665288.264878,1606261257000,1.1715730428695679,3.316678524017334,-11.02117919921875,-0.36040815711021423,-0.2764269709587097,-0.645483672618866,40.4264161,-86.9274495,165.376,0.5540000200271606,0.8930000066757202,-0.12600000202655792,4,13
imu,1777665288.2681003,1606271257000,1.2153629064559937,3.6006314754486084,-10.878292083740234,-0.3747531473636627,-0.2794087827205658,-0.7061278223991394,40.4264161,-86.9274495,165.376,0.5540000200271606,0.8930000066757202,-0.12600000202655792,4,13
imu,1777665288.285849,1606281257000,1.3083417415618896,3.734510898590088,-10.896645545959473,-0.2887026369571686,-0.3398604691028595,-0.7885461449623108,40.4264161,-86.9274495,165.376,0.5540000200271606,0.8930000066757202,-0.12600000202655792,4,13
imu,1777665288.2892041,1606291257000,1.5328660011291504,3.4641313552856445,-10.878186225891113,-0.19065071642398834,-0.37894338369369507,-0.8991795182228088,40.4264161,-86.9274495,165.376,0.5540000200271606,0.8930000066757202,-0.12600000202655792,4,13
imu,1777665288.2980046,1606301256000,1.4556938409805298,2.8066699504852295,-10.674413681030273,-0.10194243490695953,-0.41878798604011536,-0.9830740690231323,40.4264161,-86.9274495,165.376,0.5540000200271606,0.8930000066757202,-0.12600000202655792,4,13
imu,1777665288.3137853,1606311257000,1.5363205671310425,2.42657732963562,-10.507440567016602,-0.05566435307264328,-0.4699495732784271,-1.0043622255325317,40.4264161,-86.9274495,165.376,0.5540000200271606,0.8930000066757202,-0.12600000202655792,4,13
imu,1777665288.3183002,1606321257000,1.5758110284805298,2.267197608947754,-10.546160697937012,-0.1093943640589714,-0.5071572065353394,-1.0055114030838013,40.4264161,-86.9274495,165.376,0.5540000200271606,0.8930000066757202,-0.12600000202655792,4,13
imu,1777665288.3362916,1606331257000,1.7132763862609863,2.0652058124542236,-10.649908065795898,-0.3009210526943207,-0.5088896751403809,-1.0243275165557861,40.4264161,-86.9274495,165.376,0.5540000200271606,0.8930000066757202,-0.12600000202655792,4,13
imu,1777665288.339816,1606341257000,1.8856844902038574,2.1222825050354004,-10.31056022644043,-0.46239805221557617,-0.5070338845252991,-1.0537103414535522,40.4264161,-86.9274495,165.376,0.5540000200271606,0.8930000066757202,-0.12600000202655792,4,13
imu,1777665288.3488119,1606351257000,2.0852267742156982,2.1088435649871826,-9.871339797973633,-0.44050243496894836,-0.4964480698108673,-1.0991744995117188,40.4264161,-86.9274495,165.376,0.5540000200271606,0.8930000066757202,-0.12600000202655792,4,13
imu,1777665288.3646352,1606361257000,2.279102087020874,2.0060460567474365,-9.58587646484375,-0.2987911105155945,-0.46598097681999207,-1.1352490186691284,40.4264161,-86.9274495,165.376,0.5540000200271606,0.8930000066757202,-0.12600000202655792,4,13
imu,1777665288.3679821,1606371257000,2.595430612564087,1.7402111291885376,-9.689249992370605,-0.20290040969848633,-0.4022970497608185,-1.169568419456482,40.4264161,-86.9274495,165.376,0.5540000200271606,0.8930000066757202,-0.12600000202655792,4,13
imu,1777665288.3859005,1606381257000,2.5319061279296875,1.4586951732635498,-10.119064331054688,-0.20796512067317963,-0.35315901041030884,-1.1592339277267456,40.4264161,-86.9274495,165.376,0.5540000200271606,0.8930000066757202,-0.12600000202655792,4,13
imu,1777665288.3891504,1606391257000,2.7669880390167236,1.348905086517334,-10.402704238891602,-0.31425806879997253,-0.31511738896369934,-1.19309663772583,40.4264161,-86.9274495,165.376,0.5540000200271606,0.8930000066757202,-0.12600000202655792,4,13
imu,1777665288.398084,1606401257000,2.8943214416503906,1.4414252042770386,-10.269161224365234,-0.35064369440078735,-0.308815598487854,-1.2040536403656006,40.4264161,-86.9274495,165.376,0.5540000200271606,0.8930000066757202,-0.12600000202655792,4,13
imu,1777665288.4137008,1606411257000,3.08362078666687,1.32927405834198,-10.166895866394043,-0.286615788936615,-0.3395753800868988,-1.2429856061935425,40.4264161,-86.9274495,165.376,0.5540000200271606,0.8930000066757202,-0.12600000202655792,4,13
imu,1777665288.4181263,1606421257000,3.07771372795105,0.8782273530960083,-10.210111618041992,-0.2128714919090271,-0.38884904980659485,-1.30201256275177,40.4264161,-86.9274495,165.376,0.5540000200271606,0.8930000066757202,-0.12600000202655792,4,13
imu,1777665288.4361494,1606431257000,2.8304436206817627,0.4058583378791809,-10.095989227294922,-0.1735992431640625,-0.4249131381511688,-1.3096953630447388,40.4264161,-86.9274495,165.376,0.5540000200271606,0.8930000066757202,-0.12600000202655792,4,13
imu,1777665288.43928,1606441257000,3.0651793479919434,-0.14730384945869446,-10.05536937713623,-0.1878180354833603,-0.4359572231769562,-1.3441717624664307,40.4264161,-86.9274495,165.376,0.5540000200271606,0.8930000066757202,-0.12600000202655792,4,13
imu,1777665288.450617,1606451257000,3.032309055328369,-0.2950407862663269,-9.802183151245117,-0.23510205745697021,-0.43943890929222107,-1.3576509952545166,40.426415399999996,-86.9274461,165.952,0.628000020980835,0.6940000057220459,-0.9520000219345093,4,16
imu,1777665288.466292,1606461257000,2.900578022003174,-0.46467161178588867,-9.531012535095215,-0.2928433418273926,-0.4532172679901123,-1.3616033792495728,40.426415399999996,-86.9274461,165.952,0.628000020980835,0.6940000057220459,-0.9520000219345093,4,16
imu,1777665288.4696233,1606471257000,2.7181038856506348,-0.6011345386505127,-9.033329010009766,-0.371539443731308,-0.4328609108924866,-1.3258404731750488,40.426415399999996,-86.9274461,165.952,0.628000020980835,0.6940000057220459,-0.9520000219345093,4,16
imu,1777665288.4866402,1606481257000,2.6797103881835938,-0.4219900667667389,-8.402413368225098,-0.3865067958831787,-0.3754608929157257,-1.2778658866882324,40.426415399999996,-86.9274461,165.952,0.628000020980835,0.6940000057220459,-0.9520000219345093,4,16
imu,1777665288.4889355,1606491256000,2.758784294128418,-0.07272108644247055,-8.212213516235352,-0.29765763878822327,-0.30034366250038147,-1.2873986959457397,40.426415399999996,-86.9274461,165.952,0.628000020980835,0.6940000057220459,-0.9520000219345093,4,16
imu,1777665288.4977343,1606501257000,2.4851274490356445,-0.26415541768074036,-8.502398490905762,-0.22024965286254883,-0.1828809380531311,-1.3206934928894043,40.426415399999996,-86.9274461,165.952,0.628000020980835,0.6940000057220459,-0.9520000219345093,4,16
imu,1777665288.5147352,1606511257000,2.4021248817443848,-0.39693400263786316,-8.934199333190918,-0.15104793012142181,-0.12769080698490143,-1.331438422203064,40.426415399999996,-86.9274461,165.952,0.628000020980835,0.6940000057220459,-0.9520000219345093,4,16
imu,1777665288.5181284,1606521257000,2.447554111480713,-0.4474431574344635,-9.358136177062988,-0.18448267877101898,-0.09353894740343094,-1.3582022190093994,40.426415399999996,-86.9274461,165.952,0.628000020980835,0.6940000057220459,-0.9520000219345093,4,16
imu,1777665288.5363243,1606531257000,2.324993133544922,-0.7565094828605652,-9.510205268859863,-0.26926422119140625,-0.08083806186914444,-1.3680716753005981,40.426415399999996,-86.9274461,165.952,0.628000020980835,0.6940000057220459,-0.9520000219345093,4,16
imu,1777665288.538667,1606541257000,2.2839725017547607,-0.8620938658714294,-9.550618171691895,-0.3528115153312683,-0.08470910787582397,-1.3249611854553223,40.426415399999996,-86.9274461,165.952,0.628000020980835,0.6940000057220459,-0.9520000219345093,4,16
imu,1777665288.5487523,1606551257000,2.3254828453063965,-0.6118780374526978,-9.395271301269531,-0.4069671332836151,-0.09035226702690125,-1.269961953163147,40.426415399999996,-86.9274461,165.952,0.628000020980835,0.6940000057220459,-0.9520000219345093,4,16
imu,1777665288.5645354,1606561257000,2.478208541870117,-0.19486016035079956,-9.207738876342773,-0.3792876899242401,-0.08149374276399612,-1.2554982900619507,40.426415399999996,-86.9274461,165.952,0.628000020980835,0.6940000057220459,-0.9520000219345093,4,16
imu,1777665288.5678837,1606571257000,2.4479141235351562,0.15840138494968414,-9.061080932617188,-0.2661782503128052,-0.06292489916086197,-1.288587212562561,40.426415399999996,-86.9274461,165.952,0.628000020980835,0.6940000057220459,-0.9520000219345093,4,16
imu,1777665288.5858557,1606581257000,2.567580223083496,0.4725840985774994,-9.31478500366211,-0.05412375181913376,-0.061135128140449524,-1.396296739578247,40.426415399999996,-86.9274461,165.952,0.628000020980835,0.6940000057220459,-0.9520000219345093,4,16
imu,1777665288.589297,1606591257000,2.284543991088867,-0.29836204648017883,-9.902353286743164,0.07463511824607849,-0.0603354275226593,-1.5242050886154175,40.426415399999996,-86.9274461,165.952,0.628000020980835,0.6940000057220459,-0.9520000219345093,4,16
imu,1777665288.5980887,1606601257000,1.9122917652130127,-1.1241931915283203,-10.043646812438965,0.0025795763358473778,-0.05910250544548035,-1.5377538204193115,40.426415399999996,-86.9274461,165.952,0.628000020980835,0.6940000057220459,-0.9520000219345093,4,16
imu,1777665288.6137772,1606611257000,1.8492203950881958,-1.8129922151565552,-9.893367767333984,-0.15682536363601685,-0.04714598506689072,-1.482175350189209,40.426415399999996,-86.9274461,165.952,0.628000020980835,0.6940000057220459,-0.9520000219345093,4,16
imu,1777665288.618045,1606621257000,1.7602310180664062,-1.9213906526565552,-9.289641380310059,-0.1730116605758667,-0.009102754294872284,-1.3840348720550537,40.426415399999996,-86.9274461,165.952,0.628000020980835,0.6940000057220459,-0.9520000219345093,4,16
imu,1777665288.6360912,1606631257000,1.8216896057128906,-1.8978737592697144,-9.214889526367188,-0.054622847586870193,0.03985200449824333,-1.3287793397903442,40.426415399999996,-86.9274461,165.952,0.628000020980835,0.6940000057220459,-0.9520000219345093,4,16
imu,1777665288.639418,1606641257000,1.8895848989486694,-1.7290921211242676,-9.376755714416504,0.008879046887159348,0.0926433578133583,-1.287920355796814,40.426415399999996,-86.9274461,165.952,0.628000020980835,0.6940000057220459,-0.9520000219345093,4,16
imu,1777665288.6482446,1606651257000,2.1647441387176514,-1.8734482526779175,-9.823432922363281,-0.009368911385536194,0.146841362118721,-1.3028799295425415,40.4264157,-86.9274445,166.315,0.35199999809265137,0.19200000166893005,-0.7749999761581421,4,16
imu,1777665288.6638298,1606661257000,2.0857882499694824,-2.6595354080200195,-10.4378023147583,-0.16261744499206543,0.171847864985466,-1.3109486103057861,40.4264157,-86.9274445,166.315,0.35199999809265137,0.19200000166893005,-0.7749999761581421,4,16
imu,1777665288.6682034,1606671257000,2.071183204650879,-3.3777942657470703,-10.897981643676758,-0.3749607503414154,0.15484200417995453,-1.2344250679016113,40.4264157,-86.9274445,166.315,0.35199999809265137,0.19200000166893005,-0.7749999761581421,4,16
imu,1777665288.6863034,1606681257000,2.051126480102539,-3.490008592605591,-10.850785255432129,-0.5323925614356995,0.06180843338370323,-1.0721591711044312,40.4264157,-86.9274445,166.315,0.35199999809265137,0.19200000166893005,-0.7749999761581421,4,16
imu,1777665288.6895154,1606691257000,2.1097731590270996,-2.655278444290161,-10.560728073120117,-0.6017695069313049,-0.009737374261021614,-0.9351276159286499,40.4264157,-86.9274445,166.315,0.35199999809265137,0.19200000166893005,-0.7749999761581421,4,16
imu,1777665288.6984656,1606701257000,2.5681042671203613,-1.3621373176574707,-10.045869827270508,-0.47602126002311707,-0.058293599635362625,-0.9100111722946167,40.4264157,-86.9274445,166.315,0.35199999809265137,0.19200000166893005,-0.7749999761581421,4,16
imu,1777665288.7140357,1606711257000,2.6090729236602783,-1.141858458518982,-10.147083282470703,-0.319681316614151,-0.05533308535814285,-0.9947384595870972,40.4264157,-86.9274445,166.315,0.35199999809265137,0.19200000166893005,-0.7749999761581421,4,16
imu,1777665288.7184827,1606721257000,2.544166088104248,-1.419291377067566,-10.170929908752441,-0.16212807595729828,-0.02039354294538498,-1.1240290403366089,40.4264157,-86.9274445,166.315,0.35199999809265137,0.19200000166893005,-0.7749999761581421,4,16
imu,1777665288.7363307,1606731257000,2.3369507789611816,-2.1573939323425293,-10.42943286895752,-0.012451902963221073,-0.018337465822696686,-1.1749807596206665,40.4264157,-86.9274445,166.315,0.35199999809265137,0.19200000166893005,-0.7749999761581421,4,16
imu,1777665288.7397726,1606741257000,2.0577216148376465,-2.8368120193481445,-10.551706314086914,-0.04485313594341278,-0.02543639950454235,-1.1180145740509033,40.4264157,-86.9274445,166.315,0.35199999809265137,0.19200000166893005,-0.7749999761581421,4,16
imu,1777665288.7475994,1606751257000,2.100425958633423,-3.3536782264709473,-10.757333755493164,-0.26067134737968445,-0.05870947614312172,-1.0011544227600098,40.4264157,-86.9274445,166.315,0.35199999809265137,0.19200000166893005,-0.7749999761581421,4,16
imu,1777665288.7643144,1606761257000,2.031116485595703,-2.7653450965881348,-10.61848258972168,-0.43161988258361816,-0.09760947525501251,-0.9044623970985413,40.4264157,-86.9274445,166.315,0.35199999809265137,0.19200000166893005,-0.7749999761581421,4,16
imu,1777665288.7676868,1606771257000,2.0670673847198486,-2.216083526611328,-10.423359870910645,-0.49108192324638367,-0.13416367769241333,-0.8902377486228943,40.4264157,-86.9274445,166.315,0.35199999809265137,0.19200000166893005,-0.7749999761581421,4,16
imu,1777665288.785603,1606781257000,1.8735517263412476,-2.074732780456543,-10.059232711791992,-0.3510057032108307,-0.18011246621608734,-0.9160715937614441,40.4264157,-86.9274445,166.315,0.35199999809265137,0.19200000166893005,-0.7749999761581421,4,16
imu,1777665288.788803,1606791257000,1.921309232711792,-1.956668734550476,-9.54794979095459,-0.061514291912317276,-0.20169399678707123,-0.9679986238479614,40.4264157,-86.9274445,166.315,0.35199999809265137,0.19200000166893005,-0.7749999761581421,4,16
imu,1777665288.797888,1606801257000,1.8371766805648804,-2.267749786376953,-9.647513389587402,0.21915894746780396,-0.19635629653930664,-0.9928272366523743,40.4264157,-86.9274445,166.315,0.35199999809265137,0.19200000166893005,-0.7749999761581421,4,16
imu,1777665288.8145287,1606811257000,1.7944709062576294,-3.0227456092834473,-10.142707824707031,0.23411837220191956,-0.14863179624080658,-0.9949472546577454,40.4264157,-86.9274445,166.315,0.35199999809265137,0.19200000166893005,-0.7749999761581421,4,16
imu,1777665288.8178039,1606821257000,1.8137253522872925,-3.2788853645324707,-10.413490295410156,0.02373884804546833,-0.1080925241112709,-0.9222947955131531,40.4264157,-86.9274445,166.315,0.35199999809265137,0.19200000166893005,-0.7749999761581421,4,16
imu,1777665288.8358448,1606831257000,1.7332240343093872,-3.212106704711914,-10.33320140838623,-0.22580447793006897,-0.0807771161198616,-0.8329254984855652,40.4264157,-86.9274445,166.315,0.35199999809265137,0.19200000166893005,-0.7749999761581421,4,16
imu,1777665288.8392994,1606841257000,1.8123635053634644,-3.0167076587677,-10.220413208007812,-0.34869152307510376,-0.0927111804485321,-0.7740456461906433,40.4264157,-86.9274445,166.315,0.35199999809265137,0.19200000166893005,-0.7749999761581421,4,16
imu,1777665288.8481433,1606851257000,1.8001261949539185,-2.9613401889801025,-9.838923454284668,-0.3004579246044159,-0.1317921280860901,-0.7418984770774841,40.426416499999995,-86.9274452,166.293,0.4020000100135803,-0.4099999964237213,-0.36399999260902405,4,16
imu,1777665288.863759,1606861257000,1.6538960933685303,-3.0695416927337646,-9.820481300354004,-0.20259636640548706,-0.13747991621494293,-0.7033101320266724,40.426416499999995,-86.9274452,166.293,0.4020000100135803,-0.4099999964237213,-0.36399999260902405,4,16
imu,1777665288.868175,1606871257000,1.252707839012146,-3.3685507774353027,-9.91317081451416,-0.20036977529525757,-0.0888056829571724,-0.651135265827179,40.426416499999995,-86.9274452,166.293,0.4020000100135803,-0.4099999964237213,-0.36399999260902405,4,16
imu,1777665288.8859854,1606881257000,1.0427489280700684,-3.260525941848755,-9.744900703430176,-0.20479443669319153,-0.03484735265374184,-0.5663252472877502,40.426416499999995,-86.9274452,166.293,0.4020000100135803,-0.4099999964237213,-0.36399999260902405,4,16
imu,1777665288.890597,1606891257000,0.763115406036377,-2.8663973808288574,-9.650656700134277,-0.14170223474502563,0.01994234323501587,-0.49356693029403687,40.426416499999995,-86.9274452,166.293,0.4020000100135803,-0.4099999964237213,-0.36399999260902405,4,16
imu,1777665288.8983262,1606901257000,0.431985467672348,-2.821373701095581,-9.88953685760498,-0.0385250523686409,0.03768813610076904,-0.42554301023483276,40.426416499999995,-86.9274452,166.293,0.4020000100135803,-0.4099999964237213,-0.36399999260902405,4,16
imu,1777665288.914113,1606911257000,0.311908096075058,-3.1935524940490723,-10.401979446411133,-0.06645680963993073,0.030562452971935272,-0.3591325879096985,40.426416499999995,-86.9274452,166.293,0.4020000100135803,-0.4099999964237213,-0.36399999260902405,4,16
imu,1777665288.9183805,1606921257000,-0.2121235728263855,-3.838536024093628,-10.448530197143555,-0.3320421278476715,0.03838071599602699,-0.3053451478481293,40.426416499999995,-86.9274452,166.293,0.4020000100135803,-0.4099999964237213,-0.36399999260902405,4,16
imu,1777665288.9363432,1606931257000,-0.408984512090683,-3.9365813732147217,-9.881390571594238,-0.4998937249183655,0.0414261594414711,-0.2170676440000534,40.426416499999995,-86.9274452,166.293,0.4020000100135803,-0.4099999964237213,-0.36399999260902405,4,16
imu,1777665288.9395878,1606941257000,-0.8558599948883057,-3.883394241333008,-9.382009506225586,-0.40839627385139465,0.02298038825392723,-0.11667019128799438,40.426416499999995,-86.9274452,166.293,0.4020000100135803,-0.4099999964237213,-0.36399999260902405,4,16
imu,1777665288.947405,1606951257000,-0.8915069699287415,-3.4364495277404785,-9.109088897705078,-0.14431573450565338,-0.0011875336058437824,-0.017610831186175346,40.426416499999995,-86.9274452,166.293,0.4020000100135803,-0.4099999964237213,-0.36399999260902405,4,16
imu,1777665288.964059,1606961257000,-0.7245500683784485,-3.1150166988372803,-9.372879028320312,0.046205438673496246,0.0008397267665714025,0.05638153851032257,40.426416499999995,-86.9274452,166.293,0.4020000100135803,-0.4099999964237213,-0.36399999260902405,4,16
imu,1777665288.9673514,1606971257000,-0.7083445191383362,-3.3566489219665527,-9.747939109802246,-0.017270993441343307,0.04161781072616577,0.1339801549911499,40.426416499999995,-86.9274452,166.293,0.4020000100135803,-0.4099999964237213,-0.36399999260902405,4,16
imu,1777665288.9863439,1606981257000,-0.4702622890472412,-3.2144558429718018,-10.078149795532227,-0.23761050403118134,0.07826784998178482,0.27301350235939026,40.426416499999995,-86.9274452,166.293,0.4020000100135803,-0.4099999964237213,-0.36399999260902405,4,16
imu,1777665288.989669,1606991257000,-0.5057706236839294,-2.7569384574890137,-9.938520431518555,-0.4184749126434326,0.12082719802856445,0.3803745210170746,40.426416499999995,-86.9274452,166.293,0.4020000100135803,-0.4099999964237213,-0.36399999260902405,4,16
imu,1777665288.997633,1607001257000,-0.13375994563102722,-1.882889747619629,-9.78023624420166,-0.45564013719558716,0.1524808704853058,0.4308592975139618,40.426416499999995,-86.9274452,166.293,0.4020000100135803,-0.4099999964237213,-0.36399999260902405,4,16
imu,1777665289.0142994,1607011257000,-0.16074030101299286,-1.3363033533096313,-9.714552879333496,-0.40619680285453796,0.19806544482707977,0.42845863103866577,40.426416499999995,-86.9274452,166.293,0.4020000100135803,-0.4099999964237213,-0.36399999260902405,4,16
imu,1777665289.017725,1607021257000,-0.22393564879894257,-1.0190974473953247,-9.648256301879883,-0.3094218075275421,0.19398894906044006,0.39986518025398254,40.426416499999995,-86.9274452,166.293,0.4020000100135803,-0.4099999964237213,-0.36399999260902405,4,16
imu,1777665289.035497,1607031257000,-0.575218915939331,-1.3893359899520874,-9.697117805480957,-0.2989281713962555,0.20421969890594482,0.4273722171783447,40.426416499999995,-86.9274452,166.293,0.4020000100135803,-0.4099999964237213,-0.36399999260902405,4,16
imu,1777665289.0399592,1607041257000,-1.038909673690796,-1.6414685249328613,-9.54748249053955,-0.32397904992103577,0.19958281517028809,0.5519248843193054,40.426416499999995,-86.9274452,166.293,0.4020000100135803,-0.4099999964237213,-0.36399999260902405,4,16
imu,1777665289.048176,1607051257000,-1.028820514678955,-1.4700214862823486,-9.053566932678223,-0.32474085688591003,0.19930124282836914,0.6873015761375427,40.4264162,-86.92744619999999,166.25,-0.6320000290870667,-0.2770000100135803,-0.30000001192092896,4,14
imu,1777665289.0637875,1607061257000,-0.9130669236183167,-0.9800905585289001,-8.983816146850586,-0.32423606514930725,0.26151442527770996,0.7529686093330383,40.4264162,-86.92744619999999,166.25,-0.6320000290870667,-0.2770000100135803,-0.30000001192092896,4,14
imu,1777665289.0682766,1607071257000,-0.8855757713317871,-1.0631983280181885,-9.40859603881836,-0.33687061071395874,0.3655976355075836,0.750708818435669,40.4264162,-86.92744619999999,166.25,-0.6320000290870667,-0.2770000100135803,-0.30000001192092896,4,14
imu,1777665289.086057,1607081257000,-1.1308661699295044,-1.1666338443756104,-9.631494522094727,-0.26732969284057617,0.43988701701164246,0.750673234462738,40.4264162,-86.92744619999999,166.25,-0.6320000290870667,-0.2770000100135803,-0.30000001192092896,4,14
imu,1777665289.089465,1607091257000,-1.203042984008789,-1.6046230792999268,-10.121861457824707,-0.15096041560173035,0.45334678888320923,0.7528657913208008,40.4264162,-86.92744619999999,166.25,-0.6320000290870667,-0.2770000100135803,-0.30000001192092896,4,14
imu,1777665289.0985634,1607101257000,-1.5820326805114746,-2.4368677139282227,-10.446069717407227,-0.10272102802991867,0.4192966818809509,0.8452791571617126,40.4264162,-86.92744619999999,166.25,-0.6320000290870667,-0.2770000100135803,-0.30000001192092896,4,14
imu,1777665289.1140435,1607111257000,-1.6767743825912476,-2.771819591522217,-10.722005844116211,-0.14891302585601807,0.3518214225769043,1.0245658159255981,40.4264162,-86.92744619999999,166.25,-0.6320000290870667,-0.2770000100135803,-0.30000001192092896,4,14
imu,1777665289.1175928,1607121257000,-1.3076306581497192,-2.4939708709716797,-10.922155380249023,-0.3070009648799896,0.28751057386398315,1.2137800455093384,40.4264162,-86.92744619999999,166.25,-0.6320000290870667,-0.2770000100135803,-0.30000001192092896,4,14
imu,1777665289.1353543,1607131257000,-1.2008930444717407,-2.334564685821533,-10.914923667907715,-0.4962487518787384,0.24518945813179016,1.3941338062286377,40.4264162,-86.92744619999999,166.25,-0.6320000290870667,-0.2770000100135803,-0.30000001192092896,4,14
imu,1777665289.1400044,1607141257000,-1.0758427381515503,-1.6135634183883667,-10.21606159210205,-0.5270642042160034,0.179310604929924,1.5345464944839478,40.4264162,-86.92744619999999,166.25,-0.6320000290870667,-0.2770000100135803,-0.30000001192092896,4,14
imu,1777665289.1476865,1607151257000,-0.8905021548271179,-0.6184156537055969,-9.619452476501465,-0.428946316242218,0.13795749843120575,1.5926125049591064,40.4264162,-86.92744619999999,166.25,-0.6320000290870667,-0.2770000100135803,-0.30000001192092896,4,14
imu,1777665289.1634037,1607161257000,-0.7886760830879211,-0.16183516383171082,-9.692896842956543,-0.3331177234649658,0.17084850370883942,1.5631976127624512,40.4264162,-86.92744619999999,166.25,-0.6320000290870667,-0.2770000100135803,-0.30000001192092896,4,14
imu,1777665289.1678333,1607171257000,-0.9453305602073669,0.30766546726226807,-9.688880920410156,-0.3276476562023163,0.24040885269641876,1.5159823894500732,40.4264162,-86.92744619999999,166.25,-0.6320000290870667,-0.2770000100135803,-0.30000001192092896,4,14
imu,1777665289.1857195,1607181257000,-0.7241789698600769,0.6395859122276306,-9.693928718566895,-0.3305102288722992,0.2943105399608612,1.4504505395889282,40.4264162,-86.92744619999999,166.25,-0.6320000290870667,-0.2770000100135803,-0.30000001192092896,4,14
imu,1777665289.1902862,1607191257000,-0.7869024276733398,0.3848324716091156,-9.67530345916748,-0.307747483253479,0.3637356460094452,1.4028635025024414,40.4264162,-86.92744619999999,166.25,-0.6320000290870667,-0.2770000100135803,-0.30000001192092896,4,14
imu,1777665289.1980662,1607201257000,-0.933340847492218,-0.20315112173557281,-9.637411117553711,-0.16545771062374115,0.41665542125701904,1.4018148183822632,40.4264162,-86.92744619999999,166.25,-0.6320000290870667,-0.2770000100135803,-0.30000001192092896,4,14
imu,1777665289.2137582,1607211257000,-1.26751708984375,-1.2698668241500854,-9.801473617553711,0.03254790976643562,0.40301209688186646,1.511701226234436,40.4264162,-86.92744619999999,166.25,-0.6320000290870667,-0.2770000100135803,-0.30000001192092896,4,14
imu,1777665289.2180884,1607221257000,-1.214024305343628,-1.5140388011932373,-10.299790382385254,0.12260086834430695,0.3764015734195709,1.7069313526153564,40.4264162,-86.92744619999999,166.25,-0.6320000290870667,-0.2770000100135803,-0.30000001192092896,4,14
imu,1777665289.236105,1607231257000,-0.7982043027877808,-1.494695782661438,-10.625317573547363,-0.0008690659888088703,0.3714849054813385,1.8144246339797974,40.4264162,-86.92744619999999,166.25,-0.6320000290870667,-0.2770000100135803,-0.30000001192092896,4,14
imu,1777665289.2394443,1607241257000,-0.8229021430015564,-1.32985258102417,-10.553699493408203,-0.1830810010433197,0.3369019627571106,1.8410217761993408,40.4264162,-86.92744619999999,166.25,-0.6320000290870667,-0.2770000100135803,-0.30000001192092896,4,14
imu,1777665289.2486186,1607251257000,-0.8723557591438293,-1.107949137687683,-10.0794677734375,-0.29509738087654114,0.24125809967517853,1.8473097085952759,40.4264146,-86.9274465,166.44,-0.746999979019165,-0.3479999899864197,-0.7020000219345093,4,13
imu,1777665289.264264,1607261257000,-0.8977216482162476,-0.8132264018058777,-9.427452087402344,-0.37163376808166504,0.16524535417556763,1.8444620370864868,40.4264146,-86.9274465,166.44,-0.746999979019165,-0.3479999899864197,-0.7020000219345093,4,13
imu,1777665289.2676437,1607271257000,-1.0500236749649048,-0.8810479044914246,-8.820650100708008,-0.42172905802726746,0.1877322793006897,1.8093479871749878,40.4264146,-86.9274465,166.44,-0.746999979019165,-0.3479999899864197,-0.7020000219345093,4,13
imu,1777665289.285928,1607281257000,-1.7350479364395142,-1.1444060802459717,-8.443595886230469,-0.33745336532592773,0.2869850695133209,1.8302656412124634,40.4264146,-86.9274465,166.44,-0.746999979019165,-0.3479999899864197,-0.7020000219345093,4,13
imu,1777665289.2904491,1607291257000,-1.9762035608291626,-1.069425106048584,-8.479766845703125,-0.0817575678229332,0.33529403805732727,1.9170265197753906,40.4264146,-86.9274465,166.44,-0.746999979019165,-0.3479999899864197,-0.7020000219345093,4,13
imu,1777665289.298334,1607301257000,-2.13486647605896,-1.0942792892456055,-9.045538902282715,0.06425406783819199,0.38530153036117554,1.9586902856826782,40.4264146,-86.9274465,166.44,-0.746999979019165,-0.3479999899864197,-0.7020000219345093,4,13
imu,1777665289.3142114,1607311257000,-2.352079153060913,-0.8096581101417542,-9.590051651000977,0.09438953548669815,0.3933786451816559,1.9621566534042358,40.4264146,-86.9274465,166.44,-0.746999979019165,-0.3479999899864197,-0.7020000219345093,4,13
imu,1777665289.3175292,1607321257000,-2.460777997970581,-0.4489465355873108,-9.792654037475586,0.07050326466560364,0.33645716309547424,1.9175398349761963,40.4264146,-86.9274465,166.44,-0.746999979019165,-0.3479999899864197,-0.7020000219345093,4,13
imu,1777665289.335655,1607331257000,-2.6802737712860107,-0.3379853367805481,-9.672802925109863,0.005330238491296768,0.24055811762809753,1.8247846364974976,40.4264146,-86.9274465,166.44,-0.746999979019165,-0.3479999899864197,-0.7020000219345093,4,13
imu,1777665289.3401465,1607341257000,-2.72298002243042,-0.45141711831092834,-9.827956199645996,-0.09202835708856583,0.13237705826759338,1.7283705472946167,40.4264146,-86.9274465,166.44,-0.746999979019165,-0.3479999899864197,-0.7020000219345093,4,13
imu,1777665289.3480608,1607351257000,-3.5761470794677734,-2.1218771934509277,-9.844921112060547,-0.1413760930299759,0.09216826409101486,1.7141261100769043,40.4264146,-86.9274465,166.44,-0.746999979019165,-0.3479999899864197,-0.7020000219345093,4,13
imu,1777665289.3637745,1607361257000,-4.220971584320068,-3.2956557273864746,-9.520780563354492,0.010407336987555027,0.05482407659292221,1.9403798580169678,40.4264146,-86.9274465,166.44,-0.746999979019165,-0.3479999899864197,-0.7020000219345093,4,13
imu,1777665289.3673177,1607371257000,-4.069396018981934,-3.0093629360198975,-9.54346752166748,0.23271313309669495,-0.006946437060832977,2.186566114425659,40.4264146,-86.9274465,166.44,-0.746999979019165,-0.3479999899864197,-0.7020000219345093,4,13
imu,1777665289.3854356,1607381257000,-3.470803737640381,-2.125201940536499,-9.729578018188477,0.2193414568901062,0.023241933435201645,2.394505739212036,40.4264146,-86.9274465,166.44,-0.746999979019165,-0.3479999899864197,-0.7020000219345093,4,13
imu,1777665289.3900323,1607391257000,-3.0209972858428955,-0.8367147445678711,-9.944204330444336,0.10797601193189621,0.13361136615276337,2.4559719562530518,40.4264146,-86.9274465,166.44,-0.746999979019165,-0.3479999899864197,-0.7020000219345093,4,13
imu,1777665289.3978221,1607401257000,-2.471336603164673,0.45887771248817444,-10.261162757873535,0.19016972184181213,0.16246552765369415,2.3150501251220703,40.4264146,-86.9274465,166.44,-0.746999979019165,-0.3479999899864197,-0.7020000219345093,4,13
imu,1777665289.4137414,1607411257000,-2.432448148727417,1.0031298398971558,-10.323407173156738,0.24903513491153717,0.15252959728240967,2.0984995365142822,40.4264146,-86.9274465,166.44,-0.746999979019165,-0.3479999899864197,-0.7020000219345093,4,13
imu,1777665289.4182603,1607421257000,-2.1235814094543457,1.3702629804611206,-10.578367233276367,0.30110248923301697,0.09303725510835648,1.8677713871002197,40.4264146,-86.9274465,166.44,-0.746999979019165,-0.3479999899864197,-0.7020000219345093,4,13
imu,1777665289.4361982,1607431257000,-1.8922700881958008,1.4549182653427124,-10.615508079528809,0.34486842155456543,0.018204884603619576,1.6328184604644775,40.4264146,-86.9274465,166.44,-0.746999979019165,-0.3479999899864197,-0.7020000219345093,4,13
imu,1777665289.439715,1607441257000,-2.275744915008545,0.9103018641471863,-10.860018730163574,0.37429338693618774,0.02883410081267357,1.4540985822677612,40.4264146,-86.9274465,166.44,-0.746999979019165,-0.3479999899864197,-0.7020000219345093,4,13
imu,1777665289.4489634,1607451257000,-2.387514352798462,0.5492978096008301,-11.042753219604492,0.5530548691749573,-0.014575195498764515,1.3519781827926636,40.4264137,-86.92744739999999,166.505,-0.25600001215934753,-0.4699999988079071,-0.3109999895095825,4,14
imu,1777665289.4649372,1607461257000,-2.5032973289489746,0.26888081431388855,-10.90210247039795,0.7482551336288452,-0.057635772973299026,1.3448936939239502,40.4264137,-86.92744739999999,166.505,-0.25600001215934753,-0.4699999988079071,-0.3109999895095825,4,14
imu,1777665289.4681184,1607471257000,-2.450974464416504,0.4776113033294678,-10.914420127868652,0.8869003653526306,-0.13432519137859344,1.3884412050247192,40.4264137,-86.92744739999999,166.505,-0.25600001215934753,-0.4699999988079071,-0.3109999895095825,4,14
imu,1777665289.4860933,1607481257000,-1.9226595163345337,1.0259571075439453,-10.728869438171387,0.8569355607032776,-0.14234033226966858,1.3741899728775024,40.4264137,-86.92744739999999,166.505,-0.25600001215934753,-0.4699999988079071,-0.3109999895095825,4,14
imu,1777665289.48944,1607491257000,-1.7541370391845703,1.2441160678863525,-10.310351371765137,0.8176239728927612,-0.1307426393032074,1.263773798942566,40.4264137,-86.92744739999999,166.505,-0.25600001215934753,-0.4699999988079071,-0.3109999895095825,4,14
imu,1777665289.4974055,1607501257000,-1.812109112739563,1.32960844039917,-9.975805282592773,0.8306933641433716,-0.13687868416309357,1.1119087934494019,40.4264137,-86.92744739999999,166.505,-0.25600001215934753,-0.4699999988079071,-0.3109999895095825,4,14
imu,1777665289.5143232,1607511257000,-1.7316503524780273,1.115059494972229,-10.117176055908203,0.6865493059158325,-0.06545141339302063,0.9402052760124207,40.4264137,-86.92744739999999,166.505,-0.25600001215934753,-0.4699999988079071,-0.3109999895095825,4,14
imu,1777665289.517739,1607521257000,-2.1706466674804688,0.5376608967781067,-10.271401405334473,0.5413520932197571,-0.03747713938355446,0.8523514866828918,40.4264137,-86.92744739999999,166.505,-0.25600001215934753,-0.4699999988079071,-0.3109999895095825,4,14
imu,1777665289.535773,1607531257000,-2.676927089691162,-0.06113634258508682,-10.263534545898438,0.5214868783950806,-0.021977076306939125,0.862605631351471,40.4264137,-86.92744739999999,166.505,-0.25600001215934753,-0.4699999988079071,-0.3109999895095825,4,14
imu,1777665289.5391328,1607541257000,-3.0844905376434326,0.07773822546005249,-10.210896492004395,0.6611455082893372,-0.09476551413536072,0.9659849405288696,40.4264137,-86.92744739999999,166.505,-0.25600001215934753,-0.4699999988079071,-0.3109999895095825,4,14
imu,1777665289.5471191,1607551257000,-2.7209818363189697,0.9383985996246338,-10.156356811523438,0.7751783728599548,-0.13803650438785553,1.0829194784164429,40.4264137,-86.92744739999999,166.505,-0.25600001215934753,-0.4699999988079071,-0.3109999895095825,4,14
imu,1777665289.5640943,1607561257000,-2.4629735946655273,1.5964632034301758,-10.348121643066406,0.7754194140434265,-0.13391989469528198,1.0500510931015015,40.4264137,-86.92744739999999,166.505,-0.25600001215934753,-0.4699999988079071,-0.3109999895095825,4,14
imu,1777665289.5686269,1607571257000,-2.500476598739624,1.927424669265747,-10.62119197845459,0.669635534286499,-0.09217709302902222,0.951427698135376,40.4264137,-86.92744739999999,166.505,-0.25600001215934753,-0.4699999988079071,-0.3109999895095825,4,14
imu,1777665289.5854864,1607581257000,-2.4510161876678467,2.1390554904937744,-10.864863395690918,0.535902738571167,-0.09780129045248032,0.806445837020874,40.4264137,-86.92744739999999,166.505,-0.25600001215934753,-0.4699999988079071,-0.3109999895095825,4,14
imu,1777665289.5900207,1607591257000,-2.495093584060669,2.69492244720459,-10.509621620178223,0.39602524042129517,-0.14803753793239594,0.6914777159690857,40.4264137,-86.92744739999999,166.505,-0.25600001215934753,-0.4699999988079071,-0.3109999895095825,4,14
imu,1777665289.5989425,1607601257000,-2.5770721435546875,2.5597267150878906,-10.292738914489746,0.22415922582149506,-0.12831991910934448,0.52986741065979,40.4264137,-86.92744739999999,166.505,-0.25600001215934753,-0.4699999988079071,-0.3109999895095825,4,14
imu,1777665289.6146095,1607611257000,-2.880678415298462,2.2331998348236084,-9.942492485046387,0.21277783811092377,-0.15447759628295898,0.4531189203262329,40.4264137,-86.92744739999999,166.505,-0.25600001215934753,-0.4699999988079071,-0.3109999895095825,4,14
imu,1777665289.619102,1607621257000,-2.854076623916626,2.194000720977783,-9.793724060058594,0.2769208252429962,-0.17474715411663055,0.41576939821243286,40.4264137,-86.92744739999999,166.505,-0.25600001215934753,-0.4699999988079071,-0.3109999895095825,4,14
imu,1777665289.635819,1607631257000,-3.532421112060547,1.5760979652404785,-9.61667537689209,0.4222257435321808,-0.13253909349441528,0.4543779790401459,40.4264137,-86.92744739999999,166.505,-0.25600001215934753,-0.4699999988079071,-0.3109999895095825,4,14
imu,1777665289.639093,1607641257000,-3.54156756401062,1.6258471012115479,-9.644026756286621,0.6711175441741943,-0.14418098330497742,0.5680973529815674,40.4264137,-86.92744739999999,166.505,-0.25600001215934753,-0.4699999988079071,-0.3109999895095825,4,14
imu,1777665289.648097,1607651257000,-2.9015119075775146,2.3589375019073486,-10.197527885437012,0.7731353044509888,-0.07947229593992233,0.6497249007225037,40.426414,-86.9274495,166.29500000000002,-1.1050000190734863,0.10300000011920929,-0.45100000500679016,4,14
imu,1777665289.6649973,1607661257000,-2.2527096271514893,3.316653251647949,-10.969181060791016,0.7643008232116699,-0.06385846436023712,0.6239438652992249,40.426414,-86.9274495,166.29500000000002,-1.1050000190734863,0.10300000011920929,-0.45100000500679016,4,14
imu,1777665289.667193,1607671257000,-1.9211432933807373,3.8828628063201904,-11.369928359985352,0.6706310510635376,-0.08053526282310486,0.5196285843849182,40.426414,-86.9274495,166.29500000000002,-1.1050000190734863,0.10300000011920929,-0.45100000500679016,4,14
imu,1777665289.6850064,1607681257000,-1.601445198059082,4.350147247314453,-11.364230155944824,0.5985344648361206,-0.14226225018501282,0.29924556612968445,40.426414,-86.9274495,166.29500000000002,-1.1050000190734863,0.10300000011920929,-0.45100000500679016,4,14
imu,1777665289.6895854,1607691257000,-1.74913489818573,3.8002614974975586,-11.142820358276367,0.6247637867927551,-0.203659787774086,0.06564335525035858,40.426414,-86.9274495,166.29500000000002,-1.1050000190734863,0.10300000011920929,-0.45100000500679016,4,14
imu,1777665289.698528,1607701257000,-1.9996815919876099,2.688721179962158,-10.9104642868042,0.5480391383171082,-0.1927836686372757,-0.0032525230199098587,40.426414,-86.9274495,166.29500000000002,-1.1050000190734863,0.10300000011920929,-0.45100000500679016,4,14
imu,1777665289.7141883,1607711257000,-2.055380344390869,2.137765884399414,-10.896931648254395,0.47278377413749695,-0.19336728751659393,0.01734987646341324,40.426414,-86.9274495,166.29500000000002,-1.1050000190734863,0.10300000011920929,-0.45100000500679016,4,14
imu,1777665289.7186184,1607721257000,-2.127941370010376,1.929397463798523,-10.854355812072754,0.400349885225296,-0.20275302231311798,0.07089909166097641,40.426414,-86.9274495,166.29500000000002,-1.1050000190734863,0.10300000011920929,-0.45100000500679016,4,14
imu,1777665289.7353582,1607731257000,-2.11548113822937,2.047506809234619,-10.797633171081543,0.31390702724456787,-0.2160511612892151,0.13718660175800323,40.426414,-86.9274495,166.29500000000002,-1.1050000190734863,0.10300000011920929,-0.45100000500679016,4,14
imu,1777665289.7399101,1607741257000,-1.8832485675811768,2.5037896633148193,-10.702423095703125,0.23859284818172455,-0.20198452472686768,0.15356552600860596,40.426414,-86.9274495,166.29500000000002,-1.1050000190734863,0.10300000011920929,-0.45100000500679016,4,14
imu,1777665289.7490058,1607751257000,-1.4624520540237427,3.0016016960144043,-10.606033325195312,0.20456735789775848,-0.20822091400623322,0.08304455876350403,40.426414,-86.9274495,166.29500000000002,-1.1050000190734863,0.10300000011920929,-0.45100000500679016,4,14
imu,1777665289.7645347,1607761257000,-1.0425900220870972,3.0093579292297363,-10.77532958984375,0.22337090969085693,-0.2219269573688507,-0.04833121970295906,40.426414,-86.9274495,166.29500000000002,-1.1050000190734863,0.10300000011920929,-0.45100000500679016,4,14
imu,1777665289.7690132,1607771257000,-0.7255303263664246,2.8510184288024902,-10.694252967834473,0.2578423023223877,-0.23546235263347626,-0.20188215374946594,40.426414,-86.9274495,166.29500000000002,-1.1050000190734863,0.10300000011920929,-0.45100000500679016,4,14
imu,1777665289.785541,1607781257000,-0.7560620903968811,1.9397618770599365,-10.755728721618652,0.2641238272190094,-0.2548654079437256,-0.27861475944519043,40.426414,-86.9274495,166.29500000000002,-1.1050000190734863,0.10300000011920929,-0.45100000500679016,4,14
imu,1777665289.7902288,1607791257000,-0.7714868187904358,1.4481377601623535,-10.994966506958008,0.15668433904647827,-0.26878637075424194,-0.22913232445716858,40.426414,-86.9274495,166.29500000000002,-1.1050000190734863,0.10300000011920929,-0.45100000500679016,4,14
imu,1777665289.7991128,1607801257000,-0.8131721615791321,1.5827879905700684,-11.068025588989258,0.014909293502569199,-0.2996872067451477,-0.13630488514900208,40.426414,-86.9274495,166.29500000000002,-1.1050000190734863,0.10300000011920929,-0.45100000500679016,4,14
imu,1777665289.8147876,1607811257000,-0.48708805441856384,2.192300796508789,-11.062700271606445,-0.096917524933815,-0.36366063356399536,-0.060323379933834076,40.426414,-86.9274495,166.29500000000002,-1.1050000190734863,0.10300000011920929,-0.45100000500679016,4,14
imu,1777665289.818019,1607821257000,-0.5024391412734985,2.6553330421447754,-10.713700294494629,-0.16339406371116638,-0.3924908936023712,-0.06496187299489975,40.426414,-86.9274495,166.29500000000002,-1.1050000190734863,0.10300000011920929,-0.45100000500679016,4,14
imu,1777665289.8359725,1607831257000,-0.4344921112060547,3.0220327377319336,-10.293319702148438,-0.10304708033800125,-0.42819052934646606,-0.11948017030954361,40.426414,-86.9274495,166.29500000000002,-1.1050000190734863,0.10300000011920929,-0.45100000500679016,4,14
imu,1777665289.8393562,1607841256000,-0.41470804810523987,2.942843437194824,-10.035478591918945,0.01618301123380661,-0.42207008600234985,-0.2208762913942337,40.426414,-86.9274495,166.29500000000002,-1.1050000190734863,0.10300000011920929,-0.45100000500679016,4,14
imu,1777665289.8481896,1607851257000,-0.35156330466270447,2.52013897895813,-10.259214401245117,0.07616438716650009,-0.37979012727737427,-0.3140563666820526,40.4264134,-86.9274492,166.159,-0.8759999871253967,0.7680000066757202,-0.4909999966621399,4,13
imu,1777665289.8650682,1607861257000,-0.3894457519054413,2.2179861068725586,-10.567793846130371,0.07298269867897034,-0.3385394215583801,-0.39708149433135986,40.4264134,-86.9274492,166.159,-0.8759999871253967,0.7680000066757202,-0.4909999966621399,4,13
imu,1777665289.8684196,1607871257000,-0.3952270448207855,1.9454751014709473,-10.725790977478027,0.01829768717288971,-0.34007662534713745,-0.4269512891769409,40.4264134,-86.9274492,166.159,-0.8759999871253967,0.7680000066757202,-0.4909999966621399,4,13
imu,1777665289.8851836,1607881256000,-0.30901217460632324,1.9302164316177368,-10.616400718688965,-0.06541169434785843,-0.356904536485672,-0.4059334993362427,40.4264134,-86.9274492,166.159,-0.8759999871253967,0.7680000066757202,-0.4909999966621399,4,13
imu,1777665289.8895535,1607891257000,-0.095587357878685,2.0356874465942383,-10.35233211517334,-0.11450476199388504,-0.38963642716407776,-0.36551928520202637,40.4264134,-86.9274492,166.159,-0.8759999871253967,0.7680000066757202,-0.4909999966621399,4,13
imu,1777665289.8984878,1607901257000,0.10414823144674301,2.149435043334961,-10.011910438537598,-0.12895239889621735,-0.4185076653957367,-0.3178241550922394,40.4264134,-86.9274492,166.159,-0.8759999871253967,0.7680000066757202,-0.4909999966621399,4,13
imu,1777665289.9140766,1607911257000,0.19983559846878052,2.4180431365966797,-9.781444549560547,-0.17430096864700317,-0.40614455938339233,-0.3088557720184326,40.4264134,-86.9274492,166.159,-0.8759999871253967,0.7680000066757202,-0.4909999966621399,4,13
imu,1777665289.9186761,1607921257000,0.13497667014598846,2.528869152069092,-9.661174774169922,-0.2150563895702362,-0.3532653748989105,-0.35243523120880127,40.4264134,-86.9274492,166.159,-0.8759999871253967,0.7680000066757202,-0.4909999966621399,4,13
imu,1777665289.9352899,1607931257000,0.015777062624692917,2.561589241027832,-9.520465850830078,-0.20930705964565277,-0.30313748121261597,-0.4260813891887665,40.4264134,-86.9274492,166.159,-0.8759999871253967,0.7680000066757202,-0.4909999966621399,4,13
imu,1777665289.9396584,1607941257000,-0.16484223306179047,2.22750186920166,-9.639330863952637,-0.2056853473186493,-0.2451261579990387,-0.5107426643371582,40.4264134,-86.9274492,166.159,-0.8759999871253967,0.7680000066757202,-0.4909999966621399,4,13
imu,1777665289.9487033,1607951257000,-0.2962917685508728,1.9370571374893188,-9.689014434814453,-0.16378602385520935,-0.1882801204919815,-0.5732197165489197,40.4264134,-86.9274492,166.159,-0.8759999871253967,0.7680000066757202,-0.4909999966621399,4,13
imu,1777665289.9644644,1607961257000,-0.04968615993857384,2.0544204711914062,-9.748330116271973,-0.0297674760222435,-0.18056955933570862,-0.6387457251548767,40.4264134,-86.9274492,166.159,-0.8759999871253967,0.7680000066757202,-0.4909999966621399,4,13
imu,1777665289.9689434,1607971257000,0.15156929194927216,1.8278839588165283,-10.003519058227539,0.10681752115488052,-0.1983441263437271,-0.7368993759155273,40.4264134,-86.9274492,166.159,-0.8759999871253967,0.7680000066757202,-0.4909999966621399,4,13
imu,1777665289.9857566,1607981257000,0.3774767518043518,1.3036041259765625,-10.215142250061035,0.20277373492717743,-0.22967293858528137,-0.7823748588562012,40.4264134,-86.9274492,166.159,-0.8759999871253967,0.7680000066757202,-0.4909999966621399,4,13
imu,1777665289.9891315,1607991257000,0.43321287631988525,0.8153272271156311,-10.244163513183594,0.20947879552841187,-0.2779807448387146,-0.7513595819473267,40.4264134,-86.9274492,166.159,-0.8759999871253967,0.7680000066757202,-0.4909999966621399,4,13
imu,1777665289.999416,1608001257000,0.4862775206565857,0.4658016562461853,-9.950934410095215,0.12306798994541168,-0.3080768287181854,-0.7140651345252991,40.4264134,-86.9274492,166.159,-0.8759999871253967,0.7680000066757202,-0.4909999966621399,4,13
imu,1777665290.015007,1608011256000,0.5141775012016296,0.2908685803413391,-9.653197288513184,0.042780883610248566,-0.32241883873939514,-0.6075860857963562,40.4264134,-86.9274492,166.159,-0.8759999871253967,0.7680000066757202,-0.4909999966621399,4,13
imu,1777665290.0183911,1608021257000,0.43302324414253235,0.18822412192821503,-9.793776512145996,-0.098765529692173,-0.30148816108703613,-0.5321497917175293,40.4264134,-86.9274492,166.159,-0.8759999871253967,0.7680000066757202,-0.4909999966621399,4,13
imu,1777665290.0362062,1608031257000,0.23501013219356537,0.6421414017677307,-9.609890937805176,-0.2704820930957794,-0.2882613241672516,-0.4516639709472656,40.4264134,-86.9274492,166.159,-0.8759999871253967,0.7680000066757202,-0.4909999966621399,4,13
imu,1777665290.0395792,1608041257000,0.47552424669265747,1.3948873281478882,-9.219917297363281,-0.36529579758644104,-0.2898274064064026,-0.4390689432621002,40.4264134,-86.9274492,166.159,-0.8759999871253967,0.7680000066757202,-0.4909999966621399,4,13
imu,1777665290.0485075,1608051257000,0.6402861475944519,2.0002541542053223,-8.80811595916748,-0.36545273661613464,-0.24835743010044098,-0.4793153405189514,40.426413,-86.9274476,166.204,0.12800000607967377,0.7110000252723694,-0.6570000052452087,4,13
imu,1777665290.0640426,1608061257000,0.7752755284309387,2.2923355102539062,-8.654828071594238,-0.23778006434440613,-0.18760746717453003,-0.5589960813522339,40.426413,-86.9274476,166.204,0.12800000607967377,0.7110000252723694,-0.6570000052452087,4,13
imu,1777665290.0686946,1608071257000,1.0154238939285278,2.2160987854003906,-8.860037803649902,-0.08897802978754044,-0.13130128383636475,-0.6448307633399963,40.426413,-86.9274476,166.204,0.12800000607967377,0.7110000252723694,-0.6570000052452087,4,13
imu,1777665290.0864916,1608081257000,1.0317766666412354,1.8581959009170532,-9.315046310424805,0.007756152655929327,-0.09251387417316437,-0.7169075012207031,40.426413,-86.9274476,166.204,0.12800000607967377,0.7110000252723694,-0.6570000052452087,4,13
imu,1777665290.0898485,1608091257000,1.1974854469299316,1.510666012763977,-9.722959518432617,0.03602562099695206,-0.12215645611286163,-0.7560582160949707,40.426413,-86.9274476,166.204,0.12800000607967377,0.7110000252723694,-0.6570000052452087,4,13
imu,1777665290.0986552,1608101257000,1.1265863180160522,1.0852404832839966,-9.75502872467041,-0.02546638436615467,-0.1813478171825409,-0.7616273760795593,40.426413,-86.9274476,166.204,0.12800000607967377,0.7110000252723694,-0.6570000052452087,4,13
imu,1777665290.1142015,1608111257000,1.169789433479309,0.7588502764701843,-9.677606582641602,-0.136477991938591,-0.2564701437950134,-0.731318473815918,40.426413,-86.9274476,166.204,0.12800000607967377,0.7110000252723694,-0.6570000052452087,4,13
imu,1777665290.1186614,1608121257000,1.3001184463500977,0.8159430623054504,-9.329774856567383,-0.3283012807369232,-0.3116525113582611,-0.6276914477348328,40.426413,-86.9274476,166.204,0.12800000607967377,0.7110000252723694,-0.6570000052452087,4,13
imu,1777665290.136628,1608131257000,1.7229865789413452,1.4621827602386475,-8.793415069580078,-0.4337274134159088,-0.34623053669929504,-0.5904821753501892,40.426413,-86.9274476,166.204,0.12800000607967377,0.7110000252723694,-0.6570000052452087,4,13
imu,1777665290.1398895,1608141257000,2.1271119117736816,1.9064615964889526,-8.450825691223145,-0.4753805100917816,-0.31949979066848755,-0.6300966143608093,40.426413,-86.9274476,166.204,0.12800000607967377,0.7110000252723694,-0.6570000052452087,4,13
imu,1777665290.1487777,1608151257000,2.159029960632324,2.007674217224121,-8.395963668823242,-0.42883989214897156,-0.25082656741142273,-0.7212557792663574,40.426413,-86.9274476,166.204,0.12800000607967377,0.7110000252723694,-0.6570000052452087,4,13
imu,1777665290.1644032,1608161257000,2.2449352741241455,1.7089910507202148,-8.66812515258789,-0.3862064778804779,-0.16131591796875,-0.8577123880386353,40.426413,-86.9274476,166.204,0.12800000607967377,0.7110000252723694,-0.6570000052452087,4,13
imu,1777665290.1694162,1608171257000,1.8717316389083862,1.0232675075531006,-8.97374153137207,-0.37642136216163635,-0.08390524983406067,-0.9283405542373657,40.426413,-86.9274476,166.204,0.12800000607967377,0.7110000252723694,-0.6570000052452087,4,13
imu,1777665290.1861002,1608181257000,1.7407729625701904,0.553231954574585,-9.072844505310059,-0.39227333664894104,-0.07838775962591171,-0.9149938821792603,40.426413,-86.9274476,166.204,0.12800000607967377,0.7110000252723694,-0.6570000052452087,4,13
imu,1777665290.1894312,1608191257000,1.7098007202148438,0.3271343410015106,-8.976937294006348,-0.40363919734954834,-0.10478611290454865,-0.8451063632965088,40.426413,-86.9274476,166.204,0.12800000607967377,0.7110000252723694,-0.6570000052452087,4,13
imu,1777665290.198245,1608201257000,1.743067979812622,0.6367591619491577,-8.845359802246094,-0.4226161539554596,-0.1368202418088913,-0.7940946817398071,40.426413,-86.9274476,166.204,0.12800000607967377,0.7110000252723694,-0.6570000052452087,4,13
imu,1777665290.2139711,1608211257000,2.0072295665740967,1.182940125465393,-8.609789848327637,-0.428500771522522,-0.12625402212142944,-0.7741021513938904,40.426413,-86.9274476,166.204,0.12800000607967377,0.7110000252723694,-0.6570000052452087,4,13
imu,1777665290.2183106,1608221256000,2.2665305137634277,1.476057767868042,-8.59853458404541,-0.3904595971107483,-0.06793572008609772,-0.8379136919975281,40.426413,-86.9274476,166.204,0.12800000607967377,0.7110000252723694,-0.6570000052452087,4,13
imu,1777665290.236219,1608231257000,2.5086491107940674,1.721190333366394,-8.799036979675293,-0.2559565007686615,0.006668662652373314,-0.9803176522254944,40.426413,-86.9274476,166.204,0.12800000607967377,0.7110000252723694,-0.6570000052452087,4,13
imu,1777665290.2396147,1608241257000,2.8821945190429688,1.277698278427124,-9.340828895568848,-0.07691480219364166,0.06136265769600868,-1.1783379316329956,40.426413,-86.9274476,166.204,0.12800000607967377,0.7110000252723694,-0.6570000052452087,4,13
imu,1777665290.2485816,1608251257000,2.775665283203125,-0.009246094152331352,-9.996539115905762,0.04694954305887222,0.06809654831886292,-1.276633858680725,40.4264128,-86.92744479999999,166.668,0.7070000171661377,0.7200000286102295,-0.3479999899864197,4,15
imu,1777665290.264189,1608261257000,2.5924878120422363,-1.408683180809021,-10.736023902893066,-0.03710882365703583,0.020429210737347603,-1.2677644491195679,40.4264128,-86.92744479999999,166.668,0.7070000171661377,0.7200000286102295,-0.3479999899864197,4,15
imu,1777665290.2685776,1608271257000,2.3646512031555176,-1.8562372922897339,-10.726287841796875,-0.2683837413787842,-0.08364532887935638,-1.077592134475708,40.4264128,-86.92744479999999,166.668,0.7070000171661377,0.7200000286102295,-0.3479999899864197,4,15
imu,1777665290.2865844,1608281257000,2.355513572692871,-1.3289859294891357,-10.471294403076172,-0.5042030215263367,-0.18236100673675537,-0.905280590057373,40.4264128,-86.92744479999999,166.668,0.7070000171661377,0.7200000286102295,-0.3479999899864197,4,15
imu,1777665290.2889206,1608291257000,2.473968982696533,-0.5086777806282043,-9.89140796661377,-0.6730741262435913,-0.2506822645664215,-0.8231842517852783,40.4264128,-86.92744479999999,166.668,0.7070000171661377,0.7200000286102295,-0.3479999899864197,4,15
imu,1777665290.2987738,1608301257000,2.735797882080078,0.5300170183181763,-9.323908805847168,-0.6400375366210938,-0.24886952340602875,-0.8475431799888611,40.4264128,-86.92744479999999,166.668,0.7070000171661377,0.7200000286102295,-0.3479999899864197,4,15
imu,1777665290.3147373,1608311257000,2.9495537281036377,1.3549773693084717,-8.974729537963867,-0.46120673418045044,-0.19896791875362396,-0.974544107913971,40.4264128,-86.92744479999999,166.668,0.7070000171661377,0.7200000286102295,-0.3479999899864197,4,15
imu,1777665290.3184667,1608321257000,3.013237476348877,1.0870064496994019,-9.338411331176758,-0.31073057651519775,-0.06864983588457108,-1.1699715852737427,40.4264128,-86.92744479999999,166.668,0.7070000171661377,0.7200000286102295,-0.3479999899864197,4,15
imu,1777665290.3362503,1608331256000,2.6676371097564697,0.3563365638256073,-9.681029319763184,-0.19293569028377533,0.025749417021870613,-1.2987457513809204,40.4264128,-86.92744479999999,166.668,0.7070000171661377,0.7200000286102295,-0.3479999899864197,4,15
imu,1777665290.3396058,1608341257000,2.512476921081543,-0.28874167799949646,-9.940120697021484,-0.11710933595895767,0.04047407582402229,-1.33453369140625,40.4264128,-86.92744479999999,166.668,0.7070000171661377,0.7200000286102295,-0.3479999899864197,4,15
imu,1777665290.3484993,1608351257000,2.247859477996826,-0.6312223672866821,-9.964898109436035,-0.12529832124710083,0.019705671817064285,-1.2992721796035767,40.4264128,-86.92744479999999,166.668,0.7070000171661377,0.7200000286102295,-0.3479999899864197,4,15
imu,1777665290.3641648,1608361257000,2.0354983806610107,-0.5144700407981873,-9.831907272338867,-0.18319034576416016,-0.002327938564121723,-1.2564256191253662,40.4264128,-86.92744479999999,166.668,0.7070000171661377,0.7200000286102295,-0.3479999899864197,4,15
imu,1777665290.368878,1608371257000,2.263531446456909,0.021942323073744774,-9.692605972290039,-0.2153007686138153,0.011245274916291237,-1.2701691389083862,40.4264128,-86.92744479999999,166.668,0.7070000171661377,0.7200000286102295,-0.3479999899864197,4,15
imu,1777665290.3865354,1608381257000,2.2528343200683594,0.030127020552754402,-9.771624565124512,-0.1704041063785553,0.036608122289180756,-1.3812799453735352,40.4264128,-86.92744479999999,166.668,0.7070000171661377,0.7200000286102295,-0.3479999899864197,4,15
imu,1777665290.388918,1608391257000,2.292261838912964,-0.1665998250246048,-9.796770095825195,-0.03626782074570656,0.05910510569810867,-1.4972541332244873,40.4264128,-86.92744479999999,166.668,0.7070000171661377,0.7200000286102295,-0.3479999899864197,4,15
imu,1777665290.3992097,1608401257000,2.481438398361206,-0.7475683093070984,-10.120229721069336,0.11329810321331024,0.05733942613005638,-1.5708389282226562,40.4264128,-86.92744479999999,166.668,0.7070000171661377,0.7200000286102295,-0.3479999899864197,4,15
imu,1777665290.4149606,1608411257000,2.1643126010894775,-1.5529356002807617,-10.796463966369629,0.14812704920768738,0.03000067174434662,-1.5613608360290527,40.4264128,-86.92744479999999,166.668,0.7070000171661377,0.7200000286102295,-0.3479999899864197,4,15
imu,1777665290.4183593,1608421257000,2.660250186920166,-2.328021287918091,-11.11459732055664,-0.005417590495198965,0.011570874601602554,-1.4699387550354004,40.4264128,-86.92744479999999,166.668,0.7070000171661377,0.7200000286102295,-0.3479999899864197,4,15
imu,1777665290.4364324,1608431256000,2.558542013168335,-2.5142033100128174,-11.136013984680176,-0.2250831574201584,-0.06635057926177979,-1.285144567489624,40.4264128,-86.92744479999999,166.668,0.7070000171661377,0.7200000286102295,-0.3479999899864197,4,15
imu,1777665290.4397798,1608441257000,2.720583200454712,-1.4679462909698486,-10.868464469909668,-0.49951377511024475,-0.11850468814373016,-1.1085376739501953,40.4264128,-86.92744479999999,166.668,0.7070000171661377,0.7200000286102295,-0.3479999899864197,4,15
imu,1777665290.4487147,1608451257000,3.0037271976470947,-0.04156038910150528,-10.17298698425293,-0.6834757328033447,-0.16695919632911682,-1.0220959186553955,40.426413,-86.92744239999999,167.032,0.5130000114440918,0.43299999833106995,-0.41100001335144043,4,15
imu,1777665290.464509,1608461257000,3.146700382232666,1.1713354587554932,-9.435302734375,-0.6611037254333496,-0.17912708222866058,-1.0937162637710571,40.426413,-86.92744239999999,167.032,0.5130000114440918,0.43299999833106995,-0.41100001335144043,4,15
imu,1777665290.4680014,1608471257000,2.87542724609375,1.4499452114105225,-8.920469284057617,-0.48981472849845886,-0.11165257543325424,-1.26072096824646,40.426413,-86.92744239999999,167.032,0.5130000114440918,0.43299999833106995,-0.41100001335144043,4,15
imu,1777665290.4860904,1608481257000,2.595358371734619,0.7054172158241272,-9.068574905395508,-0.20980650186538696,-0.01907786726951599,-1.4597338438034058,40.426413,-86.92744239999999,167.032,0.5130000114440918,0.43299999833106995,-0.41100001335144043,4,15
imu,1777665290.4893289,1608491257000,2.279935836791992,-0.9923543334007263,-9.591595649719238,0.02588052861392498,0.053193263709545135,-1.5756794214248657,40.426413,-86.92744239999999,167.032,0.5130000114440918,0.43299999833106995,-0.41100001335144043,4,15
imu,1777665290.4983733,1608501257000,2.0913796424865723,-2.283311367034912,-10.351581573486328,0.15007752180099487,0.026592141017317772,-1.5317089557647705,40.426413,-86.92744239999999,167.032,0.5130000114440918,0.43299999833106995,-0.41100001335144043,4,15
imu,1777665290.514332,1608511257000,2.135570526123047,-3.0800187587738037,-10.96220588684082,-0.016201592981815338,-0.020370475947856903,-1.392621397972107,40.426413,-86.92744239999999,167.032,0.5130000114440918,0.43299999833106995,-0.41100001335144043,4,15
imu,1777665290.5188725,1608521257000,2.1628761291503906,-3.09121036529541,-10.938864707946777,-0.26870742440223694,-0.15212908387184143,-1.2307898998260498,40.426413,-86.92744239999999,167.032,0.5130000114440918,0.43299999833106995,-0.41100001335144043,4,15
imu,1777665290.5365427,1608531257000,2.3146955966949463,-2.7217891216278076,-10.5258150100708,-0.49353131651878357,-0.24900825321674347,-1.08089017868042,40.426413,-86.92744239999999,167.032,0.5130000114440918,0.43299999833106995,-0.41100001335144043,4,15
imu,1777665290.5389087,1608541257000,2.3841450214385986,-1.6515898704528809,-9.957761764526367,-0.6674457788467407,-0.2909645140171051,-0.9793546795845032,40.426413,-86.92744239999999,167.032,0.5130000114440918,0.43299999833106995,-0.41100001335144043,4,15
imu,1777665290.5487309,1608551257000,2.1244184970855713,-0.772301197052002,-9.557899475097656,-0.6796231865882874,-0.302622526884079,-0.9443128705024719,40.426413,-86.92744239999999,167.032,0.5130000114440918,0.43299999833106995,-0.41100001335144043,4,15
imu,1777665290.5643194,1608561257000,2.2099525928497314,-0.3696047365665436,-9.210877418518066,-0.6464080214500427,-0.2440703958272934,-1.0197314023971558,40.426413,-86.92744239999999,167.032,0.5130000114440918,0.43299999833106995,-0.41100001335144043,4,15
imu,1777665290.5687451,1608571257000,1.886955976486206,-0.35221022367477417,-8.75202751159668,-0.5163654685020447,-0.1933555155992508,-1.0943447351455688,40.426413,-86.92744239999999,167.032,0.5130000114440918,0.43299999833106995,-0.41100001335144043,4,15
imu,1777665290.586452,1608581257000,1.8363385200500488,-0.5496577620506287,-8.576577186584473,-0.3498649001121521,-0.09493368864059448,-1.1558854579925537,40.426413,-86.92744239999999,167.032,0.5130000114440918,0.43299999833106995,-0.41100001335144043,4,15
imu,1777665290.5886607,1608591257000,1.5747020244598389,-0.9000788927078247,-8.814949035644531,-0.21387699246406555,-0.01258951798081398,-1.1727056503295898,40.426413,-86.92744239999999,167.032,0.5130000114440918,0.43299999833106995,-0.41100001335144043,4,15
imu,1777665290.5986931,1608601257000,1.4193511009216309,-1.2820820808410645,-9.350545883178711,-0.17894984781742096,0.0808165967464447,-1.163440227508545,40.426413,-86.92744239999999,167.032,0.5130000114440918,0.43299999833106995,-0.41100001335144043,4,15
imu,1777665290.614197,1608611257000,1.2610657215118408,-1.6154978275299072,-9.860151290893555,-0.22731836140155792,0.15574057400226593,-1.1288459300994873,40.426413,-86.92744239999999,167.032,0.5130000114440918,0.43299999833106995,-0.41100001335144043,4,15
imu,1777665290.6187022,1608621257000,1.233759880065918,-1.9899826049804688,-10.324947357177734,-0.26450929045677185,0.17435210943222046,-1.1140198707580566,40.426413,-86.92744239999999,167.032,0.5130000114440918,0.43299999833106995,-0.41100001335144043,4,15
imu,1777665290.6364279,1608631257000,1.1602230072021484,-2.94920015335083,-10.784272193908691,-0.2766084671020508,0.18687529861927032,-1.1273236274719238,40.426413,-86.92744239999999,167.032,0.5130000114440918,0.43299999833106995,-0.41100001335144043,4,15
imu,1777665290.63877,1608641257000,0.8184446692466736,-4.0652384757995605,-11.101326942443848,-0.21217794716358185,0.13446973264217377,-1.0857841968536377,40.426413,-86.92744239999999,167.032,0.5130000114440918,0.43299999833106995,-0.41100001335144043,4,15
imu,1777665290.6499085,1608651257000,0.42913177609443665,-5.171530723571777,-11.24041748046875,-0.22033941745758057,0.06662830710411072,-0.9465808868408203,40.4264143,-86.92744309999999,167.002,0.28999999165534973,-0.37700000405311584,-0.3240000009536743,4,14
imu,1777665290.6666436,1608661257000,0.027529282495379448,-5.6457672119140625,-11.263956069946289,-0.35886141657829285,0.030160946771502495,-0.7512288093566895,40.4264143,-86.92744309999999,167.002,0.28999999165534973,-0.37700000405311584,-0.3240000009536743,4,14
imu,1777665290.6700306,1608671257000,-0.021639958024024963,-5.200901031494141,-11.244745254516602,-0.5253161191940308,-0.018256081268191338,-0.5062732100486755,40.4264143,-86.92744309999999,167.002,0.28999999165534973,-0.37700000405311584,-0.3240000009536743,4,14
imu,1777665290.6866584,1608681257000,-0.0772835835814476,-4.1854166984558105,-10.846537590026855,-0.7118048667907715,-0.042518291622400284,-0.2935795783996582,40.4264143,-86.92744309999999,167.002,0.28999999165534973,-0.37700000405311584,-0.3240000009536743,4,14
imu,1777665290.688947,1608691257000,0.08301293849945068,-2.667397975921631,-10.280742645263672,-0.7374972105026245,-0.06392330676317215,-0.17814695835113525,40.4264143,-86.92744309999999,167.002,0.28999999165534973,-0.37700000405311584,-0.3240000009536743,4,14
imu,1777665290.697794,1608701257000,0.21017605066299438,-1.5435930490493774,-9.956399917602539,-0.6761149764060974,-0.0437810942530632,-0.1758706271648407,40.4264143,-86.92744309999999,167.002,0.28999999165534973,-0.37700000405311584,-0.3240000009536743,4,14
imu,1777665290.7145977,1608711257000,0.1974448561668396,-1.2708814144134521,-10.139396667480469,-0.6345543265342712,-0.008694948628544807,-0.22659477591514587,40.4264143,-86.92744309999999,167.002,0.28999999165534973,-0.37700000405311584,-0.3240000009536743,4,14
imu,1777665290.7181087,1608721257000,0.05813966691493988,-1.4128988981246948,-10.409305572509766,-0.6645216345787048,0.011934473179280758,-0.23685239255428314,40.4264143,-86.92744309999999,167.002,0.28999999165534973,-0.37700000405311584,-0.3240000009536743,4,14
imu,1777665290.7359445,1608731257000,0.0528893917798996,-0.9278035163879395,-10.241867065429688,-0.7548244595527649,0.015490435063838959,-0.1988326758146286,40.4264143,-86.92744309999999,167.002,0.28999999165534973,-0.37700000405311584,-0.3240000009536743,4,14
imu,1777665290.7393599,1608741257000,0.07663724571466446,-0.24215519428253174,-9.926715850830078,-0.8382283449172974,0.03647465258836746,-0.20898443460464478,40.4264143,-86.92744309999999,167.002,0.28999999165534973,-0.37700000405311584,-0.3240000009536743,4,14
imu,1777665290.7480495,1608751257000,-0.0043675657361745834,0.326485276222229,-9.58681869506836,-0.7404347658157349,0.06352534890174866,-0.25086086988449097,40.4264143,-86.92744309999999,167.002,0.28999999165534973,-0.37700000405311584,-0.3240000009536743,4,14
imu,1777665290.7638612,1608761257000,-0.01660449616611004,0.7009226083755493,-9.635740280151367,-0.5105310678482056,0.0784522145986557,-0.3218229413032532,40.4264143,-86.92744309999999,167.002,0.28999999165534973,-0.37700000405311584,-0.3240000009536743,4,14
imu,1777665290.7683585,1608771257000,-0.19761088490486145,0.44745203852653503,-9.913745880126953,-0.3286816477775574,0.13579078018665314,-0.41446980834007263,40.4264143,-86.92744309999999,167.002,0.28999999165534973,-0.37700000405311584,-0.3240000009536743,4,14
imu,1777665290.786232,1608781257000,-0.14103302359580994,0.24825544655323029,-10.304311752319336,-0.21155358850955963,0.19017963111400604,-0.48595160245895386,40.4264143,-86.92744309999999,167.002,0.28999999165534973,-0.37700000405311584,-0.3240000009536743,4,14
imu,1777665290.7895687,1608791257000,-0.28430792689323425,-0.25704294443130493,-10.774836540222168,-0.10771101713180542,0.21473893523216248,-0.5546031594276428,40.4264143,-86.92744309999999,167.002,0.28999999165534973,-0.37700000405311584,-0.3240000009536743,4,14
imu,1777665290.7984114,1608801257000,-0.42018142342567444,-0.9816393852233887,-10.933849334716797,0.007427483331412077,0.20610855519771576,-0.6133980751037598,40.4264143,-86.92744309999999,167.002,0.28999999165534973,-0.37700000405311584,-0.3240000009536743,4,14
imu,1777665290.8140702,1608811257000,-0.5049883723258972,-1.559603214263916,-11.087848663330078,0.18916310369968414,0.14371389150619507,-0.6285203695297241,40.4264143,-86.92744309999999,167.002,0.28999999165534973,-0.37700000405311584,-0.3240000009536743,4,14
imu,1777665290.8186686,1608821257000,-0.8006964325904846,-2.3846466541290283,-11.357029914855957,0.24798893928527832,0.025728123262524605,-0.5736808776855469,40.4264143,-86.92744309999999,167.002,0.28999999165534973,-0.37700000405311584,-0.3240000009536743,4,14
imu,1777665290.8366194,1608831257000,-1.0733050107955933,-3.1040003299713135,-11.252232551574707,0.05221698805689812,-0.03768468275666237,-0.4058377742767334,40.4264143,-86.92744309999999,167.002,0.28999999165534973,-0.37700000405311584,-0.3240000009536743,4,14
imu,1777665290.8387454,1608841257000,-1.1156837940216064,-3.1169004440307617,-10.857928276062012,-0.22295355796813965,-0.03291783109307289,-0.18504825234413147,40.4264143,-86.92744309999999,167.002,0.28999999165534973,-0.37700000405311584,-0.3240000009536743,4,14
imu,1777665290.8476257,1608851257000,-1.022933006286621,-2.390779495239258,-10.553886413574219,-0.375113844871521,-0.009329475462436676,0.03526894748210907,40.426414199999996,-86.9274442,167.017,-0.3140000104904175,-0.47600001096725464,-0.008999999612569809,4,13
imu,1777665290.864437,1608861257000,-1.0889482498168945,-1.7424207925796509,-10.47574234008789,-0.4095936417579651,0.06150805950164795,0.18161998689174652,40.426414199999996,-86.9274442,167.017,-0.3140000104904175,-0.47600001096725464,-0.008999999612569809,4,13
imu,1777665290.8678374,1608871257000,-0.879561722278595,-1.2426961660385132,-10.727198600769043,-0.33222338557243347,0.09615979343652725,0.27799108624458313,40.426414199999996,-86.9274442,167.017,-0.3140000104904175,-0.47600001096725464,-0.008999999612569809,4,13
imu,1777665290.8865576,1608881257000,-0.9578915238380432,-0.7051047682762146,-10.997065544128418,-0.24066604673862457,0.13079795241355896,0.3162577748298645,40.426414199999996,-86.9274442,167.017,-0.3140000104904175,-0.47600001096725464,-0.008999999612569809,4,13
imu,1777665290.8889468,1608891257000,-1.0170232057571411,-0.5934646725654602,-11.098152160644531,-0.13165776431560516,0.10425720363855362,0.32117027044296265,40.426414199999996,-86.9274442,167.017,-0.3140000104904175,-0.47600001096725464,-0.008999999612569809,4,13
imu,1777665290.8977234,1608901257000,-1.0669831037521362,-0.6818689107894897,-10.885682106018066,-0.0026401090435683727,0.02635353058576584,0.3289325535297394,40.426414199999996,-86.9274442,167.017,-0.3140000104904175,-0.47600001096725464,-0.008999999612569809,4,13
imu,1777665290.914612,1608911257000,-1.1457725763320923,-1.0282713174819946,-10.572978019714355,0.1311056762933731,-0.07931603491306305,0.37570369243621826,40.426414199999996,-86.9274442,167.017,-0.3140000104904175,-0.47600001096725464,-0.008999999612569809,4,13
imu,1777665290.9179978,1608921257000,-1.1877423524856567,-1.7372987270355225,-10.402504920959473,0.07965695858001709,-0.1214849054813385,0.439160019159317,40.426414199999996,-86.9274442,167.017,-0.3140000104904175,-0.47600001096725464,-0.008999999612569809,4,13
imu,1777665290.9357908,1608931257000,-1.442003607749939,-2.2587697505950928,-10.170084953308105,-0.09529975801706314,-0.13474434614181519,0.6009596586227417,40.426414199999996,-86.9274442,167.017,-0.3140000104904175,-0.47600001096725464,-0.008999999612569809,4,13
imu,1777665290.9392707,1608941257000,-1.373565673828125,-1.9754126071929932,-9.957592010498047,-0.30861395597457886,-0.09481922537088394,0.7910783290863037,40.426414199999996,-86.9274442,167.017,-0.3140000104904175,-0.47600001096725464,-0.008999999612569809,4,13
imu,1777665290.9480884,1608951257000,-1.3644161224365234,-1.5494447946548462,-9.779264450073242,-0.4427224099636078,-0.03267806023359299,0.9083864688873291,40.426414199999996,-86.9274442,167.017,-0.3140000104904175,-0.47600001096725464,-0.008999999612569809,4,13
imu,1777665290.9636972,1608961257000,-1.3409833908081055,-0.9710931777954102,-9.70238971710205,-0.46762365102767944,0.0811043530702591,0.9588155150413513,40.426414199999996,-86.9274442,167.017,-0.3140000104904175,-0.47600001096725464,-0.008999999612569809,4,13
imu,1777665290.9680793,1608971257000,-1.1730995178222656,-0.5199897885322571,-10.027252197265625,-0.2685045003890991,0.0913061872124672,0.9646723866462708,40.426414199999996,-86.9274442,167.017,-0.3140000104904175,-0.47600001096725464,-0.008999999612569809,4,13
imu,1777665290.9861367,1608981257000,-1.272742509841919,-0.43618810176849365,-10.258639335632324,-0.05653800070285797,0.08552810549736023,0.9248547554016113,40.426414199999996,-86.9274442,167.017,-0.3140000104904175,-0.47600001096725464,-0.008999999612569809,4,13
imu,1777665290.9895253,1608991257000,-1.2822459936141968,-0.5937272310256958,-10.387887954711914,0.1005764976143837,0.06774652004241943,0.8747924566268921,40.426414199999996,-86.9274442,167.017,-0.3140000104904175,-0.47600001096725464,-0.008999999612569809,4,13
imu,1777665290.998291,1609001257000,-1.5014888048171997,-1.146716594696045,-10.510210037231445,0.27383214235305786,0.003690910991281271,0.8840746283531189,40.426414199999996,-86.9274442,167.017,-0.3140000104904175,-0.47600001096725464,-0.008999999612569809,4,13
imu,1777665291.0141118,1609011257000,-1.6654568910598755,-1.7081074714660645,-10.515439987182617,0.3551842272281647,-0.038233719766139984,0.8922044634819031,40.426414199999996,-86.9274442,167.017,-0.3140000104904175,-0.47600001096725464,-0.008999999612569809,4,13
imu,1777665291.0187213,1609021257000,-1.5648102760314941,-1.8976404666900635,-10.26045036315918,0.33294588327407837,-0.0744699165225029,0.9295843243598938,40.426414199999996,-86.9274442,167.017,-0.3140000104904175,-0.47600001096725464,-0.008999999612569809,4,13
imu,1777665291.036682,1609031257000,-1.692740797996521,-2.204273223876953,-9.962054252624512,0.29698827862739563,-0.0981069952249527,0.9766044020652771,40.426414199999996,-86.9274442,167.017,-0.3140000104904175,-0.47600001096725464,-0.008999999612569809,4,13
imu,1777665291.038952,1609041257000,-1.7612614631652832,-2.5005955696105957,-9.815369606018066,0.2904464602470398,-0.12185896933078766,1.0785343647003174,40.426414199999996,-86.9274442,167.017,-0.3140000104904175,-0.47600001096725464,-0.008999999612569809,4,13
imu,1777665291.0477536,1609051257000,-1.5983973741531372,-2.4573957920074463,-9.919292449951172,0.2756817936897278,-0.16359160840511322,1.2010769844055176,40.4264139,-86.9274456,166.966,0.0,-0.5149999856948853,-0.20900000631809235,4,12
imu,1777665291.0646691,1609061257000,-1.3832956552505493,-2.475609064102173,-10.013031959533691,0.18610869348049164,-0.16133970022201538,1.3202872276306152,40.4264139,-86.9274456,166.966,0.0,-0.5149999856948853,-0.20900000631809235,4,12
imu,1777665291.0679207,1609071257000,-1.210654616355896,-1.9013392925262451,-9.790141105651855,0.09937124699354172,-0.15259478986263275,1.420221209526062,40.4264139,-86.9274456,166.966,0.0,-0.5149999856948853,-0.20900000631809235,4,12
imu,1777665291.0858805,1609081257000,-0.8103145956993103,-1.4283262491226196,-9.804865837097168,0.06775348633527756,-0.15035636723041534,1.4958134889602661,40.4264139,-86.9274456,166.966,0.0,-0.5149999856948853,-0.20900000631809235,4,12
imu,1777665291.089278,1609091257000,-0.8077555298805237,-1.0334144830703735,-9.590241432189941,0.12379495054483414,-0.13167224824428558,1.5580600500106812,40.4264139,-86.9274456,166.966,0.0,-0.5149999856948853,-0.20900000631809235,4,12
imu,1777665291.098104,1609101257000,-0.6356513500213623,-0.6720494031906128,-9.614035606384277,0.3046511113643646,-0.11935155838727951,1.6100730895996094,40.4264139,-86.9274456,166.966,0.0,-0.5149999856948853,-0.20900000631809235,4,12
imu,1777665291.1138995,1609111257000,-0.8543822765350342,-0.8134806752204895,-9.699911117553711,0.43638166785240173,-0.08469628542661667,1.6722697019577026,40.4264139,-86.9274456,166.966,0.0,-0.5149999856948853,-0.20900000631809235,4,12
imu,1777665291.1182585,1609121257000,-0.8551045060157776,-0.6470661759376526,-9.905153274536133,0.456542044878006,-0.041277915239334106,1.7727729082107544,40.4264139,-86.9274456,166.966,0.0,-0.5149999856948853,-0.20900000631809235,4,12
imu,1777665291.1361206,1609131257000,-0.82920241355896,-0.14311432838439941,-9.76163387298584,0.413267582654953,-0.01860286109149456,1.8356449604034424,40.4264139,-86.9274456,166.966,0.0,-0.5149999856948853,-0.20900000631809235,4,12
imu,1777665291.1394384,1609141257000,-0.8681941628456116,0.16044309735298157,-9.645475387573242,0.3512074947357178,0.0043211281299591064,1.8509198427200317,40.4264139,-86.9274456,166.966,0.0,-0.5149999856948853,-0.20900000631809235,4,12
imu,1777665291.1485229,1609151257000,-0.9226229786872864,0.4902574419975281,-9.511542320251465,0.3313951790332794,0.04536182060837746,1.8229498863220215,40.4264139,-86.9274456,166.966,0.0,-0.5149999856948853,-0.20900000631809235,4,12
imu,1777665291.164101,1609161257000,-1.0166995525360107,0.578085720539093,-9.26728630065918,0.40241196751594543,0.07383742928504944,1.7746551036834717,40.4264139,-86.9274456,166.966,0.0,-0.5149999856948853,-0.20900000631809235,4,12
imu,1777665291.1684856,1609171257000,-1.0555559396743774,0.6257179379463196,-9.280953407287598,0.4909925162792206,0.10528894513845444,1.7371740341186523,40.4264139,-86.9274456,166.966,0.0,-0.5149999856948853,-0.20900000631809235,4,12
imu,1777665291.1865122,1609181257000,-1.0795397758483887,0.6336748600006104,-9.563562393188477,0.5010592341423035,0.13531696796417236,1.6869289875030518,40.4264139,-86.9274456,166.966,0.0,-0.5149999856948853,-0.20900000631809235,4,12
imu,1777665291.18861,1609191257000,-0.9429558515548706,0.8793393969535828,-9.693465232849121,0.502682626247406,0.14322605729103088,1.6103416681289673,40.4264139,-86.9274456,166.966,0.0,-0.5149999856948853,-0.20900000631809235,4,12
imu,1777665291.197665,1609201257000,-0.952905535697937,0.6404326558113098,-9.448684692382812,0.5845317244529724,0.09783021360635757,1.4831174612045288,40.4264139,-86.9274456,166.966,0.0,-0.5149999856948853,-0.20900000631809235,4,12
imu,1777665291.214315,1609211257000,-0.9688382744789124,0.34911656379699707,-9.09564208984375,0.7220301628112793,0.011158169247210026,1.358759880065918,40.4264139,-86.9274456,166.966,0.0,-0.5149999856948853,-0.20900000631809235,4,12
imu,1777665291.217609,1609221257000,-1.0539008378982544,-0.4553079307079315,-8.64338207244873,0.8048815131187439,-0.028659535571932793,1.2552827596664429,40.4264139,-86.9274456,166.966,0.0,-0.5149999856948853,-0.20900000631809235,4,12
imu,1777665291.2356756,1609231257000,-1.4208743572235107,-1.5202713012695312,-8.292180061340332,0.7999237775802612,0.012164874002337456,1.2059584856033325,40.4264139,-86.9274456,166.966,0.0,-0.5149999856948853,-0.20900000631809235,4,12
imu,1777665291.2389047,1609241257000,-1.5882091522216797,-2.1683061122894287,-8.03437614440918,0.7310959696769714,0.10514771938323975,1.2448245286941528,40.4264139,-86.9274456,166.966,0.0,-0.5149999856948853,-0.20900000631809235,4,12
imu,1777665291.2480114,1609251257000,-1.8453881740570068,-2.8110411167144775,-8.162787437438965,0.6750026345252991,0.21188271045684814,1.3274116516113281,40.426413499999995,-86.9274461,166.989,-0.28600001335144043,-0.35199999809265137,0.16500000655651093,4,13
imu,1777665291.2636898,1609261257000,-1.996835470199585,-2.9154458045959473,-8.47297191619873,0.6091886162757874,0.2646029591560364,1.4827784299850464,40.426413499999995,-86.9274461,166.989,-0.28600001335144043,-0.35199999809265137,0.16500000655651093,4,13
imu,1777665291.2680182,1609271257000,-1.9308223724365234,-2.6671769618988037,-8.794504165649414,0.48328566551208496,0.2773847281932831,1.6252052783966064,40.426413499999995,-86.9274461,166.989,-0.28600001335144043,-0.35199999809265137,0.16500000655651093,4,13
imu,1777665291.286058,1609281257000,-1.9030654430389404,-2.043132781982422,-8.865026473999023,0.41102540493011475,0.2595911920070648,1.721529483795166,40.426413499999995,-86.9274461,166.989,-0.28600001335144043,-0.35199999809265137,0.16500000655651093,4,13
imu,1777665291.2894258,1609291257000,-1.6956841945648193,-1.3399784564971924,-8.964943885803223,0.4076082110404968,0.1976066380739212,1.7331041097640991,40.426413499999995,-86.9274461,166.989,-0.28600001335144043,-0.35199999809265137,0.16500000655651093,4,13
imu,1777665291.2976782,1609301257000,-1.6267585754394531,-1.0297363996505737,-9.206232070922852,0.37891480326652527,0.1618388146162033,1.6753852367401123,40.426413499999995,-86.9274461,166.989,-0.28600001335144043,-0.35199999809265137,0.16500000655651093,4,13
imu,1777665291.314487,1609311257000,-2.061119318008423,-1.7913652658462524,-9.241182327270508,0.3523165285587311,0.13292652368545532,1.5944255590438843,40.426413499999995,-86.9274461,166.989,-0.28600001335144043,-0.35199999809265137,0.16500000655651093,4,13
imu,1777665291.317825,1609321257000,-2.4149510860443115,-2.4825215339660645,-8.872631072998047,0.3841599225997925,0.09347370266914368,1.588984489440918,40.426413499999995,-86.9274461,166.989,-0.28600001335144043,-0.35199999809265137,0.16500000655651093,4,13
imu,1777665291.3356647,1609331257000,-2.7313928604125977,-2.7185988426208496,-8.686052322387695,0.32053515315055847,0.08579865097999573,1.7240043878555298,40.426413499999995,-86.9274461,166.989,-0.28600001335144043,-0.35199999809265137,0.16500000655651093,4,13
imu,1777665291.3390136,1609341257000,-2.5361995697021484,-2.3866357803344727,-8.980138778686523,0.10217754542827606,0.20125365257263184,1.9155460596084595,40.426413499999995,-86.9274461,166.989,-0.28600001335144043,-0.35199999809265137,0.16500000655651093,4,13
imu,1777665291.3479307,1609351257000,-2.535651206970215,-1.3670597076416016,-9.000258445739746,0.007697855122387409,0.2878972589969635,2.0159971714019775,40.426413499999995,-86.9274461,166.989,-0.28600001335144043,-0.35199999809265137,0.16500000655651093,4,13
imu,1777665291.3634558,1609361257000,-2.3609042167663574,-0.5407088398933411,-9.205158233642578,0.10310680419206619,0.28212955594062805,1.9401870965957642,40.426413499999995,-86.9274461,166.989,-0.28600001335144043,-0.35199999809265137,0.16500000655651093,4,13
imu,1777665291.368168,1609371257000,-2.2936606407165527,-0.08033929765224457,-9.361075401306152,0.1418410837650299,0.26911789178848267,1.7629669904708862,40.426413499999995,-86.9274461,166.989,-0.28600001335144043,-0.35199999809265137,0.16500000655651093,4,13
imu,1777665291.386036,1609381257000,-2.6854846477508545,-0.09396660327911377,-9.321134567260742,0.1784287393093109,0.2909722924232483,1.5768595933914185,40.426413499999995,-86.9274461,166.989,-0.28600001335144043,-0.35199999809265137,0.16500000655651093,4,13
imu,1777665291.390615,1609391257000,-2.9990673065185547,-0.0739573985338211,-9.305130958557129,0.2981509566307068,0.2353357970714569,1.425437331199646,40.426413499999995,-86.9274461,166.989,-0.28600001335144043,-0.35199999809265137,0.16500000655651093,4,13
imu,1777665291.3983364,1609401257000,-3.289865016937256,-0.24537405371665955,-9.47451400756836,0.3094653785228729,0.266028493642807,1.342956304550171,40.426413499999995,-86.9274461,166.989,-0.28600001335144043,-0.35199999809265137,0.16500000655651093,4,13
imu,1777665291.4139209,1609411257000,-3.428361177444458,-0.11432243883609772,-9.793634414672852,0.39550989866256714,0.2803732454776764,1.3152481317520142,40.426413499999995,-86.9274461,166.989,-0.28600001335144043,-0.35199999809265137,0.16500000655651093,4,13
imu,1777665291.4183757,1609421257000,-4.035778045654297,-0.23230823874473572,-9.854925155639648,0.6316725015640259,0.316614031791687,1.26387619972229,40.426413499999995,-86.9274461,166.989,-0.28600001335144043,-0.35199999809265137,0.16500000655651093,4,13
imu,1777665291.4361844,1609431257000,-3.9833285808563232,-0.061636362224817276,-9.792378425598145,0.8918433785438538,0.3144345283508301,1.2402451038360596,40.426413499999995,-86.9274461,166.989,-0.28600001335144043,-0.35199999809265137,0.16500000655651093,4,13
imu,1777665291.4396007,1609441257000,-3.718682050704956,0.20871661603450775,-10.21778678894043,0.9532978534698486,0.29499009251594543,1.244172215461731,40.426413499999995,-86.9274461,166.989,-0.28600001335144043,-0.35199999809265137,0.16500000655651093,4,13
imu,1777665291.4485857,1609451257000,-3.6252498626708984,0.47324076294898987,-10.679183006286621,0.8178621530532837,0.33605700731277466,1.2060961723327637,40.4264137,-86.927448,166.651,-0.6309999823570251,-0.6000000238418579,0.4059999883174896,4,13
imu,1777665291.4643588,1609461257000,-3.2800605297088623,1.1657121181488037,-10.857072830200195,0.6946224570274353,0.282583087682724,1.1148216724395752,40.4264137,-86.927448,166.651,-0.6309999823570251,-0.6000000238418579,0.4059999883174896,4,13
imu,1777665291.4676268,1609471257000,-3.13150691986084,1.4245716333389282,-10.986247062683105,0.5435781478881836,0.21647872030735016,0.9381630420684814,40.4264137,-86.927448,166.651,-0.6309999823570251,-0.6000000238418579,0.4059999883174896,4,13
imu,1777665291.4866495,1609481257000,-3.0989742279052734,1.335127830505371,-10.993212699890137,0.39687052369117737,0.13281163573265076,0.7584303021430969,40.4264137,-86.927448,166.651,-0.6309999823570251,-0.6000000238418579,0.4059999883174896,4,13
imu,1777665291.4901066,1609491257000,-3.641874074935913,0.6038526296615601,-10.637471199035645,0.39421993494033813,0.09288200736045837,0.6653931140899658,40.4264137,-86.927448,166.651,-0.6309999823570251,-0.6000000238418579,0.4059999883174896,4,13
imu,1777665291.4977236,1609501257000,-3.7882566452026367,0.4218194782733917,-10.134468078613281,0.6195576786994934,0.025916414335370064,0.6811129450798035,40.4264137,-86.927448,166.651,-0.6309999823570251,-0.6000000238418579,0.4059999883174896,4,13
imu,1777665291.5136433,1609511257000,-3.707435369491577,0.333543986082077,-9.903005599975586,0.8044404983520508,0.0194332804530859,0.7288538217544556,40.4264137,-86.927448,166.651,-0.6309999823570251,-0.6000000238418579,0.4059999883174896,4,13
imu,1777665291.5179865,1609521257000,-3.207265615463257,0.9535205960273743,-9.816259384155273,0.8961709141731262,0.026414336636662483,0.7496380805969238,40.4264137,-86.927448,166.651,-0.6309999823570251,-0.6000000238418579,0.4059999883174896,4,13
imu,1777665291.5358903,1609531257000,-3.118699312210083,1.3329137563705444,-9.591973304748535,1.0255582332611084,0.021673770621418953,0.6132116913795471,40.4264137,-86.927448,166.651,-0.6309999823570251,-0.6000000238418579,0.4059999883174896,4,13
imu,1777665291.5404522,1609541257000,-2.7411270141601562,0.9730380773544312,-9.417970657348633,1.115653395652771,-0.012444286607205868,0.4281517267227173,40.4264137,-86.927448,166.651,-0.6309999823570251,-0.6000000238418579,0.4059999883174896,4,13
imu,1777665291.5482535,1609551257000,-3.2463979721069336,-0.38027632236480713,-9.791542053222656,0.9760119318962097,0.011884639970958233,0.42133018374443054,40.4264137,-86.927448,166.651,-0.6309999823570251,-0.6000000238418579,0.4059999883174896,4,13
imu,1777665291.5638008,1609561257000,-3.3621392250061035,-0.9133275151252747,-10.274023056030273,0.646853506565094,-0.00944509170949459,0.5447139739990234,40.4264137,-86.927448,166.651,-0.6309999823570251,-0.6000000238418579,0.4059999883174896,4,13
imu,1777665291.5683532,1609571257000,-3.2562217712402344,-1.032157063484192,-10.618096351623535,0.30465200543403625,-0.009414388798177242,0.7629132866859436,40.4264137,-86.927448,166.651,-0.6309999823570251,-0.6000000238418579,0.4059999883174896,4,13
imu,1777665291.586098,1609581257000,-3.122075080871582,0.06510257720947266,-10.119614601135254,0.15101337432861328,-0.10577063262462616,1.00515615940094,40.4264137,-86.927448,166.651,-0.6309999823570251,-0.6000000238418579,0.4059999883174896,4,13
imu,1777665291.589401,1609591257000,-2.385295867919922,1.1692324876785278,-10.064434051513672,0.11873781681060791,-0.17473460733890533,1.1024038791656494,40.4264137,-86.927448,166.651,-0.6309999823570251,-0.6000000238418579,0.4059999883174896,4,13
imu,1777665291.598288,1609601257000,-2.1280698776245117,2.034698963165283,-10.199983596801758,0.11735647916793823,-0.1596892774105072,1.0050057172775269,40.4264137,-86.927448,166.651,-0.6309999823570251,-0.6000000238418579,0.4059999883174896,4,13
imu,1777665291.6138675,1609611257000,-1.9883074760437012,2.2087416648864746,-10.424200057983398,0.1276393085718155,-0.11098825931549072,0.823050320148468,40.4264137,-86.927448,166.651,-0.6309999823570251,-0.6000000238418579,0.4059999883174896,4,13
imu,1777665291.6182349,1609621257000,-2.1509480476379395,1.8863009214401245,-10.958930969238281,0.02994387224316597,0.0020692413672804832,0.6836727857589722,40.4264137,-86.927448,166.651,-0.6309999823570251,-0.6000000238418579,0.4059999883174896,4,13
imu,1777665291.6361537,1609631257000,-2.259700059890747,1.99848210811615,-11.142109870910645,-0.021730491891503334,0.040877439081668854,0.634647786617279,40.4264137,-86.927448,166.651,-0.6309999823570251,-0.6000000238418579,0.4059999883174896,4,13
imu,1777665291.6396751,1609641257000,-1.9602899551391602,2.5363807678222656,-11.1644926071167,-0.04485040158033371,0.01618984155356884,0.5997678637504578,40.4264137,-86.927448,166.651,-0.6309999823570251,-0.6000000238418579,0.4059999883174896,4,13
imu,1777665291.647475,1609651256000,-2.043421983718872,2.7364883422851562,-10.999013900756836,-0.017103230580687523,0.049886371940374374,0.5470900535583496,40.4264133,-86.9274495,166.41400000000002,-0.859000027179718,0.17499999701976776,0.14499999582767487,4,12
imu,1777665291.6642842,1609661257000,-1.827710509300232,2.8661203384399414,-10.832868576049805,0.2189791351556778,0.01565249264240265,0.44736090302467346,40.4264133,-86.9274495,166.41400000000002,-0.859000027179718,0.17499999701976776,0.14499999582767487,4,12
imu,1777665291.6675172,1609671257000,-1.8606241941452026,2.604214668273926,-10.882286071777344,0.31282851099967957,0.08109644800424576,0.3921436667442322,40.4264133,-86.9274495,166.41400000000002,-0.859000027179718,0.17499999701976776,0.14499999582767487,4,12
imu,1777665291.6855202,1609681257000,-1.6279224157333374,2.514976978302002,-10.919732093811035,0.35147708654403687,0.13208727538585663,0.29823538661003113,40.4264133,-86.9274495,166.41400000000002,-0.859000027179718,0.17499999701976776,0.14499999582767487,4,12
imu,1777665291.6899478,1609691257000,-1.5649688243865967,2.042841672897339,-11.104694366455078,0.34258395433425903,0.1728702187538147,0.23391605913639069,40.4264133,-86.9274495,166.41400000000002,-0.859000027179718,0.17499999701976776,0.14499999582767487,4,12
imu,1777665291.6979694,1609701257000,-1.631949782371521,1.7439727783203125,-11.3776273727417,0.2869666516780853,0.1488233208656311,0.24482467770576477,40.4264133,-86.9274495,166.41400000000002,-0.859000027179718,0.17499999701976776,0.14499999582767487,4,12
imu,1777665291.7136052,1609711257000,-1.3468855619430542,1.9777839183807373,-11.628137588500977,0.13009238243103027,0.08627884089946747,0.2403460592031479,40.4264133,-86.9274495,166.41400000000002,-0.859000027179718,0.17499999701976776,0.14499999582767487,4,12
imu,1777665291.718124,1609721257000,-1.1033055782318115,2.5762646198272705,-11.578895568847656,-0.032793283462524414,0.013421725481748581,0.2642403244972229,40.4264133,-86.9274495,166.41400000000002,-0.859000027179718,0.17499999701976776,0.14499999582767487,4,12
imu,1777665291.736066,1609731257000,-1.042868733406067,3.201596736907959,-11.118552207946777,-0.028671391308307648,-0.017043014988303185,0.24086344242095947,40.4264133,-86.9274495,166.41400000000002,-0.859000027179718,0.17499999701976776,0.14499999582767487,4,12
imu,1777665291.7394617,1609741257000,-0.8273001909255981,3.4437551498413086,-10.925613403320312,0.15287846326828003,-0.08699122071266174,0.1606842577457428,40.4264133,-86.9274495,166.41400000000002,-0.859000027179718,0.17499999701976776,0.14499999582767487,4,12
imu,1777665291.748329,1609751257000,-0.7581505179405212,2.9421708583831787,-11.18922233581543,0.27135029435157776,-0.0948747918009758,0.04129782319068909,40.4264133,-86.9274495,166.41400000000002,-0.859000027179718,0.17499999701976776,0.14499999582767487,4,12
imu,1777665291.7639666,1609761257000,-0.6373318433761597,2.6185379028320312,-11.421758651733398,0.2890261113643646,-0.09147346764802933,-0.060043320059776306,40.4264133,-86.9274495,166.41400000000002,-0.859000027179718,0.17499999701976776,0.14499999582767487,4,12
imu,1777665291.7685273,1609771257000,-0.5740469694137573,2.338958263397217,-11.440801620483398,0.23834048211574554,-0.14308254420757294,-0.14054173231124878,40.4264133,-86.9274495,166.41400000000002,-0.859000027179718,0.17499999701976776,0.14499999582767487,4,12
imu,1777665291.786235,1609781257000,-0.7371295094490051,1.9083080291748047,-11.111927032470703,0.1194189265370369,-0.1837800145149231,-0.1614554077386856,40.4264133,-86.9274495,166.41400000000002,-0.859000027179718,0.17499999701976776,0.14499999582767487,4,12
imu,1777665291.7895365,1609791257000,-0.6436452269554138,1.811701774597168,-10.966462135314941,-0.008701072074472904,-0.24923774600028992,-0.13841213285923004,40.4264133,-86.9274495,166.41400000000002,-0.859000027179718,0.17499999701976776,0.14499999582767487,4,12
imu,1777665291.797311,1609801257000,-0.5324089527130127,2.121000289916992,-10.737959861755371,-0.14275269210338593,-0.2784741520881653,-0.09885929524898529,40.4264133,-86.9274495,166.41400000000002,-0.859000027179718,0.17499999701976776,0.14499999582767487,4,12
imu,1777665291.8142593,1609811257000,-0.24223268032073975,2.539249897003174,-10.553914070129395,-0.1600145697593689,-0.30611157417297363,-0.10887977480888367,40.4264133,-86.9274495,166.41400000000002,-0.859000027179718,0.17499999701976776,0.14499999582767487,4,12
imu,1777665291.8177452,1609821257000,-0.12183098495006561,2.8016560077667236,-10.540953636169434,-0.09282594174146652,-0.32123154401779175,-0.18266963958740234,40.4264133,-86.9274495,166.41400000000002,-0.859000027179718,0.17499999701976776,0.14499999582767487,4,12
imu,1777665291.8355494,1609831257000,-0.04081116244196892,2.719759941101074,-10.63027572631836,-0.03153429925441742,-0.3569420278072357,-0.27946242690086365,40.4264133,-86.9274495,166.41400000000002,-0.859000027179718,0.17499999701976776,0.14499999582767487,4,12
imu,1777665291.8398933,1609841257000,-0.14890003204345703,2.460953712463379,-10.530518531799316,-0.06576008349657059,-0.35002249479293823,-0.35841670632362366,40.4264133,-86.9274495,166.41400000000002,-0.859000027179718,0.17499999701976776,0.14499999582767487,4,12
imu,1777665291.8476968,1609851257000,0.028831299394369125,2.555899143218994,-10.31429672241211,-0.09075739979743958,-0.37162214517593384,-0.41822943091392517,40.4264121,-86.9274484,166.288,-0.6209999918937683,0.9620000123977661,-0.1379999965429306,4,12
imu,1777665291.863339,1609861257000,0.08466934412717819,2.4348719120025635,-10.456751823425293,-0.10318205505609512,-0.3952978253364563,-0.47588104009628296,40.4264121,-86.9274484,166.288,-0.6209999918937683,0.9620000123977661,-0.1379999965429306,4,12
imu,1777665291.8679125,1609871257000,0.1493062973022461,2.427949905395508,-10.568900108337402,-0.1151789203286171,-0.41004133224487305,-0.55246502161026,40.4264121,-86.9274484,166.288,-0.6209999918937683,0.9620000123977661,-0.1379999965429306,4,12
imu,1777665291.8858683,1609881257000,0.18272444605827332,2.133444309234619,-10.724074363708496,-0.15075773000717163,-0.4521702826023102,-0.6070549488067627,40.4264121,-86.9274484,166.288,-0.6209999918937683,0.9620000123977661,-0.1379999965429306,4,12
imu,1777665291.8902102,1609891257000,0.1311931014060974,2.002183198928833,-10.424235343933105,-0.2295304536819458,-0.47756749391555786,-0.6315225958824158,40.4264121,-86.9274484,166.288,-0.6209999918937683,0.9620000123977661,-0.1379999965429306,4,12
imu,1777665291.8979735,1609901257000,0.22359615564346313,2.078695297241211,-10.133124351501465,-0.2538513243198395,-0.4879585802555084,-0.659024178981781,40.4264121,-86.9274484,166.288,-0.6209999918937683,0.9620000123977661,-0.1379999965429306,4,12
imu,1777665291.9135997,1609911257000,0.252631276845932,2.0871875286102295,-10.042091369628906,-0.2343948483467102,-0.4930272400379181,-0.69443279504776,40.4264121,-86.9274484,166.288,-0.6209999918937683,0.9620000123977661,-0.1379999965429306,4,12
imu,1777665291.917999,1609921257000,0.6814104914665222,2.0918331146240234,-10.006879806518555,-0.22333166003227234,-0.4906746745109558,-0.7598925232887268,40.4264121,-86.9274484,166.288,-0.6209999918937683,0.9620000123977661,-0.1379999965429306,4,12
imu,1777665291.9358048,1609931257000,0.8531519770622253,1.8697704076766968,-10.002032279968262,-0.18697026371955872,-0.48810771107673645,-0.8200936913490295,40.4264121,-86.9274484,166.288,-0.6209999918937683,0.9620000123977661,-0.1379999965429306,4,12
imu,1777665291.940386,1609941257000,1.2002235651016235,2.2656805515289307,-9.749554634094238,-0.17182032763957977,-0.46961015462875366,-0.8752354979515076,40.4264121,-86.9274484,166.288,-0.6209999918937683,0.9620000123977661,-0.1379999965429306,4,12
imu,1777665291.9494123,1609951257000,1.4044305086135864,2.109405279159546,-9.51774787902832,-0.12954531610012054,-0.4690864384174347,-0.9630618095397949,40.4264121,-86.9274484,166.288,-0.6209999918937683,0.9620000123977661,-0.1379999965429306,4,12
imu,1777665291.9650304,1609961257000,1.3016343116760254,1.5404270887374878,-9.522659301757812,-0.1302516758441925,-0.47593966126441956,-1.002375841140747,40.4264121,-86.9274484,166.288,-0.6209999918937683,0.9620000123977661,-0.1379999965429306,4,12
imu,1777665291.9683464,1609971257000,1.0802973508834839,1.0927093029022217,-9.482462882995605,-0.23893195390701294,-0.4379193186759949,-0.9938464164733887,40.4264121,-86.9274484,166.288,-0.6209999918937683,0.9620000123977661,-0.1379999965429306,4,12
imu,1777665291.9862046,1609981257000,1.1123054027557373,1.2359018325805664,-9.268437385559082,-0.3290953040122986,-0.41734373569488525,-0.9583655595779419,40.4264121,-86.9274484,166.288,-0.6209999918937683,0.9620000123977661,-0.1379999965429306,4,12
imu,1777665291.9895341,1609991257000,0.9907256364822388,1.5019475221633911,-9.073464393615723,-0.3108949363231659,-0.40129905939102173,-0.9368139505386353,40.4264121,-86.9274484,166.288,-0.6209999918937683,0.9620000123977661,-0.1379999965429306,4,12
imu,1777665291.9974256,1610001256000,1.2246317863464355,1.8455554246902466,-9.146079063415527,-0.20954547822475433,-0.3525749146938324,-0.9385358095169067,40.4264121,-86.9274484,166.288,-0.6209999918937683,0.9620000123977661,-0.1379999965429306,4,12
imu,1777665292.014023,1610011257000,1.5739306211471558,1.8695162534713745,-9.672516822814941,-0.1432058960199356,-0.30946627259254456,-1.008083462715149,40.4264121,-86.9274484,166.288,-0.6209999918937683,0.9620000123977661,-0.1379999965429306,4,12
imu,1777665292.0176158,1610021257000,1.5350942611694336,1.8583685159683228,-9.902600288391113,-0.1287984848022461,-0.2866881787776947,-1.1017646789550781,40.4264121,-86.9274484,166.288,-0.6209999918937683,0.9620000123977661,-0.1379999965429306,4,12
imu,1777665292.0355606,1610031257000,1.44834566116333,1.3938944339752197,-10.209668159484863,-0.14350248873233795,-0.27539023756980896,-1.1879756450653076,40.4264121,-86.9274484,166.288,-0.6209999918937683,0.9620000123977661,-0.1379999965429306,4,12
imu,1777665292.03995,1610041257000,1.4000684022903442,1.285461187362671,-10.278755187988281,-0.16370131075382233,-0.2803056538105011,-1.2184898853302002,40.4264121,-86.9274484,166.288,-0.6209999918937683,0.9620000123977661,-0.1379999965429306,4,12
imu,1777665292.0479188,1610051257000,1.411501407623291,1.2826611995697021,-10.278786659240723,-0.19148500263690948,-0.3368138372898102,-1.221730351448059,40.4264131,-86.927447,166.094,0.4099999964237213,0.9570000171661377,0.17000000178813934,4,13
imu,1777665292.0647182,1610061257000,1.3045138120651245,0.9487195611000061,-10.441649436950684,-0.30855101346969604,-0.3466140925884247,-1.2239985466003418,40.4264131,-86.927447,166.094,0.4099999964237213,0.9570000171661377,0.17000000178813934,4,13
imu,1777665292.0679917,1610071257000,1.2568429708480835,0.8500573039054871,-10.56417465209961,-0.38953787088394165,-0.36335664987564087,-1.187222957611084,40.4264131,-86.927447,166.094,0.4099999964237213,0.9570000171661377,0.17000000178813934,4,13
imu,1777665292.086127,1610081257000,1.3144654035568237,0.7864090800285339,-10.793399810791016,-0.45762038230895996,-0.39100804924964905,-1.1559630632400513,40.4264131,-86.927447,166.094,0.4099999964237213,0.9570000171661377,0.17000000178813934,4,13
imu,1777665292.0895152,1610091257000,1.5117712020874023,0.9295143485069275,-11.008931159973145,-0.48579785227775574,-0.43066006898880005,-1.161251187324524,40.4264131,-86.927447,166.094,0.4099999964237213,0.9570000171661377,0.17000000178813934,4,13
imu,1777665292.0986314,1610101257000,1.5541666746139526,0.9408798813819885,-11.174839973449707,-0.5210695266723633,-0.4685136675834656,-1.1867910623550415,40.4264131,-86.927447,166.094,0.4099999964237213,0.9570000171661377,0.17000000178813934,4,13
imu,1777665292.1141934,1610111257000,1.5663260221481323,0.9017342925071716,-11.174295425415039,-0.5644135475158691,-0.5255550742149353,-1.2159373760223389,40.4264131,-86.927447,166.094,0.4099999964237213,0.9570000171661377,0.17000000178813934,4,13
imu,1777665292.117713,1610121257000,1.526647686958313,0.9326558709144592,-10.993844985961914,-0.6250534057617188,-0.5804316997528076,-1.232628345489502,40.4264131,-86.927447,166.094,0.4099999964237213,0.9570000171661377,0.17000000178813934,4,13
imu,1777665292.1358404,1610131257000,1.5293164253234863,1.143908143043518,-10.65665340423584,-0.6420974731445312,-0.6207801699638367,-1.261958122253418,40.4264131,-86.927447,166.094,0.4099999964237213,0.9570000171661377,0.17000000178813934,4,13
imu,1777665292.1403744,1610141257000,1.6274044513702393,1.266626238822937,-10.364584922790527,-0.6115244030952454,-0.6236943006515503,-1.308274507522583,40.4264131,-86.927447,166.094,0.4099999964237213,0.9570000171661377,0.17000000178813934,4,13
imu,1777665292.1482134,1610151257000,1.6703482866287231,1.2281264066696167,-10.20845890045166,-0.5506572723388672,-0.6034486889839172,-1.3850655555725098,40.4264131,-86.927447,166.094,0.4099999964237213,0.9570000171661377,0.17000000178813934,4,13
imu,1777665292.1648755,1610161257000,1.9647376537322998,1.0399214029312134,-10.352533340454102,-0.48180076479911804,-0.57963627576828,-1.4670062065124512,40.4264131,-86.927447,166.094,0.4099999964237213,0.9570000171661377,0.17000000178813934,4,13
imu,1777665292.1683466,1610171257000,1.9132131338119507,0.5794982314109802,-10.494071960449219,-0.4687291979789734,-0.5278446674346924,-1.527608871459961,40.4264131,-86.927447,166.094,0.4099999964237213,0.9570000171661377,0.17000000178813934,4,13
imu,1777665292.185503,1610181257000,2.0868964195251465,0.27361607551574707,-10.758977890014648,-0.4788922667503357,-0.5347639918327332,-1.5297085046768188,40.4264131,-86.927447,166.094,0.4099999964237213,0.9570000171661377,0.17000000178813934,4,13
imu,1777665292.1899538,1610191257000,1.9883966445922852,0.009816333651542664,-10.874505043029785,-0.5702667236328125,-0.5534909963607788,-1.5267177820205688,40.4264131,-86.927447,166.094,0.4099999964237213,0.9570000171661377,0.17000000178813934,4,13
imu,1777665292.1978214,1610201257000,2.0988121032714844,-0.1766831874847412,-10.070106506347656,-0.6609073281288147,-0.6102217435836792,-1.4887802600860596,40.4264131,-86.927447,166.094,0.4099999964237213,0.9570000171661377,0.17000000178813934,4,13
imu,1777665292.2149262,1610211257000,1.9034337997436523,-0.0955485850572586,-9.17556095123291,-0.6891846060752869,-0.6252904534339905,-1.4377280473709106,40.4264131,-86.927447,166.094,0.4099999964237213,0.9570000171661377,0.17000000178813934,4,13
imu,1777665292.2182841,1610221257000,2.0020182132720947,0.4297272562980652,-8.583659172058105,-0.6699138283729553,-0.5520919561386108,-1.39850652217865,40.4264131,-86.927447,166.094,0.4099999964237213,0.9570000171661377,0.17000000178813934,4,13
imu,1777665292.2351468,1610231257000,2.2316577434539795,0.7094741463661194,-8.698310852050781,-0.5848014950752258,-0.4541986882686615,-1.4395332336425781,40.4264131,-86.927447,166.094,0.4099999964237213,0.9570000171661377,0.17000000178813934,4,13
imu,1777665292.239545,1610241257000,2.157606601715088,0.4107509255409241,-9.144904136657715,-0.4927002191543579,-0.36270472407341003,-1.4908242225646973,40.4264131,-86.927447,166.094,0.4099999964237213,0.9570000171661377,0.17000000178813934,4,13
imu,1777665292.2508357,1610251257000,2.1211915016174316,0.04479411244392395,-9.72065258026123,-0.42979100346565247,-0.29627758264541626,-1.5364265441894531,40.4264124,-86.92744379999999,166.735,0.6919999718666077,0.546999990940094,-0.4749999940395355,4,15
imu,1777665292.2667718,1610261257000,2.0189507007598877,-0.4571915864944458,-10.042228698730469,-0.4442344009876251,-0.246005579829216,-1.5372599363327026,40.4264124,-86.92744379999999,166.735,0.6919999718666077,0.546999990940094,-0.4749999940395355,4,15
imu,1777665292.2701612,1610271257000,1.6514068841934204,-0.7839117050170898,-10.38832950592041,-0.4633249044418335,-0.24943728744983673,-1.5121772289276123,40.4264124,-86.92744379999999,166.735,0.6919999718666077,0.546999990940094,-0.4749999940395355,4,15
imu,1777665292.2856674,1610281257000,1.4773722887039185,-0.35754260420799255,-10.160209655761719,-0.5412166118621826,-0.3032374680042267,-1.4633961915969849,40.4264124,-86.92744379999999,166.735,0.6919999718666077,0.546999990940094,-0.4749999940395355,4,15
imu,1777665292.290222,1610291257000,1.4877808094024658,-0.08921005576848984,-9.801342964172363,-0.56227707862854,-0.35097774863243103,-1.472598910331726,40.4264124,-86.92744379999999,166.735,0.6919999718666077,0.546999990940094,-0.4749999940395355,4,15
imu,1777665292.299231,1610301257000,1.6918772459030151,0.08552180230617523,-9.513652801513672,-0.4630771279335022,-0.3611062169075012,-1.56201171875,40.4264124,-86.92744379999999,166.735,0.6919999718666077,0.546999990940094,-0.4749999940395355,4,15
imu,1777665292.3150587,1610311257000,1.9311331510543823,-0.3323056399822235,-9.581070899963379,-0.2840540111064911,-0.3245570957660675,-1.6859911680221558,40.4264124,-86.92744379999999,166.735,0.6919999718666077,0.546999990940094,-0.4749999940395355,4,15
imu,1777665292.3174286,1610321257000,2.1204471588134766,-1.1269577741622925,-10.024271011352539,-0.1354670375585556,-0.29367542266845703,-1.7516802549362183,40.4264124,-86.92744379999999,166.735,0.6919999718666077,0.546999990940094,-0.4749999940395355,4,15
imu,1777665292.3352427,1610331257000,2.04302716255188,-2.133408308029175,-10.441313743591309,-0.13633592426776886,-0.29370227456092834,-1.704018473625183,40.4264124,-86.92744379999999,166.735,0.6919999718666077,0.546999990940094,-0.4749999940395355,4,15
imu,1777665292.3397844,1610341257000,1.8803681135177612,-2.705881118774414,-10.843316078186035,-0.3515423834323883,-0.27926453948020935,-1.508974552154541,40.4264124,-86.92744379999999,166.735,0.6919999718666077,0.546999990940094,-0.4749999940395355,4,15
imu,1777665292.3487742,1610351257000,1.99483060836792,-2.4576878547668457,-10.82626724243164,-0.6314725279808044,-0.2759787142276764,-1.2971458435058594,40.4264124,-86.92744379999999,166.735,0.6919999718666077,0.546999990940094,-0.4749999940395355,4,15
imu,1777665292.3646398,1610361257000,1.5928444862365723,-1.5648374557495117,-10.180940628051758,-0.8686737418174744,-0.2922353148460388,-1.110630750656128,40.4264124,-86.92744379999999,166.735,0.6919999718666077,0.546999990940094,-0.4749999940395355,4,15
imu,1777665292.3690581,1610371257000,1.4906330108642578,0.43597376346588135,-8.88341236114502,-0.9427005052566528,-0.3469792902469635,-1.0127251148223877,40.4264124,-86.92744379999999,166.735,0.6919999718666077,0.546999990940094,-0.4749999940395355,4,15
imu,1777665292.3855097,1610381257000,2.0506045818328857,1.6343920230865479,-8.226529121398926,-0.7950187921524048,-0.3287160396575928,-1.1702324151992798,40.4264124,-86.92744379999999,166.735,0.6919999718666077,0.546999990940094,-0.4749999940395355,4,15
imu,1777665292.3899024,1610391257000,2.1323599815368652,1.406854271888733,-8.101863861083984,-0.48646873235702515,-0.20841355621814728,-1.4944854974746704,40.4264124,-86.92744379999999,166.735,0.6919999718666077,0.546999990940094,-0.4749999940395355,4,15
imu,1777665292.3988822,1610401257000,2.2099947929382324,0.12151029706001282,-8.384366035461426,-0.08525829762220383,-0.11634334921836853,-1.7558752298355103,40.4264124,-86.92744379999999,166.735,0.6919999718666077,0.546999990940094,-0.4749999940395355,4,15
imu,1777665292.4145513,1610411257000,2.2334372997283936,-1.6674959659576416,-9.308517456054688,0.13305431604385376,-0.039791468530893326,-1.8197654485702515,40.4264124,-86.92744379999999,166.735,0.6919999718666077,0.546999990940094,-0.4749999940395355,4,15
imu,1777665292.418999,1610421256000,2.1880459785461426,-3.0836081504821777,-10.282037734985352,0.03143319487571716,-0.0034150807186961174,-1.7069734334945679,40.4264124,-86.92744379999999,166.735,0.6919999718666077,0.546999990940094,-0.4749999940395355,4,15
imu,1777665292.4360294,1610431257000,2.2467124462127686,-3.593151569366455,-10.721726417541504,-0.29833710193634033,-0.016880664974451065,-1.505590558052063,40.4264124,-86.92744379999999,166.735,0.6919999718666077,0.546999990940094,-0.4749999940395355,4,15
imu,1777665292.4392745,1610441257000,2.0023980140686035,-3.4140143394470215,-10.511670112609863,-0.6829691529273987,-0.07581041008234024,-1.2141138315200806,40.4264124,-86.92744379999999,166.735,0.6919999718666077,0.546999990940094,-0.4749999940395355,4,15
imu,1777665292.4482272,1610451257000,1.763991117477417,-2.1156363487243652,-9.919845581054688,-0.988713264465332,-0.15457329154014587,-0.9753628969192505,40.4264128,-86.9274422,167.12800000000001,0.3160000145435333,-0.012000000104308128,-0.4399999976158142,4,15
imu,1777665292.4650786,1610461257000,1.694795846939087,-0.3255038857460022,-9.03040885925293,-1.0827716588974,-0.22350049018859863,-0.9108179211616516,40.4264128,-86.9274422,167.12800000000001,0.3160000145435333,-0.012000000104308128,-0.4399999976158142,4,15
imu,1777665292.468468,1610471257000,1.810241460800171,0.7051581144332886,-8.506422996520996,-0.952370285987854,-0.19800488650798798,-1.0626968145370483,40.4264128,-86.9274422,167.12800000000001,0.3160000145435333,-0.012000000104308128,-0.4399999976158142,4,15
imu,1777665292.4862714,1610481257000,1.7730392217636108,0.6932066082954407,-8.419800758361816,-0.6804731488227844,-0.08280983567237854,-1.2951021194458008,40.4264128,-86.9274422,167.12800000000001,0.3160000145435333,-0.012000000104308128,-0.4399999976158142,4,15
imu,1777665292.4895942,1610491257000,1.5689692497253418,-0.3838214576244354,-8.851012229919434,-0.36207374930381775,0.010481510311365128,-1.483362078666687,40.4264128,-86.9274422,167.12800000000001,0.3160000145435333,-0.012000000104308128,-0.4399999976158142,4,15
imu,1777665292.4986143,1610501257000,1.7161098718643188,-1.8074251413345337,-9.591644287109375,-0.19414757192134857,0.10798080265522003,-1.5442416667938232,40.4264128,-86.9274422,167.12800000000001,0.3160000145435333,-0.012000000104308128,-0.4399999976158142,4,15
imu,1777665292.5141785,1610511257000,1.6156888008117676,-2.9389495849609375,-10.342235565185547,-0.2117518186569214,0.12916706502437592,-1.4747276306152344,40.4264128,-86.9274422,167.12800000000001,0.3160000145435333,-0.012000000104308128,-0.4399999976158142,4,15
imu,1777665292.518808,1610521257000,1.6658278703689575,-3.426931858062744,-10.837150573730469,-0.402092307806015,0.07871847599744797,-1.3166929483413696,40.4264128,-86.9274422,167.12800000000001,0.3160000145435333,-0.012000000104308128,-0.4399999976158142,4,15
imu,1777665292.5366132,1610531257000,1.3418687582015991,-3.5675806999206543,-10.819965362548828,-0.6841399073600769,0.030037393793463707,-1.10989511013031,40.4264128,-86.9274422,167.12800000000001,0.3160000145435333,-0.012000000104308128,-0.4399999976158142,4,15
imu,1777665292.5400467,1610541257000,1.1709345579147339,-2.781846761703491,-10.196619033813477,-0.8864065408706665,-0.05465551093220711,-0.9351779222488403,40.4264128,-86.9274422,167.12800000000001,0.3160000145435333,-0.012000000104308128,-0.4399999976158142,4,15
imu,1777665292.5490625,1610551257000,0.9985175728797913,-1.8799903392791748,-9.32614517211914,-0.9135915637016296,-0.10400455445051193,-0.8326059579849243,40.4264128,-86.9274422,167.12800000000001,0.3160000145435333,-0.012000000104308128,-0.4399999976158142,4,15
imu,1777665292.564828,1610561257000,0.8346852660179138,-0.8291160464286804,-8.674586296081543,-0.8008705377578735,-0.06332656741142273,-0.865125834941864,40.4264128,-86.9274422,167.12800000000001,0.3160000145435333,-0.012000000104308128,-0.4399999976158142,4,15
imu,1777665292.568111,1610571257000,0.9958500266075134,-0.7705432176589966,-8.699889183044434,-0.578658401966095,0.03315515071153641,-1.0478355884552002,40.4264128,-86.9274422,167.12800000000001,0.3160000145435333,-0.012000000104308128,-0.4399999976158142,4,15
imu,1777665292.5859601,1610581257000,0.9964013695716858,-1.752789855003357,-8.953514099121094,-0.30045175552368164,0.15765823423862457,-1.252147912979126,40.4264128,-86.9274422,167.12800000000001,0.3160000145435333,-0.012000000104308128,-0.4399999976158142,4,15
imu,1777665292.5893166,1610591257000,0.8330605626106262,-3.1217143535614014,-9.305705070495605,0.05665237084031105,0.21939383447170258,-1.3472169637680054,40.4264128,-86.9274422,167.12800000000001,0.3160000145435333,-0.012000000104308128,-0.4399999976158142,4,15
imu,1777665292.5982838,1610601257000,0.6724385619163513,-4.355591773986816,-9.508309364318848,0.3252437114715576,0.23710381984710693,-1.2833908796310425,40.4264128,-86.9274422,167.12800000000001,0.3160000145435333,-0.012000000104308128,-0.4399999976158142,4,15
imu,1777665292.6140652,1610611257000,0.3690028190612793,-5.344856262207031,-9.565637588500977,0.43623843789100647,0.22921793162822723,-1.0891633033752441,40.4264128,-86.9274422,167.12800000000001,0.3160000145435333,-0.012000000104308128,-0.4399999976158142,4,15
imu,1777665292.6184938,1610621257000,0.009209735319018364,-5.766222953796387,-10.002525329589844,0.19490011036396027,0.2116401493549347,-0.7691290974617004,40.4264128,-86.9274422,167.12800000000001,0.3160000145435333,-0.012000000104308128,-0.4399999976158142,4,15
imu,1777665292.6364594,1610631260000,-0.2832641303539276,-5.180142402648926,-10.265819549560547,-0.3621191680431366,0.21269097924232483,-0.40036141872406006,40.4264128,-86.9274422,167.12800000000001,0.3160000145435333,-0.012000000104308128,-0.4399999976158142,4,15
imu,1777665292.6396346,1610641257000,-0.2591099739074707,-3.4600882530212402,-9.937113761901855,-0.8718063831329346,0.2152266949415207,-0.10806025564670563,40.4264128,-86.9274422,167.12800000000001,0.3160000145435333,-0.012000000104308128,-0.4399999976158142,4,15
imu,1777665292.6486707,1610651257000,0.07727372646331787,-1.8054542541503906,-9.434885025024414,-1.042232632637024,0.22476264834403992,-0.0233845766633749,40.426414199999996,-86.9274434,167.112,0.3619999885559082,-0.6060000061988831,-0.11999999731779099,4,14
imu,1777665292.6642518,1610661257000,0.05934349074959755,-0.6642513275146484,-9.224034309387207,-0.8199929594993591,0.25021693110466003,-0.05190703645348549,40.426414199999996,-86.9274434,167.112,0.3619999885559082,-0.6060000061988831,-0.11999999731779099,4,14
imu,1777665292.6687524,1610671257000,0.18035075068473816,-0.5493993163108826,-9.640852928161621,-0.42744573950767517,0.2813972234725952,-0.20495355129241943,40.426414199999996,-86.9274434,167.112,0.3619999885559082,-0.6060000061988831,-0.11999999731779099,4,14
imu,1777665292.6866364,1610681257000,-0.005630125291645527,-1.4776817560195923,-10.282577514648438,-0.17743828892707825,0.3272015452384949,-0.3293379545211792,40.426414199999996,-86.9274434,167.112,0.3619999885559082,-0.6060000061988831,-0.11999999731779099,4,14
imu,1777665292.6888871,1610691257000,-0.14702612161636353,-2.3281290531158447,-10.993021011352539,-0.06500989943742752,0.35562148690223694,-0.3382178246974945,40.426414199999996,-86.9274434,167.112,0.3619999885559082,-0.6060000061988831,-0.11999999731779099,4,14
imu,1777665292.6988497,1610701257000,-0.3114847242832184,-3.206230878829956,-11.686269760131836,-0.14905434846878052,0.32421520352363586,-0.21337653696537018,40.426414199999996,-86.9274434,167.112,0.3619999885559082,-0.6060000061988831,-0.11999999731779099,4,14
imu,1777665292.714656,1610711257000,-0.25440970063209534,-3.4706244468688965,-11.980384826660156,-0.40785613656044006,0.27173808217048645,-0.03491775318980217,40.426414199999996,-86.9274434,167.112,0.3619999885559082,-0.6060000061988831,-0.11999999731779099,4,14
imu,1777665292.7190688,1610721257000,-0.34947168827056885,-3.490387201309204,-11.921666145324707,-0.6418293118476868,0.21207888424396515,0.15111036598682404,40.426414199999996,-86.9274434,167.112,0.3619999885559082,-0.6060000061988831,-0.11999999731779099,4,14
imu,1777665292.7370088,1610731257000,-0.26622119545936584,-3.152231454849243,-11.584291458129883,-0.6901743412017822,0.12247931957244873,0.32081589102745056,40.426414199999996,-86.9274434,167.112,0.3619999885559082,-0.6060000061988831,-0.11999999731779099,4,14
imu,1777665292.739131,1610741257000,-0.3591952323913574,-2.9162073135375977,-11.127260208129883,-0.6731896996498108,0.05656380206346512,0.47387057542800903,40.426414199999996,-86.9274434,167.112,0.3619999885559082,-0.6060000061988831,-0.11999999731779099,4,14
imu,1777665292.748153,1610751257000,-0.25980144739151,-2.694502830505371,-10.866018295288086,-0.6811272501945496,0.04981599375605583,0.6109493374824524,40.426414199999996,-86.9274434,167.112,0.3619999885559082,-0.6060000061988831,-0.11999999731779099,4,14
imu,1777665292.764733,1610761257000,-0.30341821908950806,-2.477097511291504,-10.67794418334961,-0.7233790159225464,0.0744360163807869,0.7287361025810242,40.426414199999996,-86.9274434,167.112,0.3619999885559082,-0.6060000061988831,-0.11999999731779099,4,14
imu,1777665292.7682033,1610771257000,-0.46138009428977966,-2.301194429397583,-10.290750503540039,-0.7184910774230957,0.08263702690601349,0.8321382403373718,40.426414199999996,-86.9274434,167.112,0.3619999885559082,-0.6060000061988831,-0.11999999731779099,4,14
imu,1777665292.785988,1610781257000,-0.5587118864059448,-2.245666980743408,-9.94071102142334,-0.6653969883918762,0.12913210690021515,0.9415820240974426,40.426414199999996,-86.9274434,167.112,0.3619999885559082,-0.6060000061988831,-0.11999999731779099,4,14
imu,1777665292.7893019,1610791257000,-0.5974258184432983,-2.051025629043579,-9.958038330078125,-0.6128918528556824,0.17740370333194733,1.0503793954849243,40.426414199999996,-86.9274434,167.112,0.3619999885559082,-0.6060000061988831,-0.11999999731779099,4,14
imu,1777665292.7981706,1610801257000,-0.694400429725647,-1.8539429903030396,-10.105236053466797,-0.5332086086273193,0.1799200028181076,1.1507445573806763,40.426414199999996,-86.9274434,167.112,0.3619999885559082,-0.6060000061988831,-0.11999999731779099,4,14
imu,1777665292.813885,1610811257000,-0.6331546902656555,-2.1322109699249268,-10.437446594238281,-0.47593623399734497,0.17087365686893463,1.231361746788025,40.426414199999996,-86.9274434,167.112,0.3619999885559082,-0.6060000061988831,-0.11999999731779099,4,14
imu,1777665292.8183331,1610821257000,-0.8128143548965454,-2.0427141189575195,-10.506348609924316,-0.49056410789489746,0.19762682914733887,1.3382229804992676,40.426414199999996,-86.9274434,167.112,0.3619999885559082,-0.6060000061988831,-0.11999999731779099,4,14
imu,1777665292.8362677,1610831257000,-0.7680587768554688,-1.7993496656417847,-10.3556489944458,-0.4128928482532501,0.15509575605392456,1.4432885646820068,40.426414199999996,-86.9274434,167.112,0.3619999885559082,-0.6060000061988831,-0.11999999731779099,4,14
imu,1777665292.8396761,1610841256000,-0.6428902745246887,-1.751652717590332,-10.03679370880127,-0.35610315203666687,0.11088982224464417,1.545124888420105,40.426414199999996,-86.9274434,167.112,0.3619999885559082,-0.6060000061988831,-0.11999999731779099,4,14
imu,1777665292.8506753,1610851257000,-0.8843658566474915,-1.9228214025497437,-9.968887329101562,-0.275440514087677,0.11659889668226242,1.6836358308792114,40.426415,-86.9274452,166.856,-0.15700000524520874,-0.6140000224113464,-0.11599999666213989,4,13
imu,1777665292.8663375,1610861257000,-0.9313818216323853,-1.5003058910369873,-9.866658210754395,-0.23719996213912964,0.18269437551498413,1.778564214706421,40.426415,-86.9274452,166.856,-0.15700000524520874,-0.6140000224113464,-0.11599999666213989,4,13
imu,1777665292.8707767,1610871257000,-0.7900605201721191,-0.9132431745529175,-9.656758308410645,-0.1493184119462967,0.22519421577453613,1.866389274597168,40.426415,-86.9274452,166.856,-0.15700000524520874,-0.6140000224113464,-0.11599999666213989,4,13
imu,1777665292.8865347,1610881257000,-0.7495708465576172,-0.4262925982475281,-9.316994667053223,-0.023187031969428062,0.2636682093143463,1.877659559249878,40.426415,-86.9274452,166.856,-0.15700000524520874,-0.6140000224113464,-0.11599999666213989,4,13
imu,1777665292.8899233,1610891257000,-0.683648407459259,-0.20756420493125916,-9.109006881713867,0.19298580288887024,0.3146072030067444,1.873689889907837,40.426415,-86.9274452,166.856,-0.15700000524520874,-0.6140000224113464,-0.11599999666213989,4,13
imu,1777665292.8990095,1610901257000,-0.575095534324646,-0.25431403517723083,-9.0792818069458,0.4285258650779724,0.38714078068733215,1.7989798784255981,40.426415,-86.9274452,166.856,-0.15700000524520874,-0.6140000224113464,-0.11599999666213989,4,13
imu,1777665292.914465,1610911257000,-0.7249491810798645,-0.7239062786102295,-9.327107429504395,0.5857872366905212,0.5268068313598633,1.7589313983917236,40.426415,-86.9274452,166.856,-0.15700000524520874,-0.6140000224113464,-0.11599999666213989,4,13
imu,1777665292.9177496,1610921257000,-0.8538750410079956,-1.3278754949569702,-9.701178550720215,0.6498104333877563,0.6305549144744873,1.772516131401062,40.426415,-86.9274452,166.856,-0.15700000524520874,-0.6140000224113464,-0.11599999666213989,4,13
imu,1777665292.936005,1610931257000,-0.9495442509651184,-1.6828501224517822,-9.999466896057129,0.6739586591720581,0.7107899785041809,1.8467549085617065,40.426415,-86.9274452,166.856,-0.15700000524520874,-0.6140000224113464,-0.11599999666213989,4,13
imu,1777665292.9393864,1610941257000,-1.2614121437072754,-2.160944938659668,-10.204964637756348,0.7136561274528503,0.7616468667984009,1.9741805791854858,40.426415,-86.9274452,166.856,-0.15700000524520874,-0.6140000224113464,-0.11599999666213989,4,13
imu,1777665292.948265,1610951257000,-1.0882463455200195,-1.7479093074798584,-10.373943328857422,0.7508297562599182,0.7670555114746094,2.107063055038452,40.426415,-86.9274452,166.856,-0.15700000524520874,-0.6140000224113464,-0.11599999666213989,4,13
imu,1777665292.96387,1610961257000,-0.6778950095176697,-1.1860291957855225,-10.339900016784668,0.7861863374710083,0.7862002849578857,2.1380152702331543,40.426415,-86.9274452,166.856,-0.15700000524520874,-0.6140000224113464,-0.11599999666213989,4,13
imu,1777665292.9683907,1610971257000,-0.5988803505897522,-1.0530427694320679,-10.354964256286621,0.8500041961669922,0.7883641123771667,2.072744846343994,40.426415,-86.9274452,166.856,-0.15700000524520874,-0.6140000224113464,-0.11599999666213989,4,13
imu,1777665292.986103,1610981257000,-0.6203385591506958,-1.0927170515060425,-10.442992210388184,0.9338799118995667,0.8079366683959961,2.0070383548736572,40.426415,-86.9274452,166.856,-0.15700000524520874,-0.6140000224113464,-0.11599999666213989,4,13
imu,1777665292.9893878,1610991257000,-0.5731852054595947,-0.9860158562660217,-10.308443069458008,1.0184565782546997,0.8367101550102234,1.9337924718856812,40.426415,-86.9274452,166.856,-0.15700000524520874,-0.6140000224113464,-0.11599999666213989,4,13
imu,1777665292.9985735,1611001257000,-0.6935938000679016,-0.8143336176872253,-10.338399887084961,1.1179522275924683,0.879823625087738,1.8565053939819336,40.426415,-86.9274452,166.856,-0.15700000524520874,-0.6140000224113464,-0.11599999666213989,4,13
imu,1777665293.0146246,1611011257000,-0.7736072540283203,-0.3416198790073395,-10.29407024383545,1.281186819076538,0.9089802503585815,1.7332916259765625,40.426415,-86.9274452,166.856,-0.15700000524520874,-0.6140000224113464,-0.11599999666213989,4,13
imu,1777665293.0178988,1611021257000,-0.7785884737968445,-0.036337003111839294,-10.199662208557129,1.4562933444976807,0.9875682592391968,1.5380796194076538,40.426415,-86.9274452,166.856,-0.15700000524520874,-0.6140000224113464,-0.11599999666213989,4,13
imu,1777665293.036925,1611031257000,-1.001878261566162,-0.5087774991989136,-10.058189392089844,1.6714239120483398,1.127698302268982,1.3254554271697998,40.426415,-86.9274452,166.856,-0.15700000524520874,-0.6140000224113464,-0.11599999666213989,4,13
imu,1777665293.0390358,1611041257000,-1.6551085710525513,-1.1980645656585693,-9.69089412689209,2.049189805984497,1.2460691928863525,1.1901514530181885,40.426415,-86.9274452,166.856,-0.15700000524520874,-0.6140000224113464,-0.11599999666213989,4,13
imu,1777665293.047916,1611051257000,-1.748241901397705,-1.8226553201675415,-9.784822463989258,2.389585494995117,1.344106912612915,1.1117156744003296,40.426414099999995,-86.9274472,166.666,-0.8429999947547913,-1.0709999799728394,0.17100000381469727,4,12
imu,1777665293.0648284,1611061257000,-1.8548167943954468,-2.355414390563965,-10.208982467651367,2.4968581199645996,1.5151994228363037,1.038555383682251,40.426414099999995,-86.9274472,166.666,-0.8429999947547913,-1.0709999799728394,0.17100000381469727,4,12
imu,1777665293.0680652,1611071257000,-1.8691346645355225,-1.8570716381072998,-10.537970542907715,2.5776703357696533,1.6160281896591187,0.9768536686897278,40.426414099999995,-86.9274472,166.666,-0.8429999947547913,-1.0709999799728394,0.17100000381469727,4,12
imu,1777665293.0860465,1611081257000,-1.6105632781982422,-1.4634764194488525,-10.766386032104492,2.6848082542419434,1.6869878768920898,0.8282997012138367,40.426414099999995,-86.9274472,166.666,-0.8429999947547913,-1.0709999799728394,0.17100000381469727,4,12
imu,1777665293.0894105,1611091257000,-1.8469871282577515,-1.6799120903015137,-11.279919624328613,2.6650278568267822,1.7026082277297974,0.6410000920295715,40.426414099999995,-86.9274472,166.666,-0.8429999947547913,-1.0709999799728394,0.17100000381469727,4,12
imu,1777665293.0982018,1611101257000,-1.9782928228378296,-1.6524114608764648,-11.378365516662598,2.539206027984619,1.690953016281128,0.4737837612628937,40.426414099999995,-86.9274472,166.666,-0.8429999947547913,-1.0709999799728394,0.17100000381469727,4,12
imu,1777665293.1138482,1611111256000,-2.199643135070801,-1.4630845785140991,-11.003429412841797,2.5192272663116455,1.6515432596206665,0.2998655140399933,40.426414099999995,-86.9274472,166.666,-0.8429999947547913,-1.0709999799728394,0.17100000381469727,4,12
imu,1777665293.1184108,1611121257000,-2.374786853790283,-1.586482286453247,-9.970826148986816,2.6645658016204834,1.6221179962158203,0.17174038290977478,40.426414099999995,-86.9274472,166.666,-0.8429999947547913,-1.0709999799728394,0.17100000381469727,4,12
imu,1777665293.1362786,1611131257000,-2.3803160190582275,-1.547228455543518,-9.153564453125,3.085700035095215,1.6206740140914917,0.05422777682542801,40.426414099999995,-86.9274472,166.666,-0.8429999947547913,-1.0709999799728394,0.17100000381469727,4,12
imu,1777665293.139582,1611141257000,-2.2882957458496094,-1.9695931673049927,-8.612159729003906,3.5697059631347656,1.7484301328659058,-0.08156471699476242,40.426414099999995,-86.9274472,166.666,-0.8429999947547913,-1.0709999799728394,0.17100000381469727,4,12
imu,1777665293.1483967,1611151257000,-1.9312936067581177,-2.4377810955047607,-8.981169700622559,3.8703200817108154,1.984182596206665,-0.23098479211330414,40.426414099999995,-86.9274472,166.666,-0.8429999947547913,-1.0709999799728394,0.17100000381469727,4,12
imu,1777665293.16401,1611161257000,-1.935500979423523,-3.1224493980407715,-10.117112159729004,3.889138698577881,2.2286036014556885,-0.3910515308380127,40.426414099999995,-86.9274472,166.666,-0.8429999947547913,-1.0709999799728394,0.17100000381469727,4,12
imu,1777665293.1685598,1611171257000,-1.7802640199661255,-3.12105393409729,-10.92135238647461,3.9265313148498535,2.3164665699005127,-0.514643669128418,40.426414099999995,-86.9274472,166.666,-0.8429999947547913,-1.0709999799728394,0.17100000381469727,4,12
imu,1777665293.1863258,1611181257000,-1.5193864107131958,-3.0541858673095703,-11.396063804626465,4.0879411697387695,2.239168643951416,-0.6498255133628845,40.426414099999995,-86.9274472,166.666,-0.8429999947547913,-1.0709999799728394,0.17100000381469727,4,12
imu,1777665293.1898599,1611191257000,-1.3817647695541382,-3.5742788314819336,-11.261457443237305,4.294546127319336,2.16459321975708,-0.7999296188354492,40.426414099999995,-86.9274472,166.666,-0.8429999947547913,-1.0709999799728394,0.17100000381469727,4,12
imu,1777665293.1987314,1611201257000,-1.0414986610412598,-4.152607440948486,-10.873481750488281,4.640228271484375,2.0554206371307373,-0.9296925663948059,40.426414099999995,-86.9274472,166.666,-0.8429999947547913,-1.0709999799728394,0.17100000381469727,4,12
imu,1777665293.2142916,1611211257000,-0.4750193655490875,-4.894350051879883,-10.667064666748047,4.882906436920166,1.986209511756897,-1.0611478090286255,40.426414099999995,-86.9274472,166.666,-0.8429999947547913,-1.0709999799728394,0.17100000381469727,4,12
imu,1777665293.2176628,1611221257000,0.04476983845233917,-5.493827819824219,-10.318986892700195,4.986763954162598,2.032345771789551,-1.2048174142837524,40.426414099999995,-86.9274472,166.666,-0.8429999947547913,-1.0709999799728394,0.17100000381469727,4,12
imu,1777665293.2359111,1611231257000,0.37717267870903015,-5.8213677406311035,-9.677007675170898,5.217071533203125,2.0272655487060547,-1.365320086479187,40.426414099999995,-86.9274472,166.666,-0.8429999947547913,-1.0709999799728394,0.17100000381469727,4,12
imu,1777665293.2391486,1611241257000,0.9145326018333435,-6.581087112426758,-9.636117935180664,5.3937835693359375,1.981938362121582,-1.5749489068984985,40.426414099999995,-86.9274472,166.666,-0.8429999947547913,-1.0709999799728394,0.17100000381469727,4,12
imu,1777665293.248165,1611251257000,0.9556967616081238,-7.651798248291016,-9.832000732421875,5.266415119171143,1.959939956665039,-1.7144782543182373,40.426414099999995,-86.9274497,166.445,-0.0729999989271164,-0.6420000195503235,0.09399999678134918,4,11
imu,1777665293.2639022,1611261257000,1.2044090032577515,-8.003663063049316,-9.312006950378418,5.110274314880371,1.9080820083618164,-1.7491426467895508,40.426414099999995,-86.9274497,166.445,-0.0729999989271164,-0.6420000195503235,0.09399999678134918,4,11
imu,1777665293.2685118,1611271257000,1.5714302062988281,-8.295334815979004,-9.114192008972168,5.051030158996582,1.8334546089172363,-1.7478914260864258,40.426414099999995,-86.9274497,166.445,-0.0729999989271164,-0.6420000195503235,0.09399999678134918,4,11
imu,1777665293.286472,1611281257000,1.7639660835266113,-8.730934143066406,-9.435307502746582,4.830562591552734,1.80762779712677,-1.6313432455062866,40.426414099999995,-86.9274497,166.445,-0.0729999989271164,-0.6420000195503235,0.09399999678134918,4,11
imu,1777665293.2886589,1611291257000,1.8715940713882446,-8.776450157165527,-9.348546981811523,4.620413780212402,1.6864614486694336,-1.497754693031311,40.426414099999995,-86.9274497,166.445,-0.0729999989271164,-0.6420000195503235,0.09399999678134918,4,11
imu,1777665293.298703,1611301257000,1.650837779045105,-8.420798301696777,-9.145987510681152,4.545415878295898,1.3646326065063477,-1.846353530883789,40.426414099999995,-86.9274497,166.445,-0.0729999989271164,-0.6420000195503235,0.09399999678134918,4,11
imu,1777665293.3144546,1611311257000,1.9842114448547363,-9.249378204345703,-8.025819778442383,4.430296421051025,1.2673999071121216,-1.3601597547531128,40.426414099999995,-86.9274497,166.445,-0.0729999989271164,-0.6420000195503235,0.09399999678134918,4,11
imu,1777665293.3178039,1611321257000,2.6334686279296875,-8.52422046661377,-6.054854869842529,4.443978309631348,1.3546749353408813,-1.2416592836380005,40.426414099999995,-86.9274497,166.445,-0.0729999989271164,-0.6420000195503235,0.09399999678134918,4,11
imu,1777665293.3357556,1611331257000,3.0676109790802,-7.778700351715088,-4.19434118270874,4.708880424499512,1.4332393407821655,-1.1900819540023804,40.426414099999995,-86.9274497,166.445,-0.0729999989271164,-0.6420000195503235,0.09399999678134918,4,11
imu,1777665293.3390427,1611341257000,3.7114624977111816,-7.513028621673584,-3.1815125942230225,5.246423721313477,1.4714162349700928,-1.2630306482315063,40.426414099999995,-86.9274497,166.445,-0.0729999989271164,-0.6420000195503235,0.09399999678134918,4,11
imu,1777665293.3478897,1611351257000,4.230995178222656,-7.963056564331055,-3.7270543575286865,5.587534427642822,1.5371003150939941,-1.4228595495224,40.426414099999995,-86.9274497,166.445,-0.0729999989271164,-0.6420000195503235,0.09399999678134918,4,11
imu,1777665293.364641,1611361257000,4.0364556312561035,-9.100619316101074,-4.4103827476501465,5.6670637130737305,1.5440967082977295,-1.5431054830551147,40.426414099999995,-86.9274497,166.445,-0.0729999989271164,-0.6420000195503235,0.09399999678134918,4,11
imu,1777665293.3678985,1611371257000,3.6518197059631348,-10.196356773376465,-4.533439636230469,5.64362096786499,1.399869441986084,-1.4919074773788452,40.426414099999995,-86.9274497,166.445,-0.0729999989271164,-0.6420000195503235,0.09399999678134918,4,11
imu,1777665293.3858254,1611381257000,3.654728889465332,-10.25557804107666,-4.3673996925354,5.373538494110107,1.220138430595398,-1.266697883605957,40.426414099999995,-86.9274497,166.445,-0.0729999989271164,-0.6420000195503235,0.09399999678134918,4,11
imu,1777665293.3903217,1611391257000,4.403210163116455,-9.610538482666016,-3.826185941696167,4.780170917510986,1.1579002141952515,-0.9331993460655212,40.426414099999995,-86.9274497,166.445,-0.0729999989271164,-0.6420000195503235,0.09399999678134918,4,11
imu,1777665293.3979616,1611401257000,4.693256378173828,-8.488777160644531,-2.717432737350464,4.429957866668701,1.0434224605560303,-0.7114925384521484,40.426414099999995,-86.9274497,166.445,-0.0729999989271164,-0.6420000195503235,0.09399999678134918,4,11
imu,1777665293.4137037,1611411257000,5.216791152954102,-8.008904457092285,-1.799702525138855,4.314810276031494,0.9578200578689575,-0.6679136753082275,40.426414099999995,-86.9274497,166.445,-0.0729999989271164,-0.6420000195503235,0.09399999678134918,4,11
imu,1777665293.418203,1611421257000,5.258879661560059,-8.133143424987793,0.05625520646572113,4.4578046798706055,0.9622622728347778,-0.7156887054443359,40.426414099999995,-86.9274497,166.445,-0.0729999989271164,-0.6420000195503235,0.09399999678134918,4,11
imu,1777665293.4358728,1611431257000,5.433400630950928,-8.401142120361328,1.607353925704956,4.813628673553467,1.1040785312652588,-0.7628506422042847,40.426414099999995,-86.9274497,166.445,-0.0729999989271164,-0.6420000195503235,0.09399999678134918,4,11
imu,1777665293.439232,1611441257000,5.460500717163086,-9.186625480651855,1.9969651699066162,5.158069133758545,1.2546074390411377,-0.8151112198829651,40.426414099999995,-86.9274497,166.445,-0.0729999989271164,-0.6420000195503235,0.09399999678134918,4,11
imu,1777665293.4482193,1611451257000,5.958048343658447,-9.73474407196045,1.937248945236206,5.336098670959473,1.2994160652160645,-0.7049431800842285,40.426413499999995,-86.9274502,166.45600000000002,-0.36500000953674316,0.17900000512599945,-0.04500000178813934,4,12
imu,1777665293.4638183,1611461257000,5.713496685028076,-10.028542518615723,0.7884855270385742,5.123208045959473,1.2537232637405396,-0.4613773226737976,40.426413499999995,-86.9274502,166.45600000000002,-0.36500000953674316,0.17900000512599945,-0.04500000178813934,4,12
imu,1777665293.4682662,1611471257000,5.626938343048096,-10.269000053405762,0.3804134130477905,4.575863838195801,1.1407638788223267,-0.18608291447162628,40.426413499999995,-86.9274502,166.45600000000002,-0.36500000953674316,0.17900000512599945,-0.04500000178813934,4,12
imu,1777665293.4860985,1611481257000,5.536993503570557,-9.889841079711914,2.505979061126709,4.205665588378906,1.0283409357070923,0.11454371362924576,40.426413499999995,-86.9274502,166.45600000000002,-0.36500000953674316,0.17900000512599945,-0.04500000178813934,4,12
imu,1777665293.4894855,1611491257000,6.060895919799805,-8.934171676635742,4.208217620849609,4.144407749176025,1.1254240274429321,0.3595832288265228,40.426413499999995,-86.9274502,166.45600000000002,-0.36500000953674316,0.17900000512599945,-0.04500000178813934,4,12
imu,1777665293.4983766,1611501257000,6.488653182983398,-8.247284889221191,5.243753433227539,4.383340358734131,1.2940313816070557,0.49334216117858887,40.426413499999995,-86.9274502,166.45600000000002,-0.36500000953674316,0.17900000512599945,-0.04500000178813934,4,12
imu,1777665293.5139565,1611511257000,6.809781551361084,-8.513909339904785,4.963900089263916,4.693789958953857,1.414806842803955,0.5620174407958984,40.426413499999995,-86.9274502,166.45600000000002,-0.36500000953674316,0.17900000512599945,-0.04500000178813934,4,12
imu,1777665293.518463,1611521257000,6.7744364738464355,-9.367684364318848,3.851613998413086,4.668017864227295,1.4843240976333618,0.6362646818161011,40.426413499999995,-86.9274502,166.45600000000002,-0.36500000953674316,0.17900000512599945,-0.04500000178813934,4,12
imu,1777665293.5361817,1611531257000,6.310564994812012,-9.447662353515625,3.73024320602417,4.279186248779297,1.4412282705307007,0.7548515200614929,40.426413499999995,-86.9274502,166.45600000000002,-0.36500000953674316,0.17900000512599945,-0.04500000178813934,4,12
imu,1777665293.5396113,1611541257000,6.116110801696777,-9.034061431884766,4.642642974853516,3.7921981811523438,1.470912218093872,0.8408612012863159,40.426413499999995,-86.9274502,166.45600000000002,-0.36500000953674316,0.17900000512599945,-0.04500000178813934,4,12
imu,1777665293.5486095,1611551257000,6.029394626617432,-8.797113418579102,5.516418933868408,3.567899465560913,1.5187972784042358,0.9330224394798279,40.426413499999995,-86.9274502,166.45600000000002,-0.36500000953674316,0.17900000512599945,-0.04500000178813934,4,12
imu,1777665293.5642002,1611561257000,5.982982635498047,-8.44724178314209,6.283720970153809,3.5680835247039795,1.5485060214996338,1.0819295644760132,40.426413499999995,-86.9274502,166.45600000000002,-0.36500000953674316,0.17900000512599945,-0.04500000178813934,4,12
imu,1777665293.567468,1611571257000,5.9885969161987305,-8.155035018920898,6.073263645172119,3.682758331298828,1.56908118724823,1.1908411979675293,40.426413499999995,-86.9274502,166.45600000000002,-0.36500000953674316,0.17900000512599945,-0.04500000178813934,4,12
imu,1777665293.5857337,1611581257000,5.296536922454834,-8.639449119567871,5.096308708190918,3.5516257286071777,1.4895838499069214,1.3041743040084839,40.426413499999995,-86.9274502,166.45600000000002,-0.36500000953674316,0.17900000512599945,-0.04500000178813934,4,12
imu,1777665293.5902562,1611591257000,5.011007785797119,-8.35286808013916,5.452985763549805,3.380946636199951,1.3350074291229248,1.4348068237304688,40.426413499999995,-86.9274502,166.45600000000002,-0.36500000953674316,0.17900000512599945,-0.04500000178813934,4,12
imu,1777665293.5980294,1611601257000,4.989497661590576,-7.584612846374512,6.200418472290039,3.4213719367980957,1.2029997110366821,1.615487813949585,40.426413499999995,-86.9274502,166.45600000000002,-0.36500000953674316,0.17900000512599945,-0.04500000178813934,4,12
imu,1777665293.6136327,1611611257000,5.283326148986816,-6.569631576538086,6.1456780433654785,3.5564541816711426,1.1492502689361572,1.7157714366912842,40.426413499999995,-86.9274502,166.45600000000002,-0.36500000953674316,0.17900000512599945,-0.04500000178813934,4,12
imu,1777665293.6181543,1611621257000,4.448504447937012,-6.710779190063477,5.432856559753418,3.3885340690612793,1.0920957326889038,1.6468523740768433,40.426413499999995,-86.9274502,166.45600000000002,-0.36500000953674316,0.17900000512599945,-0.04500000178813934,4,12
imu,1777665293.6360593,1611631257000,4.574504375457764,-7.241551399230957,6.034159183502197,3.1361186504364014,1.0173683166503906,1.5873504877090454,40.426413499999995,-86.9274502,166.45600000000002,-0.36500000953674316,0.17900000512599945,-0.04500000178813934,4,12
imu,1777665293.640405,1611641257000,5.019486427307129,-6.4758710861206055,6.493631839752197,3.0207769870758057,1.0056358575820923,1.6435165405273438,40.426413499999995,-86.9274502,166.45600000000002,-0.36500000953674316,0.17900000512599945,-0.04500000178813934,4,12
imu,1777665293.6475756,1611651257000,4.289522171020508,-5.995398998260498,6.623006343841553,3.05696177482605,0.9667847752571106,1.7138893604278564,40.4264136,-86.9274489,166.242,-0.640999972820282,0.9570000171661377,-0.29899999499320984,4,12
imu,1777665293.6643937,1611661257000,4.318775177001953,-6.185050010681152,6.3928704261779785,3.1304852962493896,0.8174976706504822,1.613698959350586,40.4264136,-86.9274489,166.242,-0.640999972820282,0.9570000171661377,-0.29899999499320984,4,12
imu,1777665293.6676707,1611671257000,3.4914162158966064,-6.613400936126709,5.579503059387207,2.759162664413452,0.8452116847038269,1.7044682502746582,40.4264136,-86.9274489,166.242,-0.640999972820282,0.9570000171661377,-0.29899999499320984,4,12
imu,1777665293.685557,1611681257000,5.17177152633667,-6.546319961547852,6.7921223640441895,2.1888749599456787,0.8701375722885132,1.7094796895980835,40.4264136,-86.9274489,166.242,-0.640999972820282,0.9570000171661377,-0.29899999499320984,4,12
imu,1777665293.6900532,1611691257000,2.6157495975494385,-5.766795635223389,6.711935997009277,1.9314855337142944,0.7713675498962402,1.5157979726791382,40.4264136,-86.9274489,166.242,-0.640999972820282,0.9570000171661377,-0.29899999499320984,4,12
imu,1777665293.6977384,1611701257000,4.68157434463501,-5.965166091918945,7.419476509094238,1.782383680343628,0.7906010746955872,1.423797607421875,40.4264136,-86.9274489,166.242,-0.640999972820282,0.9570000171661377,-0.29899999499320984,4,12
imu,1777665293.7143285,1611711257000,2.988626480102539,-5.490853309631348,6.980311870574951,1.6568135023117065,0.714590847492218,1.3506731986999512,40.4264136,-86.9274489,166.242,-0.640999972820282,0.9570000171661377,-0.29899999499320984,4,12
imu,1777665293.7176552,1611721257000,4.033777713775635,-4.861142158508301,7.5838847160339355,1.7673803567886353,0.68769371509552,1.195629358291626,40.4264136,-86.9274489,166.242,-0.640999972820282,0.9570000171661377,-0.29899999499320984,4,12
imu,1777665293.7355335,1611731257000,3.118422031402588,-5.8277459144592285,7.482550144195557,1.8724570274353027,0.6061883568763733,1.1466419696807861,40.4264136,-86.9274489,166.242,-0.640999972820282,0.9570000171661377,-0.29899999499320984,4,12
imu,1777665293.7399008,1611741257000,2.653135061264038,-6.4255523681640625,7.186624050140381,1.890768051147461,0.5116198062896729,1.162911295890808,40.4264136,-86.9274489,166.242,-0.640999972820282,0.9570000171661377,-0.29899999499320984,4,12
imu,1777665293.7477844,1611751257000,2.899031639099121,-6.110750675201416,6.996362686157227,1.732533574104309,0.46601948142051697,1.2388616800308228,40.4264136,-86.9274489,166.242,-0.640999972820282,0.9570000171661377,-0.29899999499320984,4,12
imu,1777665293.7633672,1611761257000,2.874516248703003,-5.813002586364746,6.9752326011657715,1.6040894985198975,0.4412135183811188,1.2734476327896118,40.4264136,-86.9274489,166.242,-0.640999972820282,0.9570000171661377,-0.29899999499320984,4,12
imu,1777665293.767977,1611771257000,3.384563684463501,-4.958313941955566,7.132694244384766,1.5284299850463867,0.4333796799182892,1.238258719444275,40.4264136,-86.9274489,166.242,-0.640999972820282,0.9570000171661377,-0.29899999499320984,4,12
imu,1777665293.7856214,1611781257000,3.052391290664673,-4.540452480316162,7.063415050506592,1.4972586631774902,0.40412256121635437,1.1920369863510132,40.4264136,-86.9274489,166.242,-0.640999972820282,0.9570000171661377,-0.29899999499320984,4,12
imu,1777665293.7900574,1611791257000,3.1650452613830566,-5.068244934082031,6.97152042388916,1.522196888923645,0.28246280550956726,1.152078628540039,40.4264136,-86.9274489,166.242,-0.640999972820282,0.9570000171661377,-0.29899999499320984,4,12
imu,1777665293.7976594,1611801257000,3.2906854152679443,-5.093750476837158,7.416927814483643,1.4842784404754639,0.14507567882537842,1.1381291151046753,40.4264136,-86.9274489,166.242,-0.640999972820282,0.9570000171661377,-0.29899999499320984,4,12
imu,1777665293.8144786,1611811257000,3.5304253101348877,-4.39990234375,7.76315450668335,1.6227192878723145,0.06283468753099442,0.9815557599067688,40.4264136,-86.9274489,166.242,-0.640999972820282,0.9570000171661377,-0.29899999499320984,4,12
imu,1777665293.8177562,1611821257000,3.814570188522339,-4.823110103607178,7.671691417694092,1.5728033781051636,-0.0023221424780786037,0.8469734787940979,40.4264136,-86.9274489,166.242,-0.640999972820282,0.9570000171661377,-0.29899999499320984,4,12
imu,1777665293.8354414,1611831257000,3.872497797012329,-5.045078277587891,7.943976879119873,1.5404472351074219,0.013054153881967068,0.5563575029373169,40.4264136,-86.9274489,166.242,-0.640999972820282,0.9570000171661377,-0.29899999499320984,4,12
imu,1777665293.839888,1611841257000,4.061331272125244,-5.1477766036987305,7.9951043128967285,1.4625403881072998,0.020603971555829048,0.6207692623138428,40.4264136,-86.9274489,166.242,-0.640999972820282,0.9570000171661377,-0.29899999499320984,4,12
imu,1777665293.8476648,1611851257000,3.8708136081695557,-4.749201774597168,8.108025550842285,1.3036199808120728,0.02728791907429695,0.6847896575927734,40.4264132,-86.927447,166.174,-0.0010000000474974513,0.7960000038146973,0.3019999861717224,4,12
imu,1777665293.8643017,1611861257000,3.959141969680786,-4.800382137298584,8.594813346862793,1.3420718908309937,0.017614129930734634,0.8623063564300537,40.4264132,-86.927447,166.174,-0.0010000000474974513,0.7960000038146973,0.3019999861717224,4,12
imu,1777665293.867527,1611871257000,4.072766304016113,-5.0979814529418945,8.549095153808594,1.391554355621338,0.033578310161828995,1.0375066995620728,40.4264132,-86.927447,166.174,-0.0010000000474974513,0.7960000038146973,0.3019999861717224,4,12
imu,1777665293.8852625,1611881257000,4.093606472015381,-3.9461746215820312,8.25161361694336,1.4526453018188477,0.03320224583148956,1.177951455116272,40.4264132,-86.927447,166.174,-0.0010000000474974513,0.7960000038146973,0.3019999861717224,4,12
imu,1777665293.889916,1611891257000,4.247523784637451,-3.73250150680542,8.219371795654297,1.5203479528427124,0.0029458566568791866,1.2408125400543213,40.4264132,-86.927447,166.174,-0.0010000000474974513,0.7960000038146973,0.3019999861717224,4,12
imu,1777665293.899089,1611901257000,4.351315975189209,-3.979112386703491,7.827673435211182,1.501403570175171,-0.017845394089818,1.2955244779586792,40.4264132,-86.927447,166.174,-0.0010000000474974513,0.7960000038146973,0.3019999861717224,4,12
imu,1777665293.9135656,1611911257000,4.739455699920654,-4.645342826843262,7.8943867683410645,1.3353132009506226,-0.01920660212635994,1.3111306428909302,40.4264132,-86.927447,166.174,-0.0010000000474974513,0.7960000038146973,0.3019999861717224,4,12
imu,1777665293.9180107,1611921257000,4.773596286773682,-4.762146949768066,8.30039119720459,1.2239245176315308,0.03875196725130081,1.3339906930923462,40.4264132,-86.927447,166.174,-0.0010000000474974513,0.7960000038146973,0.3019999861717224,4,12
imu,1777665293.9356694,1611931257000,5.067372798919678,-4.029498100280762,8.525285720825195,1.2945219278335571,0.055976759642362595,1.3945530652999878,40.4264132,-86.927447,166.174,-0.0010000000474974513,0.7960000038146973,0.3019999861717224,4,12
imu,1777665293.9401352,1611941257000,5.06669282913208,-3.8306055068969727,8.25313949584961,1.3663544654846191,0.0968879908323288,1.4216766357421875,40.4264132,-86.927447,166.174,-0.0010000000474974513,0.7960000038146973,0.3019999861717224,4,12
imu,1777665293.947834,1611951257000,5.356856822967529,-3.992844581604004,7.894723415374756,1.2868902683258057,0.14268451929092407,1.474294900894165,40.4264132,-86.927447,166.174,-0.0010000000474974513,0.7960000038146973,0.3019999861717224,4,12
imu,1777665293.96347,1611961257000,5.7220139503479,-4.789131164550781,7.9842000007629395,1.1429903507232666,0.2469625174999237,1.5062594413757324,40.4264132,-86.927447,166.174,-0.0010000000474974513,0.7960000038146973,0.3019999861717224,4,12
imu,1777665293.967972,1611971257000,5.813255786895752,-3.9096567630767822,7.8805108070373535,1.1128895282745361,0.30001387000083923,1.5283408164978027,40.4264132,-86.927447,166.174,-0.0010000000474974513,0.7960000038146973,0.3019999861717224,4,12
imu,1777665293.98588,1611981257000,5.673701286315918,-2.91145920753479,7.419182300567627,1.1522281169891357,0.3086148798465729,1.5594489574432373,40.4264132,-86.927447,166.174,-0.0010000000474974513,0.7960000038146973,0.3019999861717224,4,12
imu,1777665293.9901793,1611991257000,5.7991557121276855,-2.3724942207336426,7.523006439208984,1.265395164489746,0.2793724536895752,1.6369234323501587,40.4264132,-86.927447,166.174,-0.0010000000474974513,0.7960000038146973,0.3019999861717224,4,12
imu,1777665293.9980896,1612001257000,5.742926597595215,-2.5164871215820312,7.315720558166504,1.4076586961746216,0.25333690643310547,1.714517593383789,40.4264132,-86.927447,166.174,-0.0010000000474974513,0.7960000038146973,0.3019999861717224,4,12
imu,1777665294.013681,1612011257000,5.8386688232421875,-1.7860623598098755,7.187154293060303,1.3512470722198486,0.2268369197845459,1.7380990982055664,40.4264132,-86.927447,166.174,-0.0010000000474974513,0.7960000038146973,0.3019999861717224,4,12
imu,1777665294.0180743,1612021257000,6.185192584991455,-1.9769726991653442,7.3537397384643555,1.2143099308013916,0.30485814809799194,1.7219867706298828,40.4264132,-86.927447,166.174,-0.0010000000474974513,0.7960000038146973,0.3019999861717224,4,12
imu,1777665294.0356853,1612031257000,6.193175792694092,-2.065793752670288,7.511338710784912,1.1305333375930786,0.3583259582519531,1.7669968605041504,40.4264132,-86.927447,166.174,-0.0010000000474974513,0.7960000038146973,0.3019999861717224,4,12
imu,1777665294.0402188,1612041257000,6.14909029006958,-1.1333743333816528,7.120084762573242,1.0989662408828735,0.3709615468978882,1.877487063407898,40.4264132,-86.927447,166.174,-0.0010000000474974513,0.7960000038146973,0.3019999861717224,4,12
imu,1777665294.04804,1612051257000,6.173652648925781,-1.0318785905838013,7.029294490814209,1.103660225868225,0.41004762053489685,1.9908777475357056,40.4264144,-86.9274465,165.887,-0.23800000548362732,0.25699999928474426,0.414000004529953,4,14
imu,1777665294.063504,1612061257000,6.064566612243652,-1.4396637678146362,7.34564733505249,1.0980167388916016,0.41595807671546936,2.1059207916259766,40.4264144,-86.9274465,165.887,-0.23800000548362732,0.25699999928474426,0.414000004529953,4,14
imu,1777665294.0691564,1612071257000,6.332341194152832,-1.2290679216384888,7.1922197341918945,1.0637273788452148,0.43171441555023193,2.1674280166625977,40.4264144,-86.9274465,165.887,-0.23800000548362732,0.25699999928474426,0.414000004529953,4,14
imu,1777665294.0860703,1612081257000,6.40748405456543,-1.5551913976669312,7.056694984436035,0.976395308971405,0.4644453525543213,2.153230905532837,40.4264144,-86.9274465,165.887,-0.23800000548362732,0.25699999928474426,0.414000004529953,4,14
imu,1777665294.0895333,1612091257000,6.515863418579102,-1.7372404336929321,7.232817649841309,0.9529044032096863,0.433270663022995,2.207263946533203,40.4264144,-86.9274465,165.887,-0.23800000548362732,0.25699999928474426,0.414000004529953,4,14
imu,1777665294.0974889,1612101257000,6.681044578552246,-1.4335218667984009,7.275179862976074,1.0222458839416504,0.3805152475833893,2.28062105178833,40.4264144,-86.9274465,165.887,-0.23800000548362732,0.25699999928474426,0.414000004529953,4,14
imu,1777665294.114236,1612111257000,6.827351093292236,-1.2747255563735962,7.279475688934326,1.0350251197814941,0.35262948274612427,2.3254928588867188,40.4264144,-86.9274465,165.887,-0.23800000548362732,0.25699999928474426,0.414000004529953,4,14
imu,1777665294.117562,1612121257000,6.896932125091553,-1.2258929014205933,7.167292594909668,0.9405254125595093,0.34565454721450806,2.371403455734253,40.4264144,-86.9274465,165.887,-0.23800000548362732,0.25699999928474426,0.414000004529953,4,14
imu,1777665294.1356077,1612131257000,6.826258182525635,-0.8244402408599854,7.296209335327148,0.7876805067062378,0.3713424503803253,2.3753862380981445,40.4264144,-86.9274465,165.887,-0.23800000548362732,0.25699999928474426,0.414000004529953,4,14
imu,1777665294.140221,1612141257000,6.910876750946045,-0.9185506701469421,7.465819358825684,0.7885918617248535,0.3642255663871765,2.415773630142212,40.4264144,-86.9274465,165.887,-0.23800000548362732,0.25699999928474426,0.414000004529953,4,14
imu,1777665294.1490197,1612151257000,6.90632963180542,-0.820429801940918,7.620275497436523,0.7886701226234436,0.33957138657569885,2.4480860233306885,40.4264144,-86.9274465,165.887,-0.23800000548362732,0.25699999928474426,0.414000004529953,4,14
imu,1777665294.1649816,1612161257000,6.872188568115234,-0.4579477608203888,7.525308609008789,0.7834927439689636,0.29872262477874756,2.4509830474853516,40.4264144,-86.9274465,165.887,-0.23800000548362732,0.25699999928474426,0.414000004529953,4,14
imu,1777665294.1671915,1612171257000,6.942090034484863,-0.4897425174713135,7.885750770568848,0.758968710899353,0.27588969469070435,2.4523255825042725,40.4264144,-86.9274465,165.887,-0.23800000548362732,0.25699999928474426,0.414000004529953,4,14
imu,1777665294.1869364,1612181257000,6.698912620544434,-0.24626114964485168,8.312201499938965,0.8859499096870422,0.21895594894886017,2.5863006114959717,40.4264144,-86.9274465,165.887,-0.23800000548362732,0.25699999928474426,0.414000004529953,4,14
imu,1777665294.189659,1612191257000,6.97681999206543,-0.27334755659103394,8.37907600402832,0.923076331615448,0.18180915713310242,2.6511902809143066,40.4264144,-86.9274465,165.887,-0.23800000548362732,0.25699999928474426,0.414000004529953,4,14
imu,1777665294.1975157,1612201257000,7.166800498962402,-0.4773179590702057,8.58638858795166,0.8020757436752319,0.1602359414100647,2.548835039138794,40.4264144,-86.9274465,165.887,-0.23800000548362732,0.25699999928474426,0.414000004529953,4,14
imu,1777665294.2151172,1612211257000,7.309351921081543,-0.776136577129364,8.853379249572754,0.6690710186958313,0.17773117125034332,2.4829041957855225,40.4264144,-86.9274465,165.887,-0.23800000548362732,0.25699999928474426,0.414000004529953,4,14
imu,1777665294.2175364,1612221257000,7.451526641845703,-0.9086993932723999,9.241833686828613,0.6476921439170837,0.20982986688613892,2.457476854324341,40.4264144,-86.9274465,165.887,-0.23800000548362732,0.25699999928474426,0.414000004529953,4,14
imu,1777665294.2353494,1612231257000,7.470132827758789,-1.2514082193374634,9.260235786437988,0.6698610782623291,0.3013039827346802,2.466365337371826,40.4264144,-86.9274465,165.887,-0.23800000548362732,0.25699999928474426,0.414000004529953,4,14
imu,1777665294.2399237,1612241257000,7.044900417327881,-0.0862656682729721,8.52262020111084,0.6357912421226501,0.3779127895832062,2.461148500442505,40.4264144,-86.9274465,165.887,-0.23800000548362732,0.25699999928474426,0.414000004529953,4,14
imu,1777665294.2476587,1612251257000,6.822363376617432,0.7053832411766052,8.019538879394531,0.6533058285713196,0.366752564907074,2.462580442428589,40.426414,-86.92744619999999,166.102,0.3149999976158142,-0.3070000112056732,0.4180000126361847,4,11
imu,1777665294.2644892,1612261257000,6.772029876708984,0.5570263266563416,8.354086875915527,0.6661973595619202,0.3246907889842987,2.4458069801330566,40.426414,-86.92744619999999,166.102,0.3149999976158142,-0.3070000112056732,0.4180000126361847,4,11
imu,1777665294.2678008,1612271257000,6.694810390472412,1.4002996683120728,8.596419334411621,0.706704318523407,0.2909114956855774,2.430262565612793,40.426414,-86.92744619999999,166.102,0.3149999976158142,-0.3070000112056732,0.4180000126361847,4,11
imu,1777665294.2857287,1612281257000,6.398679256439209,1.8975805044174194,8.48024845123291,0.6727244257926941,0.3047894239425659,2.339524984359741,40.426414,-86.92744619999999,166.102,0.3149999976158142,-0.3070000112056732,0.4180000126361847,4,11
imu,1777665294.290319,1612291257000,6.278400421142578,2.296140432357788,8.515936851501465,0.47994858026504517,0.32310032844543457,2.2257676124572754,40.426414,-86.92744619999999,166.102,0.3149999976158142,-0.3070000112056732,0.4180000126361847,4,11
imu,1777665294.2993717,1612301257000,6.326421737670898,3.083782911300659,8.729874610900879,0.39444875717163086,0.329531192779541,2.0961506366729736,40.426414,-86.92744619999999,166.102,0.3149999976158142,-0.3070000112056732,0.4180000126361847,4,11
imu,1777665294.3150637,1612311257000,6.327010154724121,2.4611239433288574,8.671542167663574,0.30719152092933655,0.34490081667900085,1.9588762521743774,40.426414,-86.92744619999999,166.102,0.3149999976158142,-0.3070000112056732,0.4180000126361847,4,11
imu,1777665294.3184345,1612321257000,6.202960968017578,2.8065922260284424,8.802922248840332,0.29336830973625183,0.3364165723323822,1.8487606048583984,40.426414,-86.92744619999999,166.102,0.3149999976158142,-0.3070000112056732,0.4180000126361847,4,11
imu,1777665294.3352635,1612331257000,5.920419692993164,3.6831324100494385,8.735417366027832,0.2866652011871338,0.2969435751438141,1.7369898557662964,40.426414,-86.92744619999999,166.102,0.3149999976158142,-0.3070000112056732,0.4180000126361847,4,11
imu,1777665294.3398802,1612341257000,5.859403133392334,3.933983325958252,8.539109230041504,0.23245656490325928,0.266537606716156,1.629055142402649,40.426414,-86.92744619999999,166.102,0.3149999976158142,-0.3070000112056732,0.4180000126361847,4,11
imu,1777665294.3477192,1612351257000,5.824862003326416,3.27898907661438,8.862370491027832,0.19407571852207184,0.25530296564102173,1.4976803064346313,40.426414,-86.92744619999999,166.102,0.3149999976158142,-0.3070000112056732,0.4180000126361847,4,11
imu,1777665294.3645635,1612361257000,5.704832553863525,2.9300410747528076,9.0170316696167,0.15090689063072205,0.24468760192394257,1.403749704360962,40.426414,-86.92744619999999,166.102,0.3149999976158142,-0.3070000112056732,0.4180000126361847,4,11
imu,1777665294.3678916,1612371257000,5.665931701660156,2.6890976428985596,9.116681098937988,0.0586964450776577,0.2802543342113495,1.266222596168518,40.426414,-86.92744619999999,166.102,0.3149999976158142,-0.3070000112056732,0.4180000126361847,4,11
imu,1777665294.385699,1612381257000,5.256749629974365,3.755852460861206,9.65302848815918,0.03574647754430771,0.27118760347366333,1.2030587196350098,40.426414,-86.92744619999999,166.102,0.3149999976158142,-0.3070000112056732,0.4180000126361847,4,11
imu,1777665294.390103,1612391257000,5.17380428314209,4.233718395233154,9.372294425964355,-0.06538450717926025,0.30530041456222534,1.070235252380371,40.426414,-86.92744619999999,166.102,0.3149999976158142,-0.3070000112056732,0.4180000126361847,4,11
imu,1777665294.3980577,1612401257000,5.0418171882629395,3.9190609455108643,8.9132661819458,-0.2381509244441986,0.3463502824306488,0.8802820444107056,40.426414,-86.92744619999999,166.102,0.3149999976158142,-0.3070000112056732,0.4180000126361847,4,11
imu,1777665294.4147124,1612411257000,4.955421447753906,3.5700438022613525,8.999640464782715,-0.3096866309642792,0.3332970440387726,0.7848154902458191,40.426414,-86.92744619999999,166.102,0.3149999976158142,-0.3070000112056732,0.4180000126361847,4,11
imu,1777665294.4192052,1612421257000,4.974853038787842,3.0219597816467285,9.201125144958496,-0.30406180024147034,0.3465219736099243,0.7042829990386963,40.426414,-86.92744619999999,166.102,0.3149999976158142,-0.3070000112056732,0.4180000126361847,4,11
imu,1777665294.4363153,1612431257000,4.66627836227417,2.6762802600860596,8.6688814163208,-0.3894415497779846,0.3511747121810913,0.6560249924659729,40.426414,-86.92744619999999,166.102,0.3149999976158142,-0.3070000112056732,0.4180000126361847,4,11
imu,1777665294.4395459,1612441257000,4.2892937660217285,3.176987409591675,8.676556587219238,-0.42978090047836304,0.35702329874038696,0.49746283888816833,40.426414,-86.92744619999999,166.102,0.3149999976158142,-0.3070000112056732,0.4180000126361847,4,11
imu,1777665294.4485712,1612451257000,4.0226874351501465,3.270308017730713,8.677657127380371,-0.4251689612865448,0.34893009066581726,0.38984131813049316,40.4264143,-86.9274466,166.073,0.33000001311302185,-0.03400000184774399,0.035999998450279236,4,12
imu,1777665294.4644246,1612461257000,3.940481424331665,2.431375741958618,8.772930145263672,-0.4431508481502533,0.38506796956062317,0.2873106002807617,40.4264143,-86.9274466,166.073,0.33000001311302185,-0.03400000184774399,0.035999998450279236,4,12
imu,1777665294.4677062,1612471257000,3.701406717300415,2.635807752609253,8.8005952835083,-0.5001406669616699,0.3586844503879547,0.09012492746114731,40.4264143,-86.9274466,166.073,0.33000001311302185,-0.03400000184774399,0.035999998450279236,4,12
imu,1777665294.4855819,1612481257000,3.4839885234832764,3.3176491260528564,8.731982231140137,-0.5697197318077087,0.3308720588684082,-0.053645119071006775,40.4264143,-86.9274466,166.073,0.33000001311302185,-0.03400000184774399,0.035999998450279236,4,12
imu,1777665294.4899354,1612491257000,3.3807952404022217,2.4652485847473145,8.885659217834473,-0.7098388075828552,0.3665388226509094,-0.22211872041225433,40.4264143,-86.9274466,166.073,0.33000001311302185,-0.03400000184774399,0.035999998450279236,4,12
imu,1777665294.4987993,1612501257000,3.1883482933044434,2.0590031147003174,9.392303466796875,-0.8649550080299377,0.4091646671295166,-0.38941821455955505,40.4264143,-86.9274466,166.073,0.33000001311302185,-0.03400000184774399,0.035999998450279236,4,12
imu,1777665294.5145698,1612511257000,3.247405529022217,2.1024348735809326,9.588220596313477,-0.8637797236442566,0.4485047459602356,-0.5155046582221985,40.4264143,-86.9274466,166.073,0.33000001311302185,-0.03400000184774399,0.035999998450279236,4,12
imu,1777665294.519041,1612521257000,3.4934632778167725,1.9676183462142944,9.450911521911621,-0.7526954412460327,0.4843461811542511,-0.659450352191925,40.4264143,-86.9274466,166.073,0.33000001311302185,-0.03400000184774399,0.035999998450279236,4,12
imu,1777665294.5359159,1612531257000,3.402658700942993,1.9780656099319458,9.07683277130127,-0.5834130048751831,0.4811995029449463,-0.7661370038986206,40.4264143,-86.9274466,166.073,0.33000001311302185,-0.03400000184774399,0.035999998450279236,4,12
imu,1777665294.5392141,1612541256000,3.1238138675689697,1.7055641412734985,9.19900131225586,-0.5432966947555542,0.4799666106700897,-0.8970834612846375,40.4264143,-86.9274466,166.073,0.33000001311302185,-0.03400000184774399,0.035999998450279236,4,12
imu,1777665294.5482652,1612551257000,2.9698781967163086,2.5101711750030518,8.938426971435547,-0.6531978845596313,0.4752015471458435,-1.0665112733840942,40.4264143,-86.9274466,166.073,0.33000001311302185,-0.03400000184774399,0.035999998450279236,4,12
imu,1777665294.5640762,1612561257000,2.923441171646118,2.632255792617798,8.759625434875488,-0.851691722869873,0.464376300573349,-1.2581002712249756,40.4264143,-86.9274466,166.073,0.33000001311302185,-0.03400000184774399,0.035999998450279236,4,12
imu,1777665294.5686874,1612571257000,2.77059268951416,2.492584228515625,9.0326566696167,-1.0901122093200684,0.4658028483390808,-1.4291986227035522,40.4264143,-86.9274466,166.073,0.33000001311302185,-0.03400000184774399,0.035999998450279236,4,12
imu,1777665294.5856428,1612581257000,2.842613458633423,2.4286653995513916,9.102998733520508,-1.20790433883667,0.47400015592575073,-1.5888128280639648,40.4264143,-86.9274466,166.073,0.33000001311302185,-0.03400000184774399,0.035999998450279236,4,12
imu,1777665294.5900621,1612591257000,2.811539888381958,2.386735200881958,8.775126457214355,-1.1498057842254639,0.43472298979759216,-1.7240078449249268,40.4264143,-86.9274466,166.073,0.33000001311302185,-0.03400000184774399,0.035999998450279236,4,12
imu,1777665294.599226,1612601257000,2.8713696002960205,2.2117459774017334,8.722490310668945,-1.0165187120437622,0.3487553596496582,-1.8042389154434204,40.4264143,-86.9274466,166.073,0.33000001311302185,-0.03400000184774399,0.035999998450279236,4,12
imu,1777665294.6149695,1612611257000,2.9225714206695557,2.177764654159546,9.023148536682129,-0.8121005296707153,0.26636478304862976,-1.8876519203186035,40.4264143,-86.9274466,166.073,0.33000001311302185,-0.03400000184774399,0.035999998450279236,4,12
imu,1777665294.618386,1612621257000,2.807508707046509,2.365438222885132,9.101354598999023,-0.7015224695205688,0.19448664784431458,-1.9886173009872437,40.4264143,-86.9274466,166.073,0.33000001311302185,-0.03400000184774399,0.035999998450279236,4,12
imu,1777665294.6352377,1612631257000,2.792527914047241,2.595806360244751,9.06894588470459,-0.7755427956581116,0.16766412556171417,-2.1104824542999268,40.4264143,-86.9274466,166.073,0.33000001311302185,-0.03400000184774399,0.035999998450279236,4,12
imu,1777665294.6395636,1612641257000,2.648761749267578,2.4976494312286377,9.33562183380127,-0.9158382415771484,0.18244683742523193,-2.249213695526123,40.4264143,-86.9274466,166.073,0.33000001311302185,-0.03400000184774399,0.035999998450279236,4,12
imu,1777665294.6486762,1612651257000,2.791137933731079,2.610297441482544,9.08054256439209,-0.9849949479103088,0.20274533331394196,-2.3533802032470703,40.4264149,-86.9274475,166.085,0.37400001287460327,-0.5059999823570251,0.14900000393390656,4,13
imu,1777665294.6645932,1612661257000,2.9753265380859375,1.5059486627578735,8.543021202087402,-1.0829328298568726,0.23117229342460632,-2.46429705619812,40.4264149,-86.9274475,166.085,0.37400001287460327,-0.5059999823570251,0.14900000393390656,4,13
imu,1777665294.668993,1612671257000,2.709136962890625,0.9219157695770264,8.529871940612793,-1.0758981704711914,0.18470509350299835,-2.5437283515930176,40.4264149,-86.9274475,166.085,0.37400001287460327,-0.5059999823570251,0.14900000393390656,4,13
imu,1777665294.6859686,1612681257000,2.6120550632476807,0.8168864250183105,8.724762916564941,-0.8768953680992126,0.07537806779146194,-2.5657198429107666,40.4264149,-86.9274475,166.085,0.37400001287460327,-0.5059999823570251,0.14900000393390656,4,13
imu,1777665294.6894362,1612691257000,2.3689470291137695,0.8553496599197388,8.92606258392334,-0.6788845658302307,-0.05280207097530365,-2.5994503498077393,40.4264149,-86.9274475,166.085,0.37400001287460327,-0.5059999823570251,0.14900000393390656,4,13
imu,1777665294.6984236,1612701257000,2.052427053451538,0.9423558712005615,9.304081916809082,-0.6672095656394958,-0.1455456018447876,-2.622018575668335,40.4264149,-86.9274475,166.085,0.37400001287460327,-0.5059999823570251,0.14900000393390656,4,13
imu,1777665294.7140725,1612711257000,1.5849854946136475,1.3467482328414917,9.58333969116211,-0.7850567102432251,-0.16634339094161987,-2.503617286682129,40.4264149,-86.9274475,166.085,0.37400001287460327,-0.5059999823570251,0.14900000393390656,4,13
imu,1777665294.7185385,1612721257000,2.253551483154297,1.256691575050354,9.765989303588867,-0.8740569949150085,-0.17593178153038025,-2.698608160018921,40.4264149,-86.9274475,166.085,0.37400001287460327,-0.5059999823570251,0.14900000393390656,4,13
imu,1777665294.736223,1612731257000,1.7823522090911865,0.4019719660282135,10.091383934020996,-0.9426730275154114,-0.1873476654291153,-2.826131582260132,40.4264149,-86.9274475,166.085,0.37400001287460327,-0.5059999823570251,0.14900000393390656,4,13
imu,1777665294.7395735,1612741257000,1.5014621019363403,0.09930881857872009,9.733174324035645,-0.9619401097297668,-0.21183116734027863,-2.8548061847686768,40.4264149,-86.9274475,166.085,0.37400001287460327,-0.5059999823570251,0.14900000393390656,4,13
imu,1777665294.7486525,1612751257000,1.51776921749115,-0.20354095101356506,9.503628730773926,-0.8913604021072388,-0.1935390681028366,-2.8931081295013428,40.4264149,-86.9274475,166.085,0.37400001287460327,-0.5059999823570251,0.14900000393390656,4,13
imu,1777665294.7644408,1612761257000,1.1415549516677856,0.2522687017917633,9.668976783752441,-0.6155376434326172,-0.23564191162586212,-2.958189010620117,40.4264149,-86.9274475,166.085,0.37400001287460327,-0.5059999823570251,0.14900000393390656,4,13
imu,1777665294.769001,1612771257000,-0.5704656839370728,-0.14851202070713043,9.146668434143066,-0.3444099426269531,-0.44849514961242676,-2.252023220062256,40.4264149,-86.9274475,166.085,0.37400001287460327,-0.5059999823570251,0.14900000393390656,4,13
imu,1777665294.7855363,1612781257000,0.5945637226104736,0.4580536186695099,9.545223236083984,-0.25549745559692383,-0.4127476215362549,-2.1835997104644775,40.4264149,-86.9274475,166.085,0.37400001287460327,-0.5059999823570251,0.14900000393390656,4,13
imu,1777665294.7899916,1612791257000,0.7088582515716553,1.2058916091918945,10.482150077819824,-0.3021783232688904,-0.4394259452819824,-2.3648018836975098,40.4264149,-86.9274475,166.085,0.37400001287460327,-0.5059999823570251,0.14900000393390656,4,13
imu,1777665294.7989078,1612801257000,0.5992874503135681,1.2082096338272095,10.648869514465332,-0.3581283986568451,-0.44765275716781616,-2.583841562271118,40.4264149,-86.9274475,166.085,0.37400001287460327,-0.5059999823570251,0.14900000393390656,4,13
imu,1777665294.8144784,1612811257000,0.9888667464256287,0.43045109510421753,10.76207447052002,-0.4091576337814331,-0.4404909610748291,-2.6987733840942383,40.4264149,-86.9274475,166.085,0.37400001287460327,-0.5059999823570251,0.14900000393390656,4,13
imu,1777665294.81898,1612821257000,0.8807553052902222,0.2016940414905548,11.482634544372559,-0.334632933139801,-0.30163106322288513,-3.1150448322296143,40.4264149,-86.9274475,166.085,0.37400001287460327,-0.5059999823570251,0.14900000393390656,4,13
imu,1777665294.8357399,1612831257000,-0.935516893863678,-0.8420625925064087,11.664602279663086,-0.18092107772827148,-0.4117470681667328,-2.609931468963623,40.4264149,-86.9274475,166.085,0.37400001287460327,-0.5059999823570251,0.14900000393390656,4,13
imu,1777665294.8389666,1612841257000,0.1614530086517334,-0.7294536828994751,10.6748628616333,-0.1633886843919754,-0.25824040174484253,-2.789853811264038,40.4264149,-86.9274475,166.085,0.37400001287460327,-0.5059999823570251,0.14900000393390656,4,13
imu,1777665294.8491488,1612851257000,-0.5777015686035156,-0.4212851822376251,10.992642402648926,-0.14867527782917023,0.0403655469417572,-2.9088613986968994,40.4264122,-86.927447,166.892,-0.5709999799728394,-0.6539999842643738,-0.2370000034570694,4,14
imu,1777665294.8646736,1612861257000,-1.608311414718628,-1.249119520187378,10.724855422973633,-0.1003219410777092,-0.15492579340934753,-2.0101637840270996,40.4264122,-86.927447,166.892,-0.5709999799728394,-0.6539999842643738,-0.2370000034570694,4,14
imu,1777665294.8679736,1612871257000,-1.0114604234695435,0.0043949950486421585,9.916428565979004,-0.05991940572857857,-0.3832590579986572,-2.1592917442321777,40.4264122,-86.927447,166.892,-0.5709999799728394,-0.6539999842643738,-0.2370000034570694,4,14
imu,1777665294.8869205,1612881257000,-1.10649573802948,0.4539256989955902,10.107617378234863,0.034173328429460526,-0.36192625761032104,-2.298793077468872,40.4264122,-86.927447,166.892,-0.5709999799728394,-0.6539999842643738,-0.2370000034570694,4,14
imu,1777665294.8890667,1612891257000,-1.122344732284546,-0.32375603914260864,10.170065879821777,0.20377592742443085,-0.356919527053833,-2.084948778152466,40.4264122,-86.927447,166.892,-0.5709999799728394,-0.6539999842643738,-0.2370000034570694,4,14
imu,1777665294.8981311,1612901257000,-0.6582105159759521,-0.8732074499130249,9.85637378692627,0.17235687375068665,-0.3161413371562958,-2.071869373321533,40.4264122,-86.927447,166.892,-0.5709999799728394,-0.6539999842643738,-0.2370000034570694,4,14
imu,1777665294.9151058,1612911257000,-1.245453119277954,-0.49123427271842957,9.87668514251709,0.13962817192077637,-0.36522525548934937,-1.946263313293457,40.4264122,-86.927447,166.892,-0.5709999799728394,-0.6539999842643738,-0.2370000034570694,4,14
imu,1777665294.9184523,1612921257000,-0.9733135104179382,-0.09903252869844437,9.70660400390625,0.11282870918512344,-0.33340388536453247,-1.8473632335662842,40.4264122,-86.927447,166.892,-0.5709999799728394,-0.6539999842643738,-0.2370000034570694,4,14
imu,1777665294.9362924,1612931257000,-1.0018972158432007,0.5198255181312561,9.821738243103027,0.01813664101064205,-0.2660481035709381,-1.8590481281280518,40.4264122,-86.927447,166.892,-0.5709999799728394,-0.6539999842643738,-0.2370000034570694,4,14
imu,1777665294.939564,1612941257000,-1.097152829170227,0.6939792633056641,9.925662994384766,0.017672205343842506,-0.2580099403858185,-1.842315673828125,40.4264122,-86.927447,166.892,-0.5709999799728394,-0.6539999842643738,-0.2370000034570694,4,14
imu,1777665294.948628,1612951257000,-1.1430718898773193,0.2854465842247009,10.000808715820312,0.11255862563848495,-0.2924990653991699,-1.7265740633010864,40.4264122,-86.927447,166.892,-0.5709999799728394,-0.6539999842643738,-0.2370000034570694,4,14
imu,1777665294.964217,1612961257000,-1.1389646530151367,-0.5027915239334106,10.022991180419922,0.1345703899860382,-0.2670316696166992,-1.6183327436447144,40.4264122,-86.927447,166.892,-0.5709999799728394,-0.6539999842643738,-0.2370000034570694,4,14
imu,1777665294.9687335,1612971257000,-1.220212697982788,-1.1264046430587769,10.024026870727539,0.01663924567401409,-0.19226589798927307,-1.4692922830581665,40.4264122,-86.927447,166.892,-0.5709999799728394,-0.6539999842643738,-0.2370000034570694,4,14
imu,1777665294.986851,1612981257000,-0.9501914978027344,-0.30013197660446167,10.396916389465332,-0.02835514396429062,-0.10575709491968155,-1.3752647638320923,40.4264122,-86.927447,166.892,-0.5709999799728394,-0.6539999842643738,-0.2370000034570694,4,14
imu,1777665294.9889436,1612991257000,-1.0033186674118042,0.217088982462883,10.326191902160645,0.02220761403441429,-0.1042293831706047,-1.377195954322815,40.4264122,-86.927447,166.892,-0.5709999799728394,-0.6539999842643738,-0.2370000034570694,4,14
imu,1777665294.9989471,1613001257000,-0.9565979838371277,0.272337406873703,9.932866096496582,0.07688800990581512,-0.16171501576900482,-1.390791654586792,40.4264122,-86.927447,166.892,-0.5709999799728394,-0.6539999842643738,-0.2370000034570694,4,14
imu,1777665295.0145423,1613011257000,-0.8047744035720825,0.1440199911594391,10.252863883972168,0.08975435793399811,-0.1985120177268982,-1.3814358711242676,40.4264122,-86.927447,166.892,-0.5709999799728394,-0.6539999842643738,-0.2370000034570694,4,14
imu,1777665295.0179892,1613021257000,-0.8191012144088745,0.07181675732135773,10.44588565826416,0.08688125014305115,-0.23956844210624695,-1.295903205871582,40.4264122,-86.927447,166.892,-0.5709999799728394,-0.6539999842643738,-0.2370000034570694,4,14
imu,1777665295.0367384,1613031257000,-0.5264122486114502,-0.4532976448535919,10.558030128479004,-0.05573420971632004,-0.20511780679225922,-1.21964430809021,40.4264122,-86.927447,166.892,-0.5709999799728394,-0.6539999842643738,-0.2370000034570694,4,14
imu,1777665295.039087,1613041257000,-0.2384670078754425,-1.0614815950393677,10.989825248718262,-0.004125397186726332,-0.11810869723558426,-1.1094928979873657,40.4264122,-86.927447,166.892,-0.5709999799728394,-0.6539999842643738,-0.2370000034570694,4,14
imu,1777665295.0500941,1613051257000,-0.29543182253837585,-1.09125554561615,11.137258529663086,0.12250732630491257,-0.10161853581666946,-1.0243377685546875,40.4264106,-86.927448,166.984,-0.6349999904632568,-0.2919999957084656,-0.3199999928474426,4,13
imu,1777665295.0668123,1613061257000,-0.19295786321163177,-0.5084642767906189,11.11650276184082,0.20336320996284485,-0.12040361762046814,-0.9774320721626282,40.4264106,-86.927448,166.984,-0.6349999904632568,-0.2919999957084656,-0.3199999928474426,4,13
imu,1777665295.0701263,1613071257000,-0.17489537596702576,-0.10951575636863708,11.150175094604492,0.1535162329673767,-0.11058419197797775,-1.0325580835342407,40.4264106,-86.927448,166.984,-0.6349999904632568,-0.2919999957084656,-0.3199999928474426,4,13
imu,1777665295.0860631,1613081257000,-0.15753863751888275,-0.0002819448709487915,11.24158000946045,-0.02223130129277706,-0.062112413346767426,-1.0729583501815796,40.4264106,-86.927448,166.984,-0.6349999904632568,-0.2919999957084656,-0.3199999928474426,4,13
imu,1777665295.0894482,1613091257000,-0.06895894557237625,0.6338339447975159,11.23116683959961,-0.16105136275291443,0.005214150995016098,-1.1156367063522339,40.4264106,-86.927448,166.984,-0.6349999904632568,-0.2919999957084656,-0.3199999928474426,4,13
imu,1777665295.0983112,1613101257000,0.39322930574417114,0.23049455881118774,10.802326202392578,-0.18215824663639069,0.05820036679506302,-1.132682204246521,40.4264106,-86.927448,166.984,-0.6349999904632568,-0.2919999957084656,-0.3199999928474426,4,13
imu,1777665295.1137793,1613111257000,0.41744759678840637,-0.5514137744903564,10.956121444702148,-0.021338559687137604,0.07110894471406937,-1.0927631855010986,40.4264106,-86.927448,166.984,-0.6349999904632568,-0.2919999957084656,-0.3199999928474426,4,13
imu,1777665295.1182008,1613121257000,0.4881630837917328,-0.7394670248031616,10.804720878601074,0.19434529542922974,0.026956068351864815,-0.9838069677352905,40.4264106,-86.927448,166.984,-0.6349999904632568,-0.2919999957084656,-0.3199999928474426,4,13
imu,1777665295.1360931,1613131257000,0.8228598237037659,-1.1251565217971802,10.699257850646973,0.10039254277944565,0.05715314671397209,-0.9946373105049133,40.4264106,-86.927448,166.984,-0.6349999904632568,-0.2919999957084656,-0.3199999928474426,4,13
imu,1777665295.1393385,1613141257000,0.7087576389312744,-1.1920281648635864,10.751636505126953,-0.1355103701353073,0.08315538614988327,-0.9695936441421509,40.4264106,-86.927448,166.984,-0.6349999904632568,-0.2919999957084656,-0.3199999928474426,4,13
imu,1777665295.1481574,1613151257000,0.9378390908241272,-1.3632547855377197,10.77517318725586,-0.22139233350753784,0.13481232523918152,-0.9010595679283142,40.4264106,-86.927448,166.984,-0.6349999904632568,-0.2919999957084656,-0.3199999928474426,4,13
imu,1777665295.1639278,1613161256000,1.120163083076477,-2.0267913341522217,10.729658126831055,-0.1865479052066803,0.22100213170051575,-0.8624425530433655,40.4264106,-86.927448,166.984,-0.6349999904632568,-0.2919999957084656,-0.3199999928474426,4,13
imu,1777665295.1682463,1613171257000,1.1469810009002686,-2.33479905128479,10.741995811462402,-0.04414787143468857,0.19084268808364868,-0.7492538690567017,40.4264106,-86.927448,166.984,-0.6349999904632568,-0.2919999957084656,-0.3199999928474426,4,13
imu,1777665295.1862886,1613181257000,0.3994828760623932,-2.6013739109039307,11.277238845825195,0.16419470310211182,0.19281922280788422,-0.565115213394165,40.4264106,-86.927448,166.984,-0.6349999904632568,-0.2919999957084656,-0.3199999928474426,4,13
imu,1777665295.1895735,1613191257000,0.8694368004798889,-1.8747938871383667,11.09284782409668,0.19181758165359497,0.04348205029964447,-0.5989655256271362,40.4264106,-86.927448,166.984,-0.6349999904632568,-0.2919999957084656,-0.3199999928474426,4,13
imu,1777665295.198357,1613201257000,1.7762356996536255,-2.5817387104034424,10.968511581420898,0.12024153023958206,0.2733493149280548,-0.6745615005493164,40.4264106,-86.927448,166.984,-0.6349999904632568,-0.2919999957084656,-0.3199999928474426,4,13
imu,1777665295.214058,1613211257000,1.1081558465957642,-2.0209133625030518,11.006507873535156,-0.040963735431432724,0.25074368715286255,-1.0317988395690918,40.4264106,-86.927448,166.984,-0.6349999904632568,-0.2919999957084656,-0.3199999928474426,4,13
imu,1777665295.218416,1613221257000,0.886921763420105,-2.6585018634796143,9.851327896118164,-0.019665786996483803,0.061382535845041275,-0.5427265167236328,40.4264106,-86.927448,166.984,-0.6349999904632568,-0.2919999957084656,-0.3199999928474426,4,13
imu,1777665295.2361429,1613231257000,1.4724267721176147,-2.7686874866485596,9.924695014953613,-0.026026053354144096,0.1260359138250351,-0.4690249562263489,40.4264106,-86.927448,166.984,-0.6349999904632568,-0.2919999957084656,-0.3199999928474426,4,13
imu,1777665295.2396452,1613241256000,1.4259297847747803,-3.1426801681518555,10.253437995910645,0.05953076481819153,0.1958693116903305,-0.4739188551902771,40.4264106,-86.927448,166.984,-0.6349999904632568,-0.2919999957084656,-0.3199999928474426,4,13
imu,1777665295.2507842,1613251257000,1.0168792009353638,-3.818518877029419,10.232211112976074,0.048744674772024155,0.2224855124950409,-0.29794275760650635,40.426408699999996,-86.92744789999999,166.733,-1.2740000486373901,0.36000001430511475,0.9520000219345093,4,16
imu,1777665295.2662973,1613261257000,1.2850648164749146,-2.68965482711792,10.289863586425781,-0.013235611841082573,0.2813051640987396,-0.24137423932552338,40.426408699999996,-86.92744789999999,166.733,-1.2740000486373901,0.36000001430511475,0.9520000219345093,4,16
imu,1777665295.2707605,1613271257000,1.2814688682556152,-2.0555684566497803,10.184435844421387,-0.026319630444049835,0.31818336248397827,-0.24186134338378906,40.426408699999996,-86.92744789999999,166.733,-1.2740000486373901,0.36000001430511475,0.9520000219345093,4,16
imu,1777665295.2862136,1613281257000,1.0482176542282104,-2.379236936569214,10.175209999084473,-0.09559381753206253,0.3005423843860626,-0.2132401466369629,40.426408699999996,-86.92744789999999,166.733,-1.2740000486373901,0.36000001430511475,0.9520000219345093,4,16
imu,1777665295.2896326,1613291257000,1.3632181882858276,-2.3734138011932373,10.4830904006958,-0.14371156692504883,0.298808753490448,-0.07457394897937775,40.426408699999996,-86.92744789999999,166.733,-1.2740000486373901,0.36000001430511475,0.9520000219345093,4,16
imu,1777665295.2987683,1613301257000,1.4979676008224487,-3.0445477962493896,10.580689430236816,-0.14193786680698395,0.3264061510562897,0.005076693370938301,40.426408699999996,-86.92744789999999,166.733,-1.2740000486373901,0.36000001430511475,0.9520000219345093,4,16
imu,1777665295.3144236,1613311257000,1.665763258934021,-3.3299753665924072,10.368123054504395,-0.1656908094882965,0.34912192821502686,0.13475529849529266,40.426408699999996,-86.92744789999999,166.733,-1.2740000486373901,0.36000001430511475,0.9520000219345093,4,16
imu,1777665295.318938,1613321257000,1.728624701499939,-3.83044695854187,10.295105934143066,-0.17983239889144897,0.37655115127563477,0.24225151538848877,40.426408699999996,-86.92744789999999,166.733,-1.2740000486373901,0.36000001430511475,0.9520000219345093,4,16
imu,1777665295.3359618,1613331257000,1.843993067741394,-3.593587636947632,10.0989351272583,-0.07253214716911316,0.3432920277118683,0.3404879570007324,40.426408699999996,-86.92744789999999,166.733,-1.2740000486373901,0.36000001430511475,0.9520000219345093,4,16
imu,1777665295.3393052,1613341257000,1.8500689268112183,-3.60657000541687,9.840656280517578,0.004957761615514755,0.2745966613292694,0.35152843594551086,40.426408699999996,-86.92744789999999,166.733,-1.2740000486373901,0.36000001430511475,0.9520000219345093,4,16
imu,1777665295.3483562,1613351257000,1.978981614112854,-3.6058430671691895,9.979939460754395,0.002031059470027685,0.2251378446817398,0.28470033407211304,40.426408699999996,-86.92744789999999,166.733,-1.2740000486373901,0.36000001430511475,0.9520000219345093,4,16
imu,1777665295.3641193,1613361257000,1.9164963960647583,-3.490356206893921,10.478803634643555,0.0027078231796622276,0.19932712614536285,0.23302750289440155,40.426408699999996,-86.92744789999999,166.733,-1.2740000486373901,0.36000001430511475,0.9520000219345093,4,16
imu,1777665295.368743,1613371257000,2.1107635498046875,-3.444453477859497,10.633748054504395,-0.021009037271142006,0.19163888692855835,0.23785540461540222,40.426408699999996,-86.92744789999999,166.733,-1.2740000486373901,0.36000001430511475,0.9520000219345093,4,16
imu,1777665295.3872688,1613381257000,2.1587822437286377,-3.4720571041107178,10.629354476928711,-0.024640478193759918,0.22500577569007874,0.21211764216423035,40.426408699999996,-86.92744789999999,166.733,-1.2740000486373901,0.36000001430511475,0.9520000219345093,4,16
imu,1777665295.389129,1613391257000,2.533522605895996,-3.519179344177246,10.451885223388672,0.09781202673912048,0.2108938843011856,0.22481666505336761,40.426408699999996,-86.92744789999999,166.733,-1.2740000486373901,0.36000001430511475,0.9520000219345093,4,16
imu,1777665295.3978486,1613401257000,2.577545642852783,-4.388059616088867,10.15854263305664,0.1475042998790741,0.2180880457162857,0.26302748918533325,40.426408699999996,-86.92744789999999,166.733,-1.2740000486373901,0.36000001430511475,0.9520000219345093,4,16
imu,1777665295.41465,1613411257000,2.6063356399536133,-4.728007793426514,10.123712539672852,0.18221721053123474,0.23485976457595825,0.41241753101348877,40.426408699999996,-86.92744789999999,166.733,-1.2740000486373901,0.36000001430511475,0.9520000219345093,4,16
imu,1777665295.4181054,1613421257000,2.812873125076294,-3.8808624744415283,10.031547546386719,0.20337772369384766,0.2499794214963913,0.5441572666168213,40.426408699999996,-86.92744789999999,166.733,-1.2740000486373901,0.36000001430511475,0.9520000219345093,4,16
imu,1777665295.4362423,1613431257000,2.8900976181030273,-3.514756917953491,10.067011833190918,0.17825078964233398,0.31084972620010376,0.5437699556350708,40.426408699999996,-86.92744789999999,166.733,-1.2740000486373901,0.36000001430511475,0.9520000219345093,4,16
imu,1777665295.4394517,1613441257000,2.8632142543792725,-3.3831653594970703,10.113411903381348,0.17131191492080688,0.3354794383049011,0.47320371866226196,40.426408699999996,-86.92744789999999,166.733,-1.2740000486373901,0.36000001430511475,0.9520000219345093,4,16
imu,1777665295.4485016,1613451257000,2.738320827484131,-3.0849568843841553,9.971039772033691,0.1003425270318985,0.36362311244010925,0.48427990078926086,40.4264071,-86.9274471,166.651,-0.28600001335144043,0.49799999594688416,0.3479999899864197,4,14
imu,1777665295.4644914,1613461257000,2.7142703533172607,-2.645388126373291,9.89962100982666,0.07713848352432251,0.39040276408195496,0.5662844777107239,40.4264071,-86.9274471,166.651,-0.28600001335144043,0.49799999594688416,0.3479999899864197,4,14
imu,1777665295.467868,1613471257000,2.742370367050171,-2.724733591079712,9.64294719696045,0.1349959373474121,0.40025198459625244,0.6032670140266418,40.4264071,-86.9274471,166.651,-0.28600001335144043,0.49799999594688416,0.3479999899864197,4,14
imu,1777665295.4860733,1613481257000,2.7174041271209717,-3.423295736312866,9.66617488861084,0.1423179805278778,0.4132618308067322,0.6518265604972839,40.4264071,-86.9274471,166.651,-0.28600001335144043,0.49799999594688416,0.3479999899864197,4,14
imu,1777665295.4893355,1613491257000,2.677753210067749,-3.195363759994507,9.633426666259766,0.1571533977985382,0.4402247667312622,0.7325501441955566,40.4264071,-86.9274471,166.651,-0.28600001335144043,0.49799999594688416,0.3479999899864197,4,14
imu,1777665295.4981992,1613501257000,2.856914758682251,-2.9044671058654785,9.192631721496582,0.2013678401708603,0.46979987621307373,0.804985761642456,40.4264071,-86.9274471,166.651,-0.28600001335144043,0.49799999594688416,0.3479999899864197,4,14
imu,1777665295.513797,1613511257000,2.8454384803771973,-2.933520555496216,8.84597396850586,0.18446508049964905,0.4879690706729889,0.8465033769607544,40.4264071,-86.9274471,166.651,-0.28600001335144043,0.49799999594688416,0.3479999899864197,4,14
imu,1777665295.5181675,1613521257000,2.8255536556243896,-2.5221025943756104,8.908164978027344,0.25202834606170654,0.4289507567882538,0.9013042449951172,40.4264071,-86.9274471,166.651,-0.28600001335144043,0.49799999594688416,0.3479999899864197,4,14
imu,1777665295.536215,1613531257000,2.758650064468384,-2.704486846923828,9.137884140014648,0.3487269878387451,0.3805031478404999,0.9278793334960938,40.4264071,-86.9274471,166.651,-0.28600001335144043,0.49799999594688416,0.3479999899864197,4,14
imu,1777665295.5393672,1613541257000,2.804422616958618,-2.7249977588653564,9.239996910095215,0.3611876368522644,0.3748912215232849,0.9122300148010254,40.4264071,-86.9274471,166.651,-0.28600001335144043,0.49799999594688416,0.3479999899864197,4,14
imu,1777665295.5483644,1613551257000,2.886054754257202,-2.7489376068115234,9.484930992126465,0.2961301803588867,0.4044705331325531,0.8839400410652161,40.4264071,-86.9274471,166.651,-0.28600001335144043,0.49799999594688416,0.3479999899864197,4,14
imu,1777665295.56417,1613561257000,3.0253069400787354,-2.8739004135131836,9.952869415283203,0.2783999741077423,0.45556825399398804,0.8794750571250916,40.4264071,-86.9274471,166.651,-0.28600001335144043,0.49799999594688416,0.3479999899864197,4,14
imu,1777665295.5685823,1613571257000,2.957184314727783,-2.9365034103393555,9.941497802734375,0.24914582073688507,0.5111815333366394,0.8838557004928589,40.4264071,-86.9274471,166.651,-0.28600001335144043,0.49799999594688416,0.3479999899864197,4,14
imu,1777665295.5863903,1613581257000,2.9179320335388184,-2.554706573486328,9.811650276184082,0.18835075199604034,0.5782029032707214,0.8884417414665222,40.4264071,-86.9274471,166.651,-0.28600001335144043,0.49799999594688416,0.3479999899864197,4,14
imu,1777665295.589655,1613591257000,2.8848164081573486,-2.29653263092041,9.307751655578613,0.09346466511487961,0.6389338970184326,0.8790804147720337,40.4264071,-86.9274471,166.651,-0.28600001335144043,0.49799999594688416,0.3479999899864197,4,14
imu,1777665295.598619,1613601257000,2.9190237522125244,-2.325972557067871,9.132089614868164,-0.018341436982154846,0.6759709119796753,0.86824631690979,40.4264071,-86.9274471,166.651,-0.28600001335144043,0.49799999594688416,0.3479999899864197,4,14
imu,1777665295.6140964,1613611257000,3.1934494972229004,-2.280364990234375,8.900256156921387,-0.029404636472463608,0.6724116206169128,0.8641417622566223,40.4264071,-86.9274471,166.651,-0.28600001335144043,0.49799999594688416,0.3479999899864197,4,14
imu,1777665295.6185927,1613621257000,3.2580363750457764,-2.477999448776245,8.61316204071045,-0.04160476475954056,0.662333071231842,0.9050998091697693,40.4264071,-86.9274471,166.651,-0.28600001335144043,0.49799999594688416,0.3479999899864197,4,14
imu,1777665295.636444,1613631257000,3.4576761722564697,-2.4385874271392822,8.11328411102295,-0.07103488594293594,0.6239305138587952,0.8881710767745972,40.4264071,-86.9274471,166.651,-0.28600001335144043,0.49799999594688416,0.3479999899864197,4,14
imu,1777665295.63873,1613641257000,3.630277395248413,-2.3903329372406006,7.782589912414551,-0.047341279685497284,0.5873907208442688,0.8562058806419373,40.4264071,-86.9274471,166.651,-0.28600001335144043,0.49799999594688416,0.3479999899864197,4,14
imu,1777665295.6477573,1613651257000,3.7383337020874023,-2.944249391555786,7.492478847503662,-0.03496710583567619,0.5212488770484924,0.9897440671920776,40.4264065,-86.92744599999999,166.881,0.3059999942779541,0.6169999837875366,-0.026000000536441803,4,15
imu,1777665295.6646614,1613661257000,3.819690227508545,-2.8205628395080566,7.571468830108643,-0.0658111646771431,0.45068874955177307,1.1319708824157715,40.4264065,-86.92744599999999,166.881,0.3059999942779541,0.6169999837875366,-0.026000000536441803,4,15
imu,1777665295.6678977,1613671257000,3.9141337871551514,-2.551737070083618,7.633275032043457,0.0032285861670970917,0.34951379895210266,1.3025145530700684,40.4264065,-86.92744599999999,166.881,0.3059999942779541,0.6169999837875366,-0.026000000536441803,4,15
imu,1777665295.685793,1613681257000,3.989575147628784,-2.8001089096069336,7.300223350524902,0.10389590263366699,0.2781693637371063,1.4334701299667358,40.4264065,-86.92744599999999,166.881,0.3059999942779541,0.6169999837875366,-0.026000000536441803,4,15
imu,1777665295.6891103,1613691257000,3.99104905128479,-2.5512406826019287,7.398603916168213,0.21577802300453186,0.18726083636283875,1.5788568258285522,40.4264065,-86.92744599999999,166.881,0.3059999942779541,0.6169999837875366,-0.026000000536441803,4,15
imu,1777665295.6980338,1613701257000,4.258822441101074,-1.9838671684265137,7.36310338973999,0.3219509422779083,0.11019695550203323,1.6581915616989136,40.4264065,-86.92744599999999,166.881,0.3059999942779541,0.6169999837875366,-0.026000000536441803,4,15
imu,1777665295.7136629,1613711257000,4.456320762634277,-1.3307511806488037,7.488197326660156,0.4236362874507904,0.03500526398420334,1.6809396743774414,40.4264065,-86.92744599999999,166.881,0.3059999942779541,0.6169999837875366,-0.026000000536441803,4,15
imu,1777665295.7180624,1613721257000,4.549191474914551,-0.7726073265075684,7.740943431854248,0.5660625100135803,-0.0771205723285675,1.6847482919692993,40.4264065,-86.92744599999999,166.881,0.3059999942779541,0.6169999837875366,-0.026000000536441803,4,15
imu,1777665295.736134,1613731257000,4.590312957763672,-0.8330888748168945,7.822188377380371,0.6451639533042908,-0.13746336102485657,1.705545425415039,40.4264065,-86.92744599999999,166.881,0.3059999942779541,0.6169999837875366,-0.026000000536441803,4,15
imu,1777665295.7394342,1613741257000,4.6199951171875,-0.551003634929657,8.153670310974121,0.6724754571914673,-0.16568529605865479,1.7749875783920288,40.4264065,-86.92744599999999,166.881,0.3059999942779541,0.6169999837875366,-0.026000000536441803,4,15
imu,1777665295.748283,1613751257000,4.762347221374512,0.15901166200637817,8.4219970703125,0.7019232511520386,-0.1620834320783615,1.809654951095581,40.4264065,-86.92744599999999,166.881,0.3059999942779541,0.6169999837875366,-0.026000000536441803,4,15
imu,1777665295.7640345,1613761257000,4.802255153656006,0.41008511185646057,8.540837287902832,0.6756722927093506,-0.11883438378572464,1.7659913301467896,40.4264065,-86.92744599999999,166.881,0.3059999942779541,0.6169999837875366,-0.026000000536441803,4,15
imu,1777665295.7675164,1613771257000,4.884500503540039,0.3968628942966461,8.431867599487305,0.5928493738174438,-0.09340225905179977,1.6797364950180054,40.4264065,-86.92744599999999,166.881,0.3059999942779541,0.6169999837875366,-0.026000000536441803,4,15
imu,1777665295.7865353,1613781257000,4.857491493225098,0.10747470706701279,8.556307792663574,0.49965882301330566,-0.083266980946064,1.6051141023635864,40.4264065,-86.92744599999999,166.881,0.3059999942779541,0.6169999837875366,-0.026000000536441803,4,15
imu,1777665295.7898207,1613791257000,4.716216564178467,0.29119905829429626,8.798720359802246,0.4439627230167389,-0.08062000572681427,1.5692182779312134,40.4264065,-86.92744599999999,166.881,0.3059999942779541,0.6169999837875366,-0.026000000536441803,4,15
imu,1777665295.7975183,1613801257000,4.753716468811035,0.2003907561302185,8.752985000610352,0.39385396242141724,-0.04722586274147034,1.5212570428848267,40.4264065,-86.92744599999999,166.881,0.3059999942779541,0.6169999837875366,-0.026000000536441803,4,15
imu,1777665295.8142836,1613811257000,4.791716575622559,0.23281723260879517,8.987988471984863,0.4101766347885132,-0.028308052569627762,1.4809085130691528,40.4264065,-86.92744599999999,166.881,0.3059999942779541,0.6169999837875366,-0.026000000536441803,4,15
imu,1777665295.817528,1613821257000,4.824611186981201,0.32638806104660034,9.124399185180664,0.4975681006908417,-0.032011449337005615,1.4541016817092896,40.4264065,-86.92744599999999,166.881,0.3059999942779541,0.6169999837875366,-0.026000000536441803,4,15
imu,1777665295.8354,1613831257000,4.849905014038086,0.5576788783073425,8.943836212158203,0.4939153492450714,-0.02299264259636402,1.424342155456543,40.4264065,-86.92744599999999,166.881,0.3059999942779541,0.6169999837875366,-0.026000000536441803,4,15
imu,1777665295.8388624,1613841257000,4.845658302307129,0.87884122133255,8.941771507263184,0.43337857723236084,-0.009340450167655945,1.3876069784164429,40.4264065,-86.92744599999999,166.881,0.3059999942779541,0.6169999837875366,-0.026000000536441803,4,15
imu,1777665295.8477342,1613851257000,4.629949569702148,0.74750155210495,8.986282348632812,0.3288026750087738,0.02230728045105934,1.3561856746673584,40.4264073,-86.9274456,166.68,0.3569999933242798,0.3490000069141388,0.492000013589859,4,13
imu,1777665295.8633027,1613861257000,4.502334117889404,0.6834985613822937,8.893974304199219,0.18863248825073242,0.02621975913643837,1.3332446813583374,40.4264073,-86.9274456,166.68,0.3569999933242798,0.3490000069141388,0.492000013589859,4,13
imu,1777665295.8677332,1613871257000,4.284867286682129,0.3208618760108948,9.13237190246582,0.032468996942043304,0.06881804019212723,1.3658349514007568,40.4264073,-86.9274456,166.68,0.3569999933242798,0.3490000069141388,0.492000013589859,4,13
imu,1777665295.8861163,1613881257000,4.33159065246582,0.762048065662384,9.201618194580078,0.09695468097925186,0.00765168946236372,1.4408013820648193,40.4264073,-86.9274456,166.68,0.3569999933242798,0.3490000069141388,0.492000013589859,4,13
imu,1777665295.88954,1613891257000,4.368378639221191,0.6659984588623047,9.043222427368164,0.26828184723854065,-0.0555415078997612,1.5051015615463257,40.4264073,-86.9274456,166.68,0.3569999933242798,0.3490000069141388,0.492000013589859,4,13
imu,1777665295.8974082,1613901257000,4.3086419105529785,0.4083443284034729,9.217899322509766,0.298836886882782,-0.04226645454764366,1.526606559753418,40.4264073,-86.9274456,166.68,0.3569999933242798,0.3490000069141388,0.492000013589859,4,13
imu,1777665295.914032,1613911257000,4.2796630859375,0.9161239266395569,9.578876495361328,0.3385213315486908,-0.04574238508939743,1.566109538078308,40.4264073,-86.9274456,166.68,0.3569999933242798,0.3490000069141388,0.492000013589859,4,13
imu,1777665295.9173186,1613921257000,4.228175163269043,0.901091456413269,9.112284660339355,0.3312760293483734,-0.020572151988744736,1.5701189041137695,40.4264073,-86.9274456,166.68,0.3569999933242798,0.3490000069141388,0.492000013589859,4,13
imu,1777665295.9363492,1613931257000,4.031461238861084,0.7345339059829712,9.121763229370117,0.14916498959064484,0.03486388921737671,1.517228126525879,40.4264073,-86.9274456,166.68,0.3569999933242798,0.3490000069141388,0.492000013589859,4,13
imu,1777665295.9397676,1613941257000,3.8595058917999268,0.8687614798545837,9.345744132995605,0.018214575946331024,0.06873422116041183,1.4904506206512451,40.4264073,-86.9274456,166.68,0.3569999933242798,0.3490000069141388,0.492000013589859,4,13
imu,1777665295.9477437,1613951257000,3.848134756088257,0.7984306812286377,9.499208450317383,-0.09828069061040878,0.11541850119829178,1.42143714427948,40.4264073,-86.9274456,166.68,0.3569999933242798,0.3490000069141388,0.492000013589859,4,13
imu,1777665295.963362,1613961257000,3.6785075664520264,-0.07198287546634674,9.60698127746582,-0.2512219548225403,0.1891273856163025,1.3540897369384766,40.4264073,-86.9274456,166.68,0.3569999933242798,0.3490000069141388,0.492000013589859,4,13
imu,1777665295.9678247,1613971257000,3.6521835327148438,-0.47513139247894287,9.551597595214844,-0.35514605045318604,0.23234139382839203,1.3282475471496582,40.4264073,-86.9274456,166.68,0.3569999933242798,0.3490000069141388,0.492000013589859,4,13
imu,1777665295.9856377,1613981257000,3.4698214530944824,-0.3924661874771118,9.089612007141113,-0.29775434732437134,0.2238665521144867,1.3155426979064941,40.4264073,-86.9274456,166.68,0.3569999933242798,0.3490000069141388,0.492000013589859,4,13
imu,1777665295.9900043,1613991257000,3.346238851547241,-0.389904260635376,8.590672492980957,-0.1189941018819809,0.15230241417884827,1.322313904762268,40.4264073,-86.9274456,166.68,0.3569999933242798,0.3490000069141388,0.492000013589859,4,13
imu,1777665295.9978728,1614001257000,3.3418052196502686,-0.4477933943271637,8.658252716064453,0.04766778647899628,0.020380277186632156,1.324858546257019,40.4264073,-86.9274456,166.68,0.3569999933242798,0.3490000069141388,0.492000013589859,4,13
imu,1777665296.0134933,1614011257000,3.4077131748199463,-0.3112412691116333,8.799036026000977,0.14280346035957336,-0.08387251198291779,1.2855337858200073,40.4264073,-86.9274456,166.68,0.3569999933242798,0.3490000069141388,0.492000013589859,4,13
imu,1777665296.0177915,1614021257000,3.4119575023651123,-0.13853302597999573,9.081159591674805,0.07637163996696472,-0.12678411602973938,1.2062159776687622,40.4264073,-86.9274456,166.68,0.3569999933242798,0.3490000069141388,0.492000013589859,4,13
imu,1777665296.0360167,1614031257000,3.413442850112915,0.055754274129867554,9.12553596496582,-0.15123042464256287,-0.0635305717587471,1.0633323192596436,40.4264073,-86.9274456,166.68,0.3569999933242798,0.3490000069141388,0.492000013589859,4,13
imu,1777665296.0394533,1614041257000,3.3801887035369873,0.2866993844509125,9.345008850097656,-0.4040881395339966,0.027210045605897903,0.9966945052146912,40.4264073,-86.9274456,166.68,0.3569999933242798,0.3490000069141388,0.492000013589859,4,13
imu,1777665296.0475874,1614051257000,3.3430016040802,-0.10767213255167007,9.463687896728516,-0.5139650106430054,0.09124085307121277,0.9590262770652771,40.426407,-86.92744479999999,167.24,1.0950000286102295,-0.039000000804662704,-0.49000000953674316,4,15
imu,1777665296.0634,1614061257000,3.152029275894165,-0.5530889630317688,9.035391807556152,-0.6381900310516357,0.1751178652048111,0.9005054831504822,40.426407,-86.92744479999999,167.24,1.0950000286102295,-0.039000000804662704,-0.49000000953674316,4,15
imu,1777665296.068006,1614071257000,2.8295223712921143,-0.4899272918701172,8.491120338439941,-0.7227113246917725,0.19649413228034973,0.8631250858306885,40.426407,-86.92744479999999,167.24,1.0950000286102295,-0.039000000804662704,-0.49000000953674316,4,15
imu,1777665296.0860984,1614081257000,2.6821017265319824,-0.04980354756116867,8.325047492980957,-0.6279481053352356,0.1624811738729477,0.9678819179534912,40.426407,-86.92744479999999,167.24,1.0950000286102295,-0.039000000804662704,-0.49000000953674316,4,15
imu,1777665296.0894682,1614091257000,2.80220890045166,-0.3733496367931366,8.32523250579834,-0.4759967625141144,0.0810462161898613,1.037591814994812,40.426407,-86.92744479999999,167.24,1.0950000286102295,-0.039000000804662704,-0.49000000953674316,4,15
imu,1777665296.0982523,1614101257000,2.8315510749816895,-0.42474421858787537,8.398394584655762,-0.40564924478530884,-0.014035427942872047,1.0647294521331787,40.426407,-86.92744479999999,167.24,1.0950000286102295,-0.039000000804662704,-0.49000000953674316,4,15
imu,1777665296.113951,1614111257000,3.099963426589966,-0.1356990784406662,8.376078605651855,-0.4759441912174225,-0.058124784380197525,1.0522738695144653,40.426407,-86.92744479999999,167.24,1.0950000286102295,-0.039000000804662704,-0.49000000953674316,4,15
imu,1777665296.118449,1614121257000,3.2327980995178223,0.6833542585372925,8.86733341217041,-0.49773654341697693,-0.06187086179852486,1.0409139394760132,40.426407,-86.92744479999999,167.24,1.0950000286102295,-0.039000000804662704,-0.49000000953674316,4,15
imu,1777665296.1353803,1614131257000,3.218376636505127,0.9701256155967712,9.485601425170898,-0.4393993318080902,-0.09976059198379517,1.0298216342926025,40.426407,-86.92744479999999,167.24,1.0950000286102295,-0.039000000804662704,-0.49000000953674316,4,15
imu,1777665296.1399846,1614141257000,3.396237850189209,1.0442578792572021,9.671244621276855,-0.5633845925331116,-0.12012903392314911,0.965940535068512,40.426407,-86.92744479999999,167.24,1.0950000286102295,-0.039000000804662704,-0.49000000953674316,4,15
imu,1777665296.1477568,1614151257000,3.207902431488037,1.200721025466919,9.778916358947754,-0.8456119894981384,-0.0603521429002285,0.8349582552909851,40.426407,-86.92744479999999,167.24,1.0950000286102295,-0.039000000804662704,-0.49000000953674316,4,15
imu,1777665296.1632938,1614161257000,3.041909694671631,1.2396321296691895,9.753084182739258,-1.1120442152023315,0.016753921285271645,0.7315747141838074,40.426407,-86.92744479999999,167.24,1.0950000286102295,-0.039000000804662704,-0.49000000953674316,4,15
imu,1777665296.1678438,1614171257000,2.917241096496582,1.1374269723892212,9.864568710327148,-1.2877012491226196,0.04525686055421829,0.6633288264274597,40.426407,-86.92744479999999,167.24,1.0950000286102295,-0.039000000804662704,-0.49000000953674316,4,15
imu,1777665296.1857064,1614181257000,3.0003178119659424,0.526759922504425,9.6498441696167,-1.4199713468551636,0.07526523619890213,0.5978071689605713,40.426407,-86.92744479999999,167.24,1.0950000286102295,-0.039000000804662704,-0.49000000953674316,4,15
imu,1777665296.1900957,1614191257000,3.071646213531494,-0.24059605598449707,9.681500434875488,-1.525723934173584,0.0944821909070015,0.5584991574287415,40.426407,-86.92744479999999,167.24,1.0950000286102295,-0.039000000804662704,-0.49000000953674316,4,15
imu,1777665296.1981924,1614201257000,3.0357532501220703,-0.3617352247238159,10.061729431152344,-1.5424829721450806,0.11536522954702377,0.5126463174819946,40.426407,-86.92744479999999,167.24,1.0950000286102295,-0.039000000804662704,-0.49000000953674316,4,15
imu,1777665296.2136617,1614211257000,2.971998929977417,-0.3475046157836914,10.005494117736816,-1.587087869644165,0.15979218482971191,0.45603784918785095,40.426407,-86.92744479999999,167.24,1.0950000286102295,-0.039000000804662704,-0.49000000953674316,4,15
imu,1777665296.2181647,1614221257000,2.9846208095550537,-0.3949129283428192,9.793804168701172,-1.7842384576797485,0.22781074047088623,0.39356544613838196,40.426407,-86.92744479999999,167.24,1.0950000286102295,-0.039000000804662704,-0.49000000953674316,4,15
imu,1777665296.2360673,1614231257000,2.78157114982605,0.12309204787015915,10.127568244934082,-1.9365545511245728,0.26347774267196655,0.35674935579299927,40.426407,-86.92744479999999,167.24,1.0950000286102295,-0.039000000804662704,-0.49000000953674316,4,15
imu,1777665296.2405875,1614241257000,2.960073709487915,-0.1882343590259552,10.552425384521484,-2.032883882522583,0.29473212361335754,0.3033544719219208,40.426407,-86.92744479999999,167.24,1.0950000286102295,-0.039000000804662704,-0.49000000953674316,4,15
imu,1777665296.2474551,1614251257000,3.1208877563476562,-0.2986518144607544,10.337559700012207,-2.2511167526245117,0.3740837872028351,0.16695789992809296,40.4264084,-86.9274451,167.529,0.3190000057220459,-0.5619999766349792,-0.1599999964237213,4,15
imu,1777665296.2642784,1614261257000,2.8890957832336426,-0.3051784634590149,9.77785873413086,-2.478835344314575,0.4440031945705414,0.005483726039528847,40.4264084,-86.9274451,167.529,0.3190000057220459,-0.5619999766349792,-0.1599999964237213,4,15
imu,1777665296.267706,1614271257000,2.9084270000457764,-0.4487585723400116,9.275115966796875,-2.601123571395874,0.39532265067100525,-0.08630702644586563,40.4264084,-86.9274451,167.529,0.3190000057220459,-0.5619999766349792,-0.1599999964237213,4,15
imu,1777665296.2857957,1614281257000,2.9598612785339355,-0.507611870765686,9.23244857788086,-2.5790059566497803,0.3337728977203369,-0.16997212171554565,40.4264084,-86.9274451,167.529,0.3190000057220459,-0.5619999766349792,-0.1599999964237213,4,15
imu,1777665296.2892475,1614291257000,3.1203858852386475,-1.1585493087768555,9.115802764892578,-2.6236732006073,0.2753874957561493,-0.29652971029281616,40.4264084,-86.9274451,167.529,0.3190000057220459,-0.5619999766349792,-0.1599999964237213,4,15
imu,1777665296.2982092,1614301257000,3.316770315170288,-2.000784397125244,9.406092643737793,-2.928896427154541,0.3053852915763855,-0.4324052929878235,40.4264084,-86.9274451,167.529,0.3190000057220459,-0.5619999766349792,-0.1599999964237213,4,15
imu,1777665296.3140895,1614311257000,3.0673952102661133,-2.150768995285034,10.169886589050293,-3.280461072921753,0.3882143497467041,-0.5962446331977844,40.4264084,-86.9274451,167.529,0.3190000057220459,-0.5619999766349792,-0.1599999964237213,4,15
imu,1777665296.3174155,1614321257000,2.7603538036346436,-1.9439241886138916,10.56352424621582,-3.5402534008026123,0.4684114456176758,-0.6589062809944153,40.4264084,-86.9274451,167.529,0.3190000057220459,-0.5619999766349792,-0.1599999964237213,4,15
imu,1777665296.3354993,1614331257000,2.5312154293060303,-1.7870721817016602,10.78564453125,-3.7683286666870117,0.6268568634986877,-0.7048225998878479,40.4264084,-86.9274451,167.529,0.3190000057220459,-0.5619999766349792,-0.1599999964237213,4,15
imu,1777665296.3399816,1614341257000,2.2003941535949707,-1.2192914485931396,10.316866874694824,-3.7050294876098633,0.8094445466995239,-0.7222963571548462,40.4264084,-86.9274451,167.529,0.3190000057220459,-0.5619999766349792,-0.1599999964237213,4,15
imu,1777665296.3490877,1614351257000,2.0705301761627197,-1.542137622833252,9.158729553222656,-3.4745800495147705,0.8590179085731506,-0.8078065514564514,40.4264084,-86.9274451,167.529,0.3190000057220459,-0.5619999766349792,-0.1599999964237213,4,15
imu,1777665296.3648648,1614361257000,2.051295042037964,-2.773845911026001,8.782559394836426,-3.4040088653564453,0.7711737751960754,-0.9073725342750549,40.4264084,-86.9274451,167.529,0.3190000057220459,-0.5619999766349792,-0.1599999964237213,4,15
imu,1777665296.3682601,1614371257000,1.6355054378509521,-3.3543405532836914,9.210674285888672,-3.3924355506896973,0.6518547534942627,-0.9494036436080933,40.4264084,-86.9274451,167.529,0.3190000057220459,-0.5619999766349792,-0.1599999964237213,4,15
imu,1777665296.3852184,1614381257000,1.5740329027175903,-3.3897688388824463,8.983999252319336,-3.5899126529693604,0.6570842862129211,-1.0974352359771729,40.4264084,-86.9274451,167.529,0.3190000057220459,-0.5619999766349792,-0.1599999964237213,4,15
imu,1777665296.3897617,1614391257000,1.4338845014572144,-4.5277485847473145,8.583097457885742,-4.189484596252441,0.7259940505027771,-1.2340997457504272,40.4264084,-86.9274451,167.529,0.3190000057220459,-0.5619999766349792,-0.1599999964237213,4,15
imu,1777665296.398623,1614401257000,1.4847365617752075,-5.15261173248291,8.929774284362793,-4.912973403930664,0.7406988143920898,-1.2108737230300903,40.4264084,-86.9274451,167.529,0.3190000057220459,-0.5619999766349792,-0.1599999964237213,4,15
imu,1777665296.4144418,1614411257000,1.3545958995819092,-4.5622172355651855,9.588554382324219,-5.364903450012207,0.8327969908714294,-1.1697803735733032,40.4264084,-86.9274451,167.529,0.3190000057220459,-0.5619999766349792,-0.1599999964237213,4,15
imu,1777665296.4189935,1614421257000,1.3085684776306152,-4.292842388153076,9.631179809570312,-5.371351718902588,1.0532444715499878,-1.1243942975997925,40.4264084,-86.9274451,167.529,0.3190000057220459,-0.5619999766349792,-0.1599999964237213,4,15
imu,1777665296.4359288,1614431257000,1.3967236280441284,-4.392489910125732,9.43040943145752,-5.012030124664307,1.2935253381729126,-1.0943933725357056,40.4264084,-86.9274451,167.529,0.3190000057220459,-0.5619999766349792,-0.1599999964237213,4,15
imu,1777665296.4392636,1614441257000,1.5175200700759888,-4.446732044219971,9.369943618774414,-4.191655158996582,1.4819871187210083,-1.1529037952423096,40.4264084,-86.9274451,167.529,0.3190000057220459,-0.5619999766349792,-0.1599999964237213,4,15
imu,1777665296.448234,1614451257000,1.5958807468414307,-5.8166823387146,8.898578643798828,-3.4150781631469727,1.6037696599960327,-1.2226464748382568,40.4264079,-86.92744569999999,167.794,-0.6150000095367432,0.02199999988079071,-1.0520000457763672,4,13
imu,1777665296.465264,1614461257000,1.7693020105361938,-6.898550510406494,7.610408782958984,-3.203582286834717,1.692629337310791,-1.2922604084014893,40.4264079,-86.92744569999999,167.794,-0.6150000095367432,0.02199999988079071,-1.0520000457763672,4,13
imu,1777665296.4686067,1614471257000,1.7546933889389038,-7.341421604156494,6.996509552001953,-3.4360339641571045,1.691859483718872,-1.4075535535812378,40.4264079,-86.92744569999999,167.794,-0.6150000095367432,0.02199999988079071,-1.0520000457763672,4,13
imu,1777665296.4856248,1614481257000,1.923984169960022,-7.290143013000488,6.559762477874756,-3.707005739212036,1.5836889743804932,-1.4002481698989868,40.4264079,-86.92744569999999,167.794,-0.6150000095367432,0.02199999988079071,-1.0520000457763672,4,13
imu,1777665296.4890969,1614491257000,1.8231576681137085,-8.083678245544434,6.803108215332031,-3.951089859008789,1.5104758739471436,-1.306434988975525,40.4264079,-86.92744569999999,167.794,-0.6150000095367432,0.02199999988079071,-1.0520000457763672,4,13
imu,1777665296.4992309,1614501257000,1.5809202194213867,-8.026910781860352,7.33936882019043,-4.171830654144287,1.4311450719833374,-1.2178022861480713,40.4264079,-86.92744569999999,167.794,-0.6150000095367432,0.02199999988079071,-1.0520000457763672,4,13
imu,1777665296.5151606,1614511257000,1.4658430814743042,-6.792269229888916,8.019331932067871,-4.333215713500977,1.5789653062820435,-1.1032159328460693,40.4264079,-86.92744569999999,167.794,-0.6150000095367432,0.02199999988079071,-1.0520000457763672,4,13
imu,1777665296.5184033,1614521257000,1.367797613143921,-5.629051685333252,8.053424835205078,-4.042898178100586,1.928749918937683,-1.012018084526062,40.4264079,-86.92744569999999,167.794,-0.6150000095367432,0.02199999988079071,-1.0520000457763672,4,13
imu,1777665296.5353913,1614531257000,1.2036641836166382,-5.472311019897461,7.261731147766113,-3.2473740577697754,2.192857027053833,-1.0483741760253906,40.4264079,-86.92744569999999,167.794,-0.6150000095367432,0.02199999988079071,-1.0520000457763672,4,13
imu,1777665296.5397558,1614541257000,1.5595189332962036,-6.349087238311768,6.304551124572754,-2.4874367713928223,2.2854719161987305,-1.1118900775909424,40.4264079,-86.92744569999999,167.794,-0.6150000095367432,0.02199999988079071,-1.0520000457763672,4,13
imu,1777665296.5488076,1614551257000,1.531788945198059,-7.507403373718262,5.825454235076904,-2.082228183746338,2.390754222869873,-1.2780512571334839,40.4264079,-86.92744569999999,167.794,-0.6150000095367432,0.02199999988079071,-1.0520000457763672,4,13
imu,1777665296.5647745,1614561257000,1.3994451761245728,-9.032022476196289,5.386669158935547,-2.0699405670166016,2.4880318641662598,-1.3609168529510498,40.4264079,-86.92744569999999,167.794,-0.6150000095367432,0.02199999988079071,-1.0520000457763672,4,13
imu,1777665296.568031,1614571257000,1.2628495693206787,-10.474632263183594,4.717417240142822,-2.4191737174987793,2.4663753509521484,-1.2917745113372803,40.4264079,-86.92744569999999,167.794,-0.6150000095367432,0.02199999988079071,-1.0520000457763672,4,13
imu,1777665296.5859437,1614581257000,1.3160207271575928,-10.674324989318848,4.28549337387085,-2.9536538124084473,2.43194580078125,-1.1683286428451538,40.4264079,-86.92744569999999,167.794,-0.6150000095367432,0.02199999988079071,-1.0520000457763672,4,13
imu,1777665296.5891724,1614591257000,1.286644458770752,-10.823396682739258,3.8324100971221924,-3.452098846435547,2.404202699661255,-1.0412589311599731,40.4264079,-86.92744569999999,167.794,-0.6150000095367432,0.02199999988079071,-1.0520000457763672,4,13
imu,1777665296.5981133,1614601257000,1.2902897596359253,-10.740802764892578,3.6384329795837402,-3.7248127460479736,2.3444900512695312,-0.880924642086029,40.4264079,-86.92744569999999,167.794,-0.6150000095367432,0.02199999988079071,-1.0520000457763672,4,13
imu,1777665296.6147113,1614611257000,1.2651185989379883,-10.076180458068848,3.9005935192108154,-3.57452130317688,2.3468987941741943,-0.7438392639160156,40.4264079,-86.92744569999999,167.794,-0.6150000095367432,0.02199999988079071,-1.0520000457763672,4,13
imu,1777665296.6180596,1614621257000,1.2544718980789185,-9.147172927856445,4.095911026000977,-2.8719751834869385,2.4311325550079346,-0.6797741651535034,40.4264079,-86.92744569999999,167.794,-0.6150000095367432,0.02199999988079071,-1.0520000457763672,4,13
imu,1777665296.6359167,1614631257000,1.1070390939712524,-9.198320388793945,3.401745080947876,-1.993308663368225,2.539771318435669,-0.6440985202789307,40.4264079,-86.92744569999999,167.794,-0.6150000095367432,0.02199999988079071,-1.0520000457763672,4,13
imu,1777665296.6393642,1614641257000,0.8690059781074524,-9.696404457092285,2.439741373062134,-1.3308073282241821,2.5579006671905518,-0.6398938298225403,40.4264079,-86.92744569999999,167.794,-0.6150000095367432,0.02199999988079071,-1.0520000457763672,4,13
imu,1777665296.6482651,1614651257000,0.6293326616287231,-10.104400634765625,1.9314563274383545,-1.0992010831832886,2.5031208992004395,-0.6085608601570129,40.4264058,-86.92744549999999,168.42000000000002,-0.5329999923706055,-0.5230000019073486,-0.9779999852180481,4,15
imu,1777665296.6649039,1614661257000,0.15672050416469574,-10.319108963012695,1.9844878911972046,-1.1652252674102783,2.414658308029175,-0.5488718748092651,40.4264058,-86.92744549999999,168.42000000000002,-0.5329999923706055,-0.5230000019073486,-0.9779999852180481,4,15
imu,1777665296.668332,1614671257000,-0.12206512689590454,-10.525906562805176,1.4297571182250977,-1.4497789144515991,2.288038969039917,-0.46048468351364136,40.4264058,-86.92744549999999,168.42000000000002,-0.5329999923706055,-0.5230000019073486,-0.9779999852180481,4,15
imu,1777665296.6859362,1614681257000,-0.32645851373672485,-11.028470039367676,0.8870363235473633,-1.859139084815979,2.1362242698669434,-0.33509397506713867,40.4264058,-86.92744549999999,168.42000000000002,-0.5329999923706055,-0.5230000019073486,-0.9779999852180481,4,15
imu,1777665296.689233,1614691257000,-0.7191466689109802,-11.398118019104004,1.3482872247695923,-2.244323968887329,2.026376485824585,-0.17068305611610413,40.4264058,-86.92744549999999,168.42000000000002,-0.5329999923706055,-0.5230000019073486,-0.9779999852180481,4,15
imu,1777665296.6981106,1614701257000,-0.9939529895782471,-10.43127155303955,2.27913761138916,-2.3849949836730957,2.0363807678222656,0.007677985355257988,40.4264058,-86.92744549999999,168.42000000000002,-0.5329999923706055,-0.5230000019073486,-0.9779999852180481,4,15
imu,1777665296.7147036,1614711257000,-1.295245885848999,-9.43681812286377,2.154749870300293,-2.1581954956054688,2.2066688537597656,0.11569900810718536,40.4264058,-86.92744549999999,168.42000000000002,-0.5329999923706055,-0.5230000019073486,-0.9779999852180481,4,15
imu,1777665296.7181184,1614721257000,-1.4287526607513428,-9.213621139526367,1.0183429718017578,-1.4262540340423584,2.3174173831939697,0.18598943948745728,40.4264058,-86.92744549999999,168.42000000000002,-0.5329999923706055,-0.5230000019073486,-0.9779999852180481,4,15
imu,1777665296.7357078,1614731257000,-1.5312079191207886,-9.873711585998535,-0.37802207469940186,-0.6943545937538147,2.2152395248413086,0.22009505331516266,40.4264058,-86.92744549999999,168.42000000000002,-0.5329999923706055,-0.5230000019073486,-0.9779999852180481,4,15
imu,1777665296.7392101,1614741257000,-1.820350170135498,-10.45008659362793,-1.0022265911102295,-0.4534180164337158,2.0850117206573486,0.1810576617717743,40.4264058,-86.92744549999999,168.42000000000002,-0.5329999923706055,-0.5230000019073486,-0.9779999852180481,4,15
imu,1777665296.749086,1614751257000,-2.0230469703674316,-10.816252708435059,-1.1373789310455322,-0.4546835720539093,1.9292155504226685,0.15202675759792328,40.4264058,-86.92744549999999,168.42000000000002,-0.5329999923706055,-0.5230000019073486,-0.9779999852180481,4,15
imu,1777665296.764744,1614761257000,-2.431239366531372,-11.38649845123291,-1.3341902494430542,-0.5256420373916626,1.6648566722869873,0.18143713474273682,40.4264058,-86.92744549999999,168.42000000000002,-0.5329999923706055,-0.5230000019073486,-0.9779999852180481,4,15
imu,1777665296.7680466,1614771257000,-2.5699820518493652,-11.474271774291992,-1.205506443977356,-0.7277812957763672,1.3676824569702148,0.20626050233840942,40.4264058,-86.92744549999999,168.42000000000002,-0.5329999923706055,-0.5230000019073486,-0.9779999852180481,4,15
imu,1777665296.7860138,1614781257000,-2.4741482734680176,-11.5014009475708,-0.7755903005599976,-0.9692235589027405,1.1912785768508911,0.2454162836074829,40.4264058,-86.92744549999999,168.42000000000002,-0.5329999923706055,-0.5230000019073486,-0.9779999852180481,4,15
imu,1777665296.789285,1614791257000,-2.5263540744781494,-11.94630241394043,-0.43713700771331787,-1.116304874420166,1.160159707069397,0.4162956178188324,40.4264058,-86.92744549999999,168.42000000000002,-0.5329999923706055,-0.5230000019073486,-0.9779999852180481,4,15
imu,1777665296.7980974,1614801257000,-2.664238214492798,-10.62886905670166,-0.33228006958961487,-0.9651852250099182,1.1258809566497803,0.6232075095176697,40.4264058,-86.92744549999999,168.42000000000002,-0.5329999923706055,-0.5230000019073486,-0.9779999852180481,4,15
imu,1777665296.8149416,1614811257000,-2.743131637573242,-9.207314491271973,-0.45791351795196533,-0.63209468126297,1.0870015621185303,0.8230645060539246,40.4264058,-86.92744549999999,168.42000000000002,-0.5329999923706055,-0.5230000019073486,-0.9779999852180481,4,15
imu,1777665296.818322,1614821257000,-2.3619284629821777,-9.285663604736328,-0.7816430330276489,-0.1855676919221878,1.086363434791565,0.7459274530410767,40.4264058,-86.92744549999999,168.42000000000002,-0.5329999923706055,-0.5230000019073486,-0.9779999852180481,4,15
imu,1777665296.8360093,1614831257000,-2.325484275817871,-9.91222095489502,-1.3674315214157104,0.24378448724746704,1.0652015209197998,0.5381643772125244,40.4264058,-86.92744549999999,168.42000000000002,-0.5329999923706055,-0.5230000019073486,-0.9779999852180481,4,15
imu,1777665296.8392742,1614841257000,-2.5410449504852295,-10.11146068572998,-1.500510573387146,0.4778757095336914,1.0265319347381592,0.3859694004058838,40.4264058,-86.92744549999999,168.42000000000002,-0.5329999923706055,-0.5230000019073486,-0.9779999852180481,4,15
imu,1777665296.8482213,1614851257000,-2.736201286315918,-10.3485746383667,-1.6790095567703247,0.5118017792701721,0.9423953890800476,0.29670679569244385,40.426404,-86.9274471,168.43200000000002,-1.6759999990463257,-0.9070000052452087,-0.9390000104904175,4,13
imu,1777665296.8638525,1614861257000,-2.693596601486206,-10.906545639038086,-1.7910343408584595,0.3067578971385956,0.7966269254684448,0.34716641902923584,40.426404,-86.9274471,168.43200000000002,-1.6759999990463257,-0.9070000052452087,-0.9390000104904175,4,13
imu,1777665296.8683689,1614871257000,-2.6831655502319336,-10.493698120117188,-1.434675931930542,-0.06986639648675919,0.675238311290741,0.4485594928264618,40.426404,-86.9274471,168.43200000000002,-1.6759999990463257,-0.9070000052452087,-0.9390000104904175,4,13
imu,1777665296.8865285,1614881257000,-2.4475502967834473,-10.068639755249023,-1.2168493270874023,-0.4384940266609192,0.6870589852333069,0.47249361872673035,40.426404,-86.9274471,168.43200000000002,-1.6759999990463257,-0.9070000052452087,-0.9390000104904175,4,13
imu,1777665296.8898625,1614891257000,-2.042292594909668,-10.783665657043457,-1.5398166179656982,-0.6058914661407471,0.7054756283760071,0.4821755290031433,40.426404,-86.9274471,168.43200000000002,-1.6759999990463257,-0.9070000052452087,-0.9390000104904175,4,13
imu,1777665296.898765,1614901257000,-2.0847413539886475,-9.866617202758789,-1.3734989166259766,-0.46547821164131165,0.6016172170639038,0.48464393615722656,40.426404,-86.9274471,168.43200000000002,-1.6759999990463257,-0.9070000052452087,-0.9390000104904175,4,13
imu,1777665296.9141986,1614911257000,-1.8840339183807373,-9.216815948486328,-1.4345206022262573,-0.25093647837638855,0.545676052570343,0.46925610303878784,40.426404,-86.9274471,168.43200000000002,-1.6759999990463257,-0.9070000052452087,-0.9390000104904175,4,13
imu,1777665296.918716,1614921257000,-1.7092114686965942,-9.255521774291992,-1.4093989133834839,-0.07493114471435547,0.5598947405815125,0.3951460123062134,40.426404,-86.9274471,168.43200000000002,-1.6759999990463257,-0.9070000052452087,-0.9390000104904175,4,13
imu,1777665296.936514,1614931257000,-1.5973800420761108,-8.996467590332031,-1.6529102325439453,0.21963618695735931,0.5563135743141174,0.4034179449081421,40.426404,-86.9274471,168.43200000000002,-1.6759999990463257,-0.9070000052452087,-0.9390000104904175,4,13
imu,1777665296.9398854,1614941257000,-1.1848807334899902,-9.536916732788086,-2.2136313915252686,0.5321499705314636,0.5172348022460938,0.4198555052280426,40.426404,-86.9274471,168.43200000000002,-1.6759999990463257,-0.9070000052452087,-0.9390000104904175,4,13
imu,1777665296.9490283,1614951257000,-0.9392756819725037,-10.225866317749023,-2.7090585231781006,0.6419397592544556,0.3945033848285675,0.3254278004169464,40.426404,-86.9274471,168.43200000000002,-1.6759999990463257,-0.9070000052452087,-0.9390000104904175,4,13
imu,1777665296.9647503,1614961257000,-1.1324845552444458,-9.927433967590332,-2.72209095954895,0.5396705865859985,0.2335905283689499,0.2385280579328537,40.426404,-86.9274471,168.43200000000002,-1.6759999990463257,-0.9070000052452087,-0.9390000104904175,4,13
imu,1777665296.9691286,1614971257000,-1.2642545700073242,-9.460926055908203,-2.760399103164673,0.1980777531862259,0.14831317961215973,0.1440722793340683,40.426404,-86.9274471,168.43200000000002,-1.6759999990463257,-0.9070000052452087,-0.9390000104904175,4,13
imu,1777665296.9857786,1614981257000,-1.3218989372253418,-8.941828727722168,-2.450141191482544,-0.17792342603206635,0.10817401111125946,0.04000098258256912,40.426404,-86.9274471,168.43200000000002,-1.6759999990463257,-0.9070000052452087,-0.9390000104904175,4,13
imu,1777665296.989202,1614991257000,-0.9286782145500183,-9.208000183105469,-2.265413284301758,-0.4471939206123352,0.1637100875377655,-0.03181307390332222,40.426404,-86.9274471,168.43200000000002,-1.6759999990463257,-0.9070000052452087,-0.9390000104904175,4,13
imu,1777665296.9978433,1615001257000,-0.4309876263141632,-10.487186431884766,-2.3763773441314697,-0.5910497903823853,0.2752462327480316,-0.09398791193962097,40.426404,-86.9274471,168.43200000000002,-1.6759999990463257,-0.9070000052452087,-0.9390000104904175,4,13
imu,1777665297.0145543,1615011256000,-0.05165991932153702,-10.900745391845703,-2.826756238937378,-0.4451814293861389,0.29765990376472473,-0.03298807889223099,40.426404,-86.9274471,168.43200000000002,-1.6759999990463257,-0.9070000052452087,-0.9390000104904175,4,13
imu,1777665297.0177548,1615021256000,-0.09480907768011093,-9.89731216430664,-3.084933280944824,-0.1862863302230835,0.28157690167427063,0.12096457183361053,40.426404,-86.9274471,168.43200000000002,-1.6759999990463257,-0.9070000052452087,-0.9390000104904175,4,13
imu,1777665297.0366864,1615031257000,-0.3182898461818695,-8.687573432922363,-3.029280424118042,0.13198283314704895,0.2867216169834137,0.21943752467632294,40.426404,-86.9274471,168.43200000000002,-1.6759999990463257,-0.9070000052452087,-0.9390000104904175,4,13
imu,1777665297.038815,1615041257000,-0.07284654676914215,-9.105281829833984,-3.2715210914611816,0.4110579490661621,0.31987878680229187,0.12673647701740265,40.426404,-86.9274471,168.43200000000002,-1.6759999990463257,-0.9070000052452087,-0.9390000104904175,4,13
imu,1777665297.048785,1615051257000,-0.2894749343395233,-9.453468322753906,-3.674121618270874,0.4311549663543701,0.2981235682964325,-0.03150726482272148,40.426401999999996,-86.9274478,168.512,-1.1089999675750732,0.3880000114440918,-1.0740000009536743,4,13
imu,1777665297.0643466,1615061257000,-0.20966024696826935,-10.281719207763672,-3.858642578125,0.1851460486650467,0.23780809342861176,-0.12169491499662399,40.426401999999996,-86.9274478,168.512,-1.1089999675750732,0.3880000114440918,-1.0740000009536743,4,13
imu,1777665297.0689113,1615071257000,0.019350329414010048,-11.301447868347168,-3.8872976303100586,-0.16575264930725098,0.1760605275630951,-0.09663638472557068,40.426401999999996,-86.9274478,168.512,-1.1089999675750732,0.3880000114440918,-1.0740000009536743,4,13
imu,1777665297.0865855,1615081257000,0.05678420513868332,-11.108327865600586,-3.76509690284729,-0.43351879715919495,0.08800080418586731,-0.011265946552157402,40.426401999999996,-86.9274478,168.512,-1.1089999675750732,0.3880000114440918,-1.0740000009536743,4,13
imu,1777665297.0888658,1615091257000,0.07487189769744873,-11.013923645019531,-3.700221061706543,-0.6138114929199219,0.04010150209069252,0.07792104780673981,40.426401999999996,-86.9274478,168.512,-1.1089999675750732,0.3880000114440918,-1.0740000009536743,4,13
imu,1777665297.0978954,1615101257000,0.19759419560432434,-10.525125503540039,-3.7640347480773926,-0.5985971689224243,0.03932822495698929,0.10297442972660065,40.426401999999996,-86.9274478,168.512,-1.1089999675750732,0.3880000114440918,-1.0740000009536743,4,13
imu,1777665297.1145098,1615111257000,0.20310816168785095,-10.038976669311523,-4.455111980438232,-0.2893192172050476,0.02101094461977482,0.07777635753154755,40.426401999999996,-86.9274478,168.512,-1.1089999675750732,0.3880000114440918,-1.0740000009536743,4,13
imu,1777665297.1178021,1615121257000,0.14045174419879913,-10.101202011108398,-5.0887451171875,0.11626102775335312,-0.09877027571201324,0.02178790234029293,40.426401999999996,-86.9274478,168.512,-1.1089999675750732,0.3880000114440918,-1.0740000009536743,4,13
imu,1777665297.1366878,1615131257000,0.2218337208032608,-10.2469482421875,-5.009623050689697,0.4048408567905426,-0.2549285292625427,-0.01882602460682392,40.426401999999996,-86.9274478,168.512,-1.1089999675750732,0.3880000114440918,-1.0740000009536743,4,13
imu,1777665297.1388977,1615141257000,0.21813498437404633,-10.233946800231934,-4.586179733276367,0.5244297981262207,-0.3685784637928009,-0.054928623139858246,40.426401999999996,-86.9274478,168.512,-1.1089999675750732,0.3880000114440918,-1.0740000009536743,4,13
imu,1777665297.147763,1615151257000,0.12951608002185822,-10.347603797912598,-4.247063636779785,0.475602388381958,-0.40744221210479736,-0.07479047775268555,40.426401999999996,-86.9274478,168.512,-1.1089999675750732,0.3880000114440918,-1.0740000009536743,4,13
imu,1777665297.1642992,1615161257000,0.2805314064025879,-10.170985221862793,-3.9059343338012695,0.2770650088787079,-0.3919532895088196,-0.0921163335442543,40.426401999999996,-86.9274478,168.512,-1.1089999675750732,0.3880000114440918,-1.0740000009536743,4,13
imu,1777665297.1676862,1615171257000,0.33146438002586365,-10.487305641174316,-3.8681395053863525,0.15069445967674255,-0.40279603004455566,-0.021483972668647766,40.426401999999996,-86.9274478,168.512,-1.1089999675750732,0.3880000114440918,-1.0740000009536743,4,13
imu,1777665297.1866448,1615181257000,0.3828722834587097,-10.218670845031738,-4.072788715362549,0.23635736107826233,-0.457783967256546,-0.18541985750198364,40.426401999999996,-86.9274478,168.512,-1.1089999675750732,0.3880000114440918,-1.0740000009536743,4,13
imu,1777665297.188972,1615191257000,0.6005643010139465,-10.650875091552734,-3.751260995864868,0.27928775548934937,-0.5037660598754883,-0.1118956133723259,40.426401999999996,-86.9274478,168.512,-1.1089999675750732,0.3880000114440918,-1.0740000009536743,4,13
imu,1777665297.197804,1615201257000,0.5157003998756409,-10.057345390319824,-3.440737724304199,0.3305680751800537,-0.534767210483551,-0.12555602192878723,40.426401999999996,-86.9274478,168.512,-1.1089999675750732,0.3880000114440918,-1.0740000009536743,4,13
imu,1777665297.2145267,1615211257000,0.7084071040153503,-10.079465866088867,-3.511430501937866,0.4215579926967621,-0.4808465540409088,0.016221784055233,40.426401999999996,-86.9274478,168.512,-1.1089999675750732,0.3880000114440918,-1.0740000009536743,4,13
imu,1777665297.2178233,1615221257000,0.7665364742279053,-10.164292335510254,-3.9261105060577393,0.575171172618866,-0.49970218539237976,0.0772271454334259,40.426401999999996,-86.9274478,168.512,-1.1089999675750732,0.3880000114440918,-1.0740000009536743,4,13
imu,1777665297.2358005,1615231257000,0.860851526260376,-10.137045860290527,-4.195666313171387,0.6499996781349182,-0.6207513213157654,0.10520433634519577,40.426401999999996,-86.9274478,168.512,-1.1089999675750732,0.3880000114440918,-1.0740000009536743,4,13
imu,1777665297.239089,1615241257000,0.9203323125839233,-10.302374839782715,-3.88814640045166,0.5859197378158569,-0.6939713954925537,0.10465063154697418,40.426401999999996,-86.9274478,168.512,-1.1089999675750732,0.3880000114440918,-1.0740000009536743,4,13
imu,1777665297.2479162,1615251257000,0.8776397109031677,-10.371054649353027,-3.7200400829315186,0.45015448331832886,-0.7187677621841431,0.14121249318122864,40.426402499999995,-86.92744809999999,168.385,-0.6069999933242798,0.3700000047683716,-0.9279999732971191,4,13
imu,1777665297.2648351,1615261257000,0.7621516585350037,-9.995600700378418,-3.7436256408691406,0.3358478844165802,-0.7507977485656738,0.16032975912094116,40.426402499999995,-86.92744809999999,168.385,-0.6069999933242798,0.3700000047683716,-0.9279999732971191,4,13
imu,1777665297.2681468,1615271257000,0.677985668182373,-9.75740909576416,-3.712719678878784,0.2757451832294464,-0.7923327088356018,0.15238232910633087,40.426402499999995,-86.92744809999999,168.385,-0.6069999933242798,0.3700000047683716,-0.9279999732971191,4,13
imu,1777665297.2861142,1615281257000,0.6252729892730713,-9.451346397399902,-3.676309108734131,0.3005460798740387,-0.8655034303665161,0.13172784447669983,40.426402499999995,-86.92744809999999,168.385,-0.6069999933242798,0.3700000047683716,-0.9279999732971191,4,13
imu,1777665297.2894428,1615291257000,0.72367262840271,-9.447243690490723,-3.582361936569214,0.290115624666214,-0.928622305393219,0.07994940876960754,40.426402499999995,-86.92744809999999,168.385,-0.6069999933242798,0.3700000047683716,-0.9279999732971191,4,13
imu,1777665297.2983677,1615301257000,0.9346714615821838,-9.289015769958496,-3.196042060852051,0.3383554220199585,-0.9788264036178589,0.044410914182662964,40.426402499999995,-86.92744809999999,168.385,-0.6069999933242798,0.3700000047683716,-0.9279999732971191,4,13
imu,1777665297.3141074,1615311257000,1.192399024963379,-9.153674125671387,-2.885620594024658,0.4389890432357788,-0.9872025847434998,0.030800247564911842,40.426402499999995,-86.92744809999999,168.385,-0.6069999933242798,0.3700000047683716,-0.9279999732971191,4,13
imu,1777665297.3186817,1615321256000,1.310791015625,-9.307989120483398,-2.9360287189483643,0.5166767239570618,-0.9737642407417297,0.03239209204912186,40.426402499999995,-86.92744809999999,168.385,-0.6069999933242798,0.3700000047683716,-0.9279999732971191,4,13
imu,1777665297.3363998,1615331257000,1.4406683444976807,-9.56297492980957,-2.999326467514038,0.5232898592948914,-1.004806637763977,0.0016110874712467194,40.426402499999995,-86.92744809999999,168.385,-0.6069999933242798,0.3700000047683716,-0.9279999732971191,4,13
imu,1777665297.339686,1615341257000,1.4239213466644287,-10.102217674255371,-3.0320043563842773,0.41185322403907776,-1.014582872390747,0.010624082759022713,40.426402499999995,-86.92744809999999,168.385,-0.6069999933242798,0.3700000047683716,-0.9279999732971191,4,13
imu,1777665297.348357,1615351257000,1.2838623523712158,-9.910565376281738,-2.8378653526306152,0.2951381206512451,-1.0603382587432861,0.0721391960978508,40.426402499999995,-86.92744809999999,168.385,-0.6069999933242798,0.3700000047683716,-0.9279999732971191,4,13
imu,1777665297.3638942,1615361257000,1.2896288633346558,-9.468510627746582,-2.8240151405334473,0.20277923345565796,-1.0841516256332397,0.13084767758846283,40.426402499999995,-86.92744809999999,168.385,-0.6069999933242798,0.3700000047683716,-0.9279999732971191,4,13
imu,1777665297.368432,1615371257000,1.5771801471710205,-9.305325508117676,-3.066748857498169,0.15516312420368195,-1.109002947807312,0.12815555930137634,40.426402499999995,-86.92744809999999,168.385,-0.6069999933242798,0.3700000047683716,-0.9279999732971191,4,13
imu,1777665297.386367,1615381257000,1.698821783065796,-9.147953033447266,-3.0657975673675537,0.1312587708234787,-1.120715856552124,0.09977962076663971,40.426402499999995,-86.92744809999999,168.385,-0.6069999933242798,0.3700000047683716,-0.9279999732971191,4,13
imu,1777665297.3896859,1615391257000,1.8507091999053955,-9.15588092803955,-3.199131488800049,0.19126109778881073,-1.1396681070327759,0.08129410445690155,40.426402499999995,-86.92744809999999,168.385,-0.6069999933242798,0.3700000047683716,-0.9279999732971191,4,13
imu,1777665297.3987231,1615401257000,1.9651381969451904,-9.397276878356934,-3.254605770111084,0.2037259042263031,-1.164385199546814,0.08171601593494415,40.426402499999995,-86.92744809999999,168.385,-0.6069999933242798,0.3700000047683716,-0.9279999732971191,4,13
imu,1777665297.414265,1615411257000,2.090191125869751,-9.409388542175293,-3.2112908363342285,0.21823440492153168,-1.193668007850647,0.08939488232135773,40.426402499999995,-86.92744809999999,168.385,-0.6069999933242798,0.3700000047683716,-0.9279999732971191,4,13
imu,1777665297.418788,1615421257000,2.2641565799713135,-9.360953330993652,-3.1504316329956055,0.26988598704338074,-1.2310290336608887,0.10307268053293228,40.426402499999995,-86.92744809999999,168.385,-0.6069999933242798,0.3700000047683716,-0.9279999732971191,4,13
imu,1777665297.4359202,1615431257000,2.3431029319763184,-9.374144554138184,-2.9412648677825928,0.31429705023765564,-1.2532577514648438,0.11796306073665619,40.426402499999995,-86.92744809999999,168.385,-0.6069999933242798,0.3700000047683716,-0.9279999732971191,4,13
imu,1777665297.4392195,1615441256000,2.1856868267059326,-9.315457344055176,-2.7258856296539307,0.29036054015159607,-1.2825781106948853,0.12859225273132324,40.426402499999995,-86.92744809999999,168.385,-0.6069999933242798,0.3700000047683716,-0.9279999732971191,4,13
imu,1777665297.4482417,1615451257000,2.2550647258758545,-9.057011604309082,-2.379304885864258,0.1669105887413025,-1.2880665063858032,0.12026679515838623,40.426403799999996,-86.9274471,167.98,-0.09399999678134918,1.2970000505447388,-0.1509999930858612,4,13
imu,1777665297.4638789,1615461257000,2.3792920112609863,-9.162055015563965,-2.0902326107025146,0.03969293460249901,-1.2843124866485596,0.0894264206290245,40.426403799999996,-86.9274471,167.98,-0.09399999678134918,1.2970000505447388,-0.1509999930858612,4,13
imu,1777665297.4683528,1615471257000,2.6346373558044434,-9.471407890319824,-1.7687022686004639,-0.046488188207149506,-1.2470142841339111,0.06434635818004608,40.426403799999996,-86.9274471,167.98,-0.09399999678134918,1.2970000505447388,-0.1509999930858612,4,13
imu,1777665297.4863057,1615481257000,2.6786115169525146,-9.41645622253418,-1.4490419626235962,-0.018225962296128273,-1.1823848485946655,0.045435331761837006,40.426403799999996,-86.9274471,167.98,-0.09399999678134918,1.2970000505447388,-0.1509999930858612,4,13
imu,1777665297.4895587,1615491257000,2.7740628719329834,-9.930455207824707,-1.5959748029708862,0.016944166272878647,-1.1455174684524536,0.05152703449130058,40.426403799999996,-86.9274471,167.98,-0.09399999678134918,1.2970000505447388,-0.1509999930858612,4,13
imu,1777665297.4985907,1615501257000,2.8958542346954346,-10.114643096923828,-1.8443809747695923,-0.011225830763578415,-1.1454554796218872,0.005327455699443817,40.426403799999996,-86.9274471,167.98,-0.09399999678134918,1.2970000505447388,-0.1509999930858612,4,13
imu,1777665297.514255,1615511257000,2.9099667072296143,-9.802827835083008,-1.9077709913253784,-0.08114831894636154,-1.1660252809524536,0.0295485258102417,40.426403799999996,-86.9274471,167.98,-0.09399999678134918,1.2970000505447388,-0.1509999930858612,4,13
imu,1777665297.5186067,1615521257000,2.948810338973999,-9.365392684936523,-1.9171851873397827,-0.12450070679187775,-1.1612873077392578,0.0394413098692894,40.426403799999996,-86.9274471,167.98,-0.09399999678134918,1.2970000505447388,-0.1509999930858612,4,13
imu,1777665297.5365722,1615531257000,3.161323308944702,-9.345346450805664,-2.2179973125457764,-0.13115337491035461,-1.1555993556976318,0.05962570011615753,40.426403799999996,-86.9274471,167.98,-0.09399999678134918,1.2970000505447388,-0.1509999930858612,4,13
imu,1777665297.5388808,1615541257000,3.5219528675079346,-9.346748352050781,-2.47400164604187,-0.12998375296592712,-1.1868021488189697,0.027682796120643616,40.426403799999996,-86.9274471,167.98,-0.09399999678134918,1.2970000505447388,-0.1509999930858612,4,13
imu,1777665297.5478454,1615551257000,3.9512436389923096,-9.47025203704834,-2.168274164199829,-0.07583954185247421,-1.1945807933807373,-0.02451903000473976,40.426403799999996,-86.9274471,167.98,-0.09399999678134918,1.2970000505447388,-0.1509999930858612,4,13
imu,1777665297.5645843,1615561257000,4.172826290130615,-9.689743041992188,-1.79533052444458,0.08267723768949509,-1.1762794256210327,-0.03187480568885803,40.426403799999996,-86.9274471,167.98,-0.09399999678134918,1.2970000505447388,-0.1509999930858612,4,13
imu,1777665297.5678723,1615571257000,4.29002571105957,-9.679634094238281,-1.5635490417480469,0.14991284906864166,-1.152105450630188,0.02165425568819046,40.426403799999996,-86.9274471,167.98,-0.09399999678134918,1.2970000505447388,-0.1509999930858612,4,13
imu,1777665297.5860455,1615581257000,3.9462649822235107,-9.306724548339844,-1.3523565530776978,0.07196468114852905,-1.11544930934906,0.10234491527080536,40.426403799999996,-86.9274471,167.98,-0.09399999678134918,1.2970000505447388,-0.1509999930858612,4,13
imu,1777665297.5893326,1615591257000,3.878103017807007,-9.224440574645996,-1.5305041074752808,-0.016957122832536697,-1.1199113130569458,0.17874883115291595,40.426403799999996,-86.9274471,167.98,-0.09399999678134918,1.2970000505447388,-0.1509999930858612,4,13
imu,1777665297.5982811,1615601257000,3.930034875869751,-9.217021942138672,-1.6559950113296509,-0.18958869576454163,-1.1885759830474854,0.21496452391147614,40.426403799999996,-86.9274471,167.98,-0.09399999678134918,1.2970000505447388,-0.1509999930858612,4,13
imu,1777665297.613973,1615611257000,3.9701223373413086,-8.913304328918457,-1.121195912361145,-0.3920615613460541,-1.211523413658142,0.22546842694282532,40.426403799999996,-86.9274471,167.98,-0.09399999678134918,1.2970000505447388,-0.1509999930858612,4,13
imu,1777665297.6183846,1615621257000,3.9590096473693848,-8.448434829711914,-0.7567335367202759,-0.40150174498558044,-1.2183096408843994,0.23335221409797668,40.426403799999996,-86.9274471,167.98,-0.09399999678134918,1.2970000505447388,-0.1509999930858612,4,13
imu,1777665297.6363719,1615631257000,4.044135093688965,-8.612546920776367,-0.7883937358856201,-0.33290836215019226,-1.216265082359314,0.23270586133003235,40.426403799999996,-86.9274471,167.98,-0.09399999678134918,1.2970000505447388,-0.1509999930858612,4,13
imu,1777665297.6395612,1615641256000,3.996683359146118,-8.681695938110352,-0.7786369323730469,-0.2440071702003479,-1.230890154838562,0.20775119960308075,40.426403799999996,-86.9274471,167.98,-0.09399999678134918,1.2970000505447388,-0.1509999930858612,4,13
imu,1777665297.6508493,1615651257000,3.9532501697540283,-8.710464477539062,-0.5648402571678162,-0.08206722140312195,-1.266547441482544,0.1703799068927765,40.426400199999996,-86.9274422,169.143,0.0949999988079071,0.12099999934434891,-0.4950000047683716,4,13
imu,1777665297.6665375,1615661257000,4.045224189758301,-9.29126262664795,-0.634286642074585,-0.01967036724090576,-1.2970739603042603,0.1319764256477356,40.426400199999996,-86.9274422,169.143,0.0949999988079071,0.12099999934434891,-0.4950000047683716,4,13
imu,1777665297.669804,1615671257000,4.179407119750977,-9.480265617370605,-0.3748169541358948,-0.07445769011974335,-1.3342289924621582,0.1367506980895996,40.426400199999996,-86.9274422,169.143,0.0949999988079071,0.12099999934434891,-0.4950000047683716,4,13
imu,1777665297.6865764,1615681257000,4.338566780090332,-9.376795768737793,-0.06124219298362732,-0.2044701725244522,-1.3464771509170532,0.1545519381761551,40.426400199999996,-86.9274422,169.143,0.0949999988079071,0.12099999934434891,-0.4950000047683716,4,13
imu,1777665297.6888516,1615691257000,4.337370872497559,-9.83026123046875,-0.22179509699344635,-0.4319315254688263,-1.2765511274337769,0.19133666157722473,40.426400199999996,-86.9274422,169.143,0.0949999988079071,0.12099999934434891,-0.4950000047683716,4,13
imu,1777665297.6977518,1615701257000,3.9609968662261963,-9.372142791748047,-0.6356479525566101,-0.6559695601463318,-1.2300448417663574,0.23626023530960083,40.426400199999996,-86.9274422,169.143,0.0949999988079071,0.12099999934434891,-0.4950000047683716,4,13
imu,1777665297.7144427,1615711257000,3.5727946758270264,-8.533652305603027,-0.8382892608642578,-0.6056275367736816,-1.285157561302185,0.2191910445690155,40.426400199999996,-86.9274422,169.143,0.0949999988079071,0.12099999934434891,-0.4950000047683716,4,13
imu,1777665297.7177703,1615721257000,3.699594259262085,-8.346108436584473,-0.9272863864898682,-0.2605955898761749,-1.372833013534546,0.1277964562177658,40.426400199999996,-86.9274422,169.143,0.0949999988079071,0.12099999934434891,-0.4950000047683716,4,13
imu,1777665297.735676,1615731257000,3.9414236545562744,-8.49092960357666,-0.6454645991325378,0.20995545387268066,-1.4746284484863281,0.02089310809969902,40.426400199999996,-86.9274422,169.143,0.0949999988079071,0.12099999934434891,-0.4950000047683716,4,13
imu,1777665297.7389002,1615741257000,4.288577556610107,-9.2025785446167,-0.0059251487255096436,0.5494610667228699,-1.5176966190338135,-0.0509805865585804,40.426400199999996,-86.9274422,169.143,0.0949999988079071,0.12099999934434891,-0.4950000047683716,4,13
imu,1777665297.7479782,1615751257000,4.592998027801514,-9.920989990234375,0.6401107311248779,0.6503437757492065,-1.491323709487915,-0.04004734382033348,40.426400199999996,-86.9274422,169.143,0.0949999988079071,0.12099999934434891,-0.4950000047683716,4,13
imu,1777665297.763554,1615761257000,4.934759616851807,-10.694334030151367,0.992396354675293,0.3576204180717468,-1.4393656253814697,0.042404137551784515,40.426400199999996,-86.9274422,169.143,0.0949999988079071,0.12099999934434891,-0.4950000047683716,4,13
imu,1777665297.7680264,1615771257000,5.018736362457275,-10.450650215148926,1.3528567552566528,-0.13249057531356812,-1.3834623098373413,0.1852828860282898,40.426400199999996,-86.9274422,169.143,0.0949999988079071,0.12099999934434891,-0.4950000047683716,4,13
imu,1777665297.7859852,1615781257000,5.017204761505127,-9.914239883422852,1.4783307313919067,-0.5250406861305237,-1.3079067468643188,0.2580483555793762,40.426400199999996,-86.9274422,169.143,0.0949999988079071,0.12099999934434891,-0.4950000047683716,4,13
imu,1777665297.7895267,1615791257000,4.85758638381958,-9.456525802612305,1.0781296491622925,-0.7221869230270386,-1.24911630153656,0.28079938888549805,40.426400199999996,-86.9274422,169.143,0.0949999988079071,0.12099999934434891,-0.4950000047683716,4,13
imu,1777665297.798315,1615801257000,4.6356730461120605,-8.983014106750488,0.318899929523468,-0.7380692958831787,-1.214745044708252,0.23618702590465546,40.426400199999996,-86.9274422,169.143,0.0949999988079071,0.12099999934434891,-0.4950000047683716,4,13
imu,1777665297.8140602,1615811257000,4.574188709259033,-8.583624839782715,-0.6702170968055725,-0.5224635004997253,-1.255576729774475,0.160234734416008,40.426400199999996,-86.9274422,169.143,0.0949999988079071,0.12099999934434891,-0.4950000047683716,4,13
imu,1777665297.8185081,1615821257000,4.501270294189453,-8.770038604736328,-1.0627379417419434,-0.2063765972852707,-1.36809504032135,0.08755312114953995,40.426400199999996,-86.9274422,169.143,0.0949999988079071,0.12099999934434891,-0.4950000047683716,4,13
imu,1777665297.8367395,1615831257000,4.488571643829346,-8.84460735321045,-0.7146646976470947,0.06682999432086945,-1.4817109107971191,0.04372701048851013,40.426400199999996,-86.9274422,169.143,0.0949999988079071,0.12099999934434891,-0.4950000047683716,4,13
imu,1777665297.8390443,1615841257000,4.686205863952637,-9.27122974395752,0.054174259305000305,0.173715278506279,-1.5476624965667725,0.013567258603870869,40.426400199999996,-86.9274422,169.143,0.0949999988079071,0.12099999934434891,-0.4950000047683716,4,13
imu,1777665297.847881,1615851257000,5.0155510902404785,-9.694090843200684,1.0072894096374512,0.11900974065065384,-1.5686452388763428,0.005941862240433693,40.426400199999996,-86.9274423,169.475,-0.36000001430511475,0.16099999845027924,-0.6840000152587891,4,15
imu,1777665297.864453,1615861256000,5.1024489402771,-10.137015342712402,1.7105799913406372,-0.04953915253281593,-1.4868422746658325,0.013503646478056908,40.426400199999996,-86.9274423,169.475,-0.36000001430511475,0.16099999845027924,-0.6840000152587891,4,15
imu,1777665297.867768,1615871257000,5.224639892578125,-10.314821243286133,2.1199302673339844,-0.21373774111270905,-1.3815643787384033,0.0643463060259819,40.426400199999996,-86.9274423,169.475,-0.36000001430511475,0.16099999845027924,-0.6840000152587891,4,15
imu,1777665297.8867292,1615881257000,5.049990177154541,-10.199329376220703,2.163484573364258,-0.3154103457927704,-1.2558192014694214,0.12487801909446716,40.426400199999996,-86.9274423,169.475,-0.36000001430511475,0.16099999845027924,-0.6840000152587891,4,15
imu,1777665297.8889492,1615891257000,4.602864742279053,-10.065505027770996,2.116929769515991,-0.2852361500263214,-1.199904203414917,0.1442197859287262,40.426400199999996,-86.9274423,169.475,-0.36000001430511475,0.16099999845027924,-0.6840000152587891,4,15
imu,1777665297.897794,1615901257000,4.565742015838623,-9.918149948120117,2.205644130706787,-0.14092549681663513,-1.189194917678833,0.1355421543121338,40.426400199999996,-86.9274423,169.475,-0.36000001430511475,0.16099999845027924,-0.6840000152587891,4,15
imu,1777665297.9136727,1615911257000,4.505115985870361,-9.80212688446045,2.8854753971099854,-0.02186373993754387,-1.1173558235168457,0.09652936458587646,40.426400199999996,-86.9274423,169.475,-0.36000001430511475,0.16099999845027924,-0.6840000152587891,4,15
imu,1777665297.9180193,1615921257000,4.3379435539245605,-9.820653915405273,3.4787182807922363,0.09915211796760559,-1.0438921451568604,0.09325382113456726,40.426400199999996,-86.9274423,169.475,-0.36000001430511475,0.16099999845027924,-0.6840000152587891,4,15
imu,1777665297.935703,1615931257000,4.170462131500244,-9.910423278808594,3.2934746742248535,-0.018947068601846695,-0.9271656274795532,0.09713004529476166,40.426400199999996,-86.9274423,169.475,-0.36000001430511475,0.16099999845027924,-0.6840000152587891,4,15
imu,1777665297.9392614,1615941257000,3.9128353595733643,-9.90030574798584,2.84091854095459,-0.35207584500312805,-0.8382522463798523,0.0917830839753151,40.426400199999996,-86.9274423,169.475,-0.36000001430511475,0.16099999845027924,-0.6840000152587891,4,15
imu,1777665297.9480503,1615951257000,3.5967063903808594,-9.594985961914062,2.7272253036499023,-0.649458110332489,-0.8270752429962158,0.09258874505758286,40.426400199999996,-86.9274423,169.475,-0.36000001430511475,0.16099999845027924,-0.6840000152587891,4,15
imu,1777665297.9640033,1615961257000,3.4872326850891113,-9.99795913696289,2.3029141426086426,-0.9053402543067932,-0.7738915681838989,0.09636811167001724,40.426400199999996,-86.9274423,169.475,-0.36000001430511475,0.16099999845027924,-0.6840000152587891,4,15
imu,1777665297.9684246,1615971257000,3.29278826713562,-10.171947479248047,1.6405408382415771,-1.0941243171691895,-0.6813700795173645,0.08791489154100418,40.426400199999996,-86.9274423,169.475,-0.36000001430511475,0.16099999845027924,-0.6840000152587891,4,15
imu,1777665297.9861639,1615981257000,3.14493465423584,-9.838221549987793,0.9736754298210144,-1.0172865390777588,-0.6319355368614197,0.04848324507474899,40.426400199999996,-86.9274423,169.475,-0.36000001430511475,0.16099999845027924,-0.6840000152587891,4,15
imu,1777665297.9895322,1615991257000,3.0168230533599854,-10.195091247558594,0.5948758125305176,-0.6620397567749023,-0.5871096849441528,-0.030753251165151596,40.426400199999996,-86.9274423,169.475,-0.36000001430511475,0.16099999845027924,-0.6840000152587891,4,15
imu,1777665297.9983084,1616001257000,2.8764231204986572,-10.656473159790039,1.2264080047607422,-0.08268123865127563,-0.5681523680686951,-0.07309216260910034,40.426400199999996,-86.9274423,169.475,-0.36000001430511475,0.16099999845027924,-0.6840000152587891,4,15
imu,1777665298.0140066,1616011257000,2.874715566635132,-11.044548034667969,1.6775298118591309,0.3127354383468628,-0.4925219416618347,-0.08873630315065384,40.426400199999996,-86.9274423,169.475,-0.36000001430511475,0.16099999845027924,-0.6840000152587891,4,15
imu,1777665298.0183008,1616021257000,2.5997326374053955,-11.597392082214355,1.9646203517913818,0.26713550090789795,-0.36791518330574036,-0.09178610146045685,40.426400199999996,-86.9274423,169.475,-0.36000001430511475,0.16099999845027924,-0.6840000152587891,4,15
imu,1777665298.035992,1616031257000,2.1136984825134277,-11.469599723815918,2.1271719932556152,-0.05427125096321106,-0.32584965229034424,-0.03332357853651047,40.426400199999996,-86.9274423,169.475,-0.36000001430511475,0.16099999845027924,-0.6840000152587891,4,15
imu,1777665298.039452,1616041257000,1.8030993938446045,-11.058502197265625,2.206455707550049,-0.48217806220054626,-0.27329522371292114,-0.008755914866924286,40.426400199999996,-86.9274423,169.475,-0.36000001430511475,0.16099999845027924,-0.6840000152587891,4,15
imu,1777665298.0484955,1616051257000,1.445120096206665,-11.098008155822754,2.297234535217285,-0.7663676142692566,-0.18550683557987213,-0.01865958236157894,40.4264018,-86.9274447,169.345,0.5320000052452087,-0.9290000200271606,-0.34700000286102295,4,14
imu,1777665298.064089,1616061257000,1.0843583345413208,-10.812705039978027,2.3230278491973877,-0.7710657119750977,-0.09906748682260513,-0.026301834732294083,40.4264018,-86.9274447,169.345,0.5320000052452087,-0.9290000200271606,-0.34700000286102295,4,14
imu,1777665298.068424,1616071257000,0.9753915071487427,-10.544920921325684,2.2998456954956055,-0.6271728277206421,0.014915963634848595,-0.06319278478622437,40.4264018,-86.9274447,169.345,0.5320000052452087,-0.9290000200271606,-0.34700000286102295,4,14
imu,1777665298.0862226,1616081257000,1.071999192237854,-10.993622779846191,1.904841661453247,-0.4389360547065735,0.11452139914035797,-0.10108239948749542,40.4264018,-86.9274447,169.345,0.5320000052452087,-0.9290000200271606,-0.34700000286102295,4,14
imu,1777665298.0895436,1616091257000,1.298079490661621,-11.464397430419922,1.5963513851165771,-0.36142656207084656,0.20094680786132812,-0.10995782911777496,40.4264018,-86.9274447,169.345,0.5320000052452087,-0.9290000200271606,-0.34700000286102295,4,14
imu,1777665298.098585,1616101257000,1.1626360416412354,-11.098224639892578,1.532071828842163,-0.26332736015319824,0.276915580034256,-0.0800226479768753,40.4264018,-86.9274447,169.345,0.5320000052452087,-0.9290000200271606,-0.34700000286102295,4,14
imu,1777665298.114249,1616111257000,0.9477684497833252,-10.758520126342773,1.5477502346038818,-0.12108141928911209,0.3605140149593353,-0.034488629549741745,40.4264018,-86.9274447,169.345,0.5320000052452087,-0.9290000200271606,-0.34700000286102295,4,14
imu,1777665298.1185582,1616121257000,0.4093060791492462,-10.188190460205078,1.5264034271240234,-0.09601466357707977,0.4543851912021637,0.009535728022456169,40.4264018,-86.9274447,169.345,0.5320000052452087,-0.9290000200271606,-0.34700000286102295,4,14
imu,1777665298.1365075,1616131257000,-0.05714941397309303,-9.180824279785156,1.3774805068969727,-0.10726039111614227,0.5254911780357361,0.010447913780808449,40.4264018,-86.9274447,169.345,0.5320000052452087,-0.9290000200271606,-0.34700000286102295,4,14
imu,1777665298.1397867,1616141257000,-0.3014037013053894,-8.777046203613281,1.294154405593872,-0.18905894458293915,0.6112675666809082,-0.05329705774784088,40.4264018,-86.9274447,169.345,0.5320000052452087,-0.9290000200271606,-0.34700000286102295,4,14
imu,1777665298.1475577,1616151257000,-0.26696211099624634,-8.855499267578125,1.164163589477539,-0.24885210394859314,0.7172789573669434,-0.11812193691730499,40.4264018,-86.9274447,169.345,0.5320000052452087,-0.9290000200271606,-0.34700000286102295,4,14
imu,1777665298.1641612,1616161257000,-0.13816243410110474,-9.127654075622559,1.1642425060272217,-0.15897542238235474,0.8150728940963745,-0.14554177224636078,40.4264018,-86.9274447,169.345,0.5320000052452087,-0.9290000200271606,-0.34700000286102295,4,14
imu,1777665298.1675043,1616171257000,0.07741046696901321,-9.831354141235352,1.460207223892212,-0.008670549839735031,0.9037559032440186,-0.17994117736816406,40.4264018,-86.9274447,169.345,0.5320000052452087,-0.9290000200271606,-0.34700000286102295,4,14
imu,1777665298.1864114,1616181257000,0.25854891538619995,-10.55725383758545,1.8476510047912598,0.047189146280288696,1.0266003608703613,-0.1898074746131897,40.4264018,-86.9274447,169.345,0.5320000052452087,-0.9290000200271606,-0.34700000286102295,4,14
imu,1777665298.18866,1616191257000,0.26386550068855286,-10.833638191223145,1.8282430171966553,-0.0315377339720726,1.1312649250030518,-0.1762375682592392,40.4264018,-86.9274447,169.345,0.5320000052452087,-0.9290000200271606,-0.34700000286102295,4,14
imu,1777665298.1976311,1616201257000,0.18432283401489258,-10.649504661560059,1.8492608070373535,-0.13397829234600067,1.216339349746704,-0.16101118922233582,40.4264018,-86.9274447,169.345,0.5320000052452087,-0.9290000200271606,-0.34700000286102295,4,14
imu,1777665298.213647,1616211257000,0.17619070410728455,-10.35363483428955,1.7273447513580322,-0.15413276851177216,1.290380835533142,-0.14755140244960785,40.4264018,-86.9274447,169.345,0.5320000052452087,-0.9290000200271606,-0.34700000286102295,4,14
imu,1777665298.2180285,1616221257000,0.14517463743686676,-10.39372730255127,1.4658362865447998,-0.19518475234508514,1.3820971250534058,-0.15807674825191498,40.4264018,-86.9274447,169.345,0.5320000052452087,-0.9290000200271606,-0.34700000286102295,4,14
imu,1777665298.2359493,1616231257000,-0.007097152527421713,-10.161134719848633,1.3466179370880127,-0.21183481812477112,1.4774675369262695,-0.13941852748394012,40.4264018,-86.9274447,169.345,0.5320000052452087,-0.9290000200271606,-0.34700000286102295,4,14
imu,1777665298.239368,1616241257000,-0.0032316953875124454,-9.747588157653809,1.090608835220337,-0.1608203649520874,1.560219168663025,-0.15984424948692322,40.4264018,-86.9274447,169.345,0.5320000052452087,-0.9290000200271606,-0.34700000286102295,4,14
imu,1777665298.2484627,1616251257000,0.09713079035282135,-9.782429695129395,0.6152346134185791,-0.09129028022289276,1.624410629272461,-0.21164089441299438,40.4264015,-86.9274454,170.105,-0.22499999403953552,-0.2029999941587448,-1.1390000581741333,4,15
imu,1777665298.2640724,1616261257000,-0.019555870443582535,-9.550271987915039,0.366737425327301,-0.02736537717282772,1.6784942150115967,-0.284869909286499,40.4264015,-86.9274454,170.105,-0.22499999403953552,-0.2029999941587448,-1.1390000581741333,4,15
imu,1777665298.2673495,1616271257000,0.004532210528850555,-8.962947845458984,0.7197128534317017,0.04228542372584343,1.7204136848449707,-0.38529977202415466,40.4264015,-86.9274454,170.105,-0.22499999403953552,-0.2029999941587448,-1.1390000581741333,4,15
imu,1777665298.286435,1616281257000,0.26045772433280945,-9.34162712097168,0.60406494140625,0.04212728142738342,1.8436760902404785,-0.5073502659797668,40.4264015,-86.9274454,170.105,-0.22499999403953552,-0.2029999941587448,-1.1390000581741333,4,15
imu,1777665298.2897167,1616291257000,0.34509605169296265,-9.566514015197754,0.34163767099380493,-0.011205391958355904,1.933146357536316,-0.5682352185249329,40.4264015,-86.9274454,170.105,-0.22499999403953552,-0.2029999941587448,-1.1390000581741333,4,15
imu,1777665298.297653,1616301257000,0.37964296340942383,-9.639735221862793,0.22732774913311005,-0.13218438625335693,1.9899815320968628,-0.5643143057823181,40.4264015,-86.9274454,170.105,-0.22499999403953552,-0.2029999941587448,-1.1390000581741333,4,15
imu,1777665298.3142803,1616311257000,0.6177960634231567,-9.489274024963379,0.358196496963501,-0.2536046802997589,2.045928716659546,-0.5551581978797913,40.4264015,-86.9274454,170.105,-0.22499999403953552,-0.2029999941587448,-1.1390000581741333,4,15
imu,1777665298.3176486,1616321257000,0.5755100250244141,-9.48352336883545,0.3476707339286804,-0.34649887681007385,2.0853240489959717,-0.5361740589141846,40.4264015,-86.9274454,170.105,-0.22499999403953552,-0.2029999941587448,-1.1390000581741333,4,15
imu,1777665298.3357193,1616331257000,0.647922933101654,-9.672327041625977,0.29368388652801514,-0.4163089990615845,2.071932554244995,-0.4969932734966278,40.4264015,-86.9274454,170.105,-0.22499999403953552,-0.2029999941587448,-1.1390000581741333,4,15
imu,1777665298.3401036,1616341257000,0.7468801736831665,-9.55465316772461,0.6268399953842163,-0.4536089301109314,2.0624217987060547,-0.47140902280807495,40.4264015,-86.9274454,170.105,-0.22499999403953552,-0.2029999941587448,-1.1390000581741333,4,15
imu,1777665298.3480191,1616351257000,0.6190944314002991,-9.505348205566406,1.0582666397094727,-0.4168820083141327,2.1060757637023926,-0.45980578660964966,40.4264015,-86.9274454,170.105,-0.22499999403953552,-0.2029999941587448,-1.1390000581741333,4,15
imu,1777665298.3637404,1616361257000,0.6366994380950928,-9.568072319030762,1.5589643716812134,-0.2386259138584137,2.2330610752105713,-0.44373610615730286,40.4264015,-86.9274454,170.105,-0.22499999403953552,-0.2029999941587448,-1.1390000581741333,4,15
imu,1777665298.368247,1616371257000,0.5367497205734253,-9.731619834899902,1.393184781074524,-0.027946358546614647,2.3717586994171143,-0.4502435624599457,40.4264015,-86.9274454,170.105,-0.22499999403953552,-0.2029999941587448,-1.1390000581741333,4,15
imu,1777665298.3856225,1616381257000,0.280489444732666,-9.883018493652344,0.9935998320579529,0.055989187210798264,2.4361047744750977,-0.4500778615474701,40.4264015,-86.9274454,170.105,-0.22499999403953552,-0.2029999941587448,-1.1390000581741333,4,15
imu,1777665298.3902552,1616391257000,0.08670458942651749,-10.009552001953125,0.7198362946510315,0.02220259979367256,2.426698684692383,-0.44380998611450195,40.4264015,-86.9274454,170.105,-0.22499999403953552,-0.2029999941587448,-1.1390000581741333,4,15
imu,1777665298.397974,1616401257000,-0.008002394810318947,-10.42609691619873,0.6187676787376404,-0.1370651125907898,2.4210028648376465,-0.3787129521369934,40.4264015,-86.9274454,170.105,-0.22499999403953552,-0.2029999941587448,-1.1390000581741333,4,15
imu,1777665298.4137287,1616411257000,-0.27699020504951477,-10.131584167480469,0.6865646243095398,-0.29171696305274963,2.3942863941192627,-0.28073492646217346,40.4264015,-86.9274454,170.105,-0.22499999403953552,-0.2029999941587448,-1.1390000581741333,4,15
imu,1777665298.4183762,1616421257000,-0.520749568939209,-9.740580558776855,0.8417171835899353,-0.36779409646987915,2.3178248405456543,-0.19392384588718414,40.4264015,-86.9274454,170.105,-0.22499999403953552,-0.2029999941587448,-1.1390000581741333,4,15
imu,1777665298.4363143,1616431257000,-0.6389756202697754,-9.767390251159668,0.8865639567375183,-0.4222870469093323,2.2504444122314453,-0.1361767053604126,40.4264015,-86.9274454,170.105,-0.22499999403953552,-0.2029999941587448,-1.1390000581741333,4,15
imu,1777665298.439816,1616441257000,-0.6814138889312744,-9.649457931518555,0.9964287877082825,-0.48828479647636414,2.227811813354492,-0.10624702274799347,40.4264015,-86.9274454,170.105,-0.22499999403953552,-0.2029999941587448,-1.1390000581741333,4,15
imu,1777665298.4476597,1616451257000,-0.7764960527420044,-9.457045555114746,1.2173349857330322,-0.3293890953063965,2.2476072311401367,-0.08471588790416718,40.4263955,-86.92743999999999,171.856,-0.25,0.5419999957084656,-0.3959999978542328,4,14
imu,1777665298.4634242,1616461257000,-0.8184247016906738,-10.12086009979248,0.8963680267333984,-0.11539352685213089,2.243030548095703,-0.04429040849208832,40.4263955,-86.92743999999999,171.856,-0.25,0.5419999957084656,-0.3959999978542328,4,14
imu,1777665298.4677992,1616471257000,-0.8577665090560913,-10.398311614990234,0.4903702437877655,0.007107559125870466,2.247741222381592,-0.0030015427619218826,40.4263955,-86.92743999999999,171.856,-0.25,0.5419999957084656,-0.3959999978542328,4,14
imu,1777665298.4858243,1616481257000,-1.0770167112350464,-10.779664039611816,-0.06187370419502258,0.15501326322555542,2.185153007507324,0.04691040888428688,40.4263955,-86.92743999999999,171.856,-0.25,0.5419999957084656,-0.3959999978542328,4,14
imu,1777665298.4903338,1616491257000,-1.2118257284164429,-11.250118255615234,-0.7971336841583252,0.2325342744588852,2.057857036590576,0.0959213599562645,40.4263955,-86.92743999999999,171.856,-0.25,0.5419999957084656,-0.3959999978542328,4,14
imu,1777665298.4977465,1616501257000,-1.4534916877746582,-11.619460105895996,-0.7769128084182739,0.15740422904491425,1.904773473739624,0.11647053062915802,40.4263955,-86.92743999999999,171.856,-0.25,0.5419999957084656,-0.3959999978542328,4,14
imu,1777665298.5136487,1616511257000,-1.6406091451644897,-11.985825538635254,-0.7226947546005249,-0.009284266270697117,1.779154658317566,0.18651625514030457,40.4263955,-86.92743999999999,171.856,-0.25,0.5419999957084656,-0.3959999978542328,4,14
imu,1777665298.5181901,1616521257000,-1.7855844497680664,-12.269425392150879,-0.982712984085083,-0.2803601026535034,1.7053269147872925,0.3069213926792145,40.4263955,-86.92743999999999,171.856,-0.25,0.5419999957084656,-0.3959999978542328,4,14
imu,1777665298.5358384,1616531257000,-2.0862419605255127,-11.297595977783203,-0.9547011852264404,-0.3790247142314911,1.5834013223648071,0.5311070680618286,40.4263955,-86.92743999999999,171.856,-0.25,0.5419999957084656,-0.3959999978542328,4,14
imu,1777665298.5403214,1616541257000,-2.329693078994751,-10.273085594177246,-0.8411737680435181,-0.28109559416770935,1.5192009210586548,0.7038568258285522,40.4263955,-86.92743999999999,171.856,-0.25,0.5419999957084656,-0.3959999978542328,4,14
imu,1777665298.5483518,1616551257000,-2.5407378673553467,-9.767457008361816,-1.1229349374771118,0.042033325880765915,1.4785887002944946,0.7404773235321045,40.4263955,-86.92743999999999,171.856,-0.25,0.5419999957084656,-0.3959999978542328,4,14
imu,1777665298.5644512,1616561257000,-2.7874300479888916,-9.604948997497559,-1.8102566003799438,0.38972461223602295,1.402439832687378,0.680498480796814,40.4263955,-86.92743999999999,171.856,-0.25,0.5419999957084656,-0.3959999978542328,4,14
imu,1777665298.567688,1616571257000,-3.041092872619629,-9.266096115112305,-2.2528555393218994,0.6320664882659912,1.269930362701416,0.5726699829101562,40.4263955,-86.92743999999999,171.856,-0.25,0.5419999957084656,-0.3959999978542328,4,14
imu,1777665298.5857341,1616581257000,-3.103045701980591,-9.416671752929688,-2.5303187370300293,0.7668952941894531,1.1118507385253906,0.4256594777107239,40.4263955,-86.92743999999999,171.856,-0.25,0.5419999957084656,-0.3959999978542328,4,14
imu,1777665298.5902812,1616591257000,-2.773922920227051,-10.30699348449707,-2.8108325004577637,0.842049241065979,0.9225162267684937,0.3735077381134033,40.4263955,-86.92743999999999,171.856,-0.25,0.5419999957084656,-0.3959999978542328,4,14
imu,1777665298.5981379,1616601257000,-2.508417844772339,-11.541769981384277,-3.1660783290863037,0.7317717671394348,0.7668796181678772,0.32943204045295715,40.4263955,-86.92743999999999,171.856,-0.25,0.5419999957084656,-0.3959999978542328,4,14
imu,1777665298.613939,1616611257000,-2.3657612800598145,-12.135079383850098,-3.41365385055542,0.563688337802887,0.5546877384185791,0.415616899728775,40.4263955,-86.92743999999999,171.856,-0.25,0.5419999957084656,-0.3959999978542328,4,14
imu,1777665298.6174014,1616621257000,-2.6229934692382812,-11.33855152130127,-2.7702901363372803,0.22308576107025146,0.376504123210907,0.6082283854484558,40.4263955,-86.92743999999999,171.856,-0.25,0.5419999957084656,-0.3959999978542328,4,14
imu,1777665298.6358874,1616631257000,-2.6115896701812744,-10.012764930725098,-1.632515788078308,-0.12638285756111145,0.36041584610939026,0.7473847270011902,40.4263955,-86.92743999999999,171.856,-0.25,0.5419999957084656,-0.3959999978542328,4,14
imu,1777665298.6403732,1616641257000,-2.472644805908203,-9.192848205566406,-0.868117094039917,-0.17887170612812042,0.47932183742523193,0.6716561913490295,40.4263955,-86.92743999999999,171.856,-0.25,0.5419999957084656,-0.3959999978542328,4,14
imu,1777665298.6473243,1616651257000,-2.3447372913360596,-8.533194541931152,-1.1108274459838867,0.15073640644550323,0.6115010380744934,0.5037829279899597,40.426394599999995,-86.9274394,171.731,-1.2389999628067017,0.029999999329447746,0.15000000596046448,4,13
imu,1777665298.6650932,1616661257000,-2.3553996086120605,-8.948332786560059,-1.8794949054718018,0.4531380534172058,0.6537526845932007,0.3042881488800049,40.426394599999995,-86.9274394,171.731,-1.2389999628067017,0.029999999329447746,0.15000000596046448,4,13
imu,1777665298.6672475,1616671256000,-2.194375514984131,-9.80959701538086,-2.5568323135375977,0.5246105790138245,0.5737125277519226,0.21176199615001678,40.426394599999995,-86.9274394,171.731,-1.2389999628067017,0.029999999329447746,0.15000000596046448,4,13
imu,1777665298.686147,1616681257000,-1.921399474143982,-10.65593433380127,-2.9528849124908447,0.3232951760292053,0.4181106984615326,0.25234657526016235,40.426394599999995,-86.9274394,171.731,-1.2389999628067017,0.029999999329447746,0.15000000596046448,4,13
imu,1777665298.6894348,1616691257000,-1.715859055519104,-10.9490327835083,-3.0333452224731445,-0.13136573135852814,0.27142560482025146,0.3503763973712921,40.426394599999995,-86.9274394,171.731,-1.2389999628067017,0.029999999329447746,0.15000000596046448,4,13
imu,1777665298.6986115,1616701257000,-1.4245139360427856,-10.977616310119629,-2.825103998184204,-0.5655600428581238,0.2059706300497055,0.4457019567489624,40.426394599999995,-86.9274394,171.731,-1.2389999628067017,0.029999999329447746,0.15000000596046448,4,13
imu,1777665298.7147748,1616711257000,-1.0881037712097168,-10.766775131225586,-2.765821695327759,-0.7114409804344177,0.21637621521949768,0.5494410991668701,40.426394599999995,-86.9274394,171.731,-1.2389999628067017,0.029999999329447746,0.15000000596046448,4,13
imu,1777665298.718271,1616721257000,-1.175472617149353,-9.385639190673828,-2.8118836879730225,-0.43635693192481995,0.259005069732666,0.5376107096672058,40.426394599999995,-86.9274394,171.731,-1.2389999628067017,0.029999999329447746,0.15000000596046448,4,13
imu,1777665298.7351754,1616731257000,-1.294791579246521,-8.670675277709961,-3.2729740142822266,0.07951700687408447,0.2646524906158447,0.38470709323883057,40.426394599999995,-86.9274394,171.731,-1.2389999628067017,0.029999999329447746,0.15000000596046448,4,13
imu,1777665298.7396832,1616741257000,-1.2406907081604004,-8.964995384216309,-3.935863733291626,0.41134408116340637,0.19402951002120972,0.19969221949577332,40.426394599999995,-86.9274394,171.731,-1.2389999628067017,0.029999999329447746,0.15000000596046448,4,13
imu,1777665298.748775,1616751257000,-1.0469814538955688,-9.162923812866211,-4.052984714508057,0.4390927255153656,0.09813615679740906,0.024534082040190697,40.426394599999995,-86.9274394,171.731,-1.2389999628067017,0.029999999329447746,0.15000000596046448,4,13
imu,1777665298.7645388,1616761257000,-1.1187447309494019,-8.729826927185059,-3.639206647872925,0.35618856549263,-0.002437329152598977,-0.12023663520812988,40.426394599999995,-86.9274394,171.731,-1.2389999628067017,0.029999999329447746,0.15000000596046448,4,13
imu,1777665298.7688694,1616771257000,-0.7105361223220825,-9.7634859085083,-3.595665216445923,0.1931634396314621,-0.08401459455490112,-0.17958597838878632,40.426394599999995,-86.9274394,171.731,-1.2389999628067017,0.029999999329447746,0.15000000596046448,4,13
imu,1777665298.7855542,1616781257000,-0.32216691970825195,-11.564207077026367,-3.828213691711426,-0.05297792702913284,-0.10607628524303436,-0.06215529516339302,40.426394599999995,-86.9274394,171.731,-1.2389999628067017,0.029999999329447746,0.15000000596046448,4,13
imu,1777665298.7900224,1616791257000,-0.278645783662796,-11.026327133178711,-3.7720396518707275,-0.2581025958061218,-0.17920774221420288,0.11881961673498154,40.426394599999995,-86.9274394,171.731,-1.2389999628067017,0.029999999329447746,0.15000000596046448,4,13
imu,1777665298.79895,1616801257000,-0.0197586752474308,-10.78091812133789,-3.9147348403930664,-0.4984895884990692,-0.23230689764022827,0.16324427723884583,40.426394599999995,-86.9274394,171.731,-1.2389999628067017,0.029999999329447746,0.15000000596046448,4,13
imu,1777665298.8147507,1616811257000,0.24157997965812683,-10.477871894836426,-3.7861995697021484,-0.6047782897949219,-0.20518556237220764,0.1627817302942276,40.426394599999995,-86.9274394,171.731,-1.2389999628067017,0.029999999329447746,0.15000000596046448,4,13
imu,1777665298.8181546,1616821257000,0.2291167676448822,-9.605091094970703,-3.8754286766052246,-0.3132132291793823,-0.15701737999916077,0.1021653264760971,40.426394599999995,-86.9274394,171.731,-1.2389999628067017,0.029999999329447746,0.15000000596046448,4,13
imu,1777665298.8359435,1616831257000,0.32539165019989014,-9.696231842041016,-4.419822692871094,0.10864666104316711,-0.13391439616680145,-0.023790424689650536,40.426394599999995,-86.9274394,171.731,-1.2389999628067017,0.029999999329447746,0.15000000596046448,4,13
imu,1777665298.8393497,1616841257000,0.2209080010652542,-10.239189147949219,-4.930721759796143,0.3740028142929077,-0.19834177196025848,-0.08975017070770264,40.426394599999995,-86.9274394,171.731,-1.2389999628067017,0.029999999329447746,0.15000000596046448,4,13
imu,1777665298.8483753,1616851257000,0.2588764429092407,-10.656856536865234,-5.056023597717285,0.3053940236568451,-0.27358245849609375,-0.09242866933345795,40.4263931,-86.92743899999999,171.91400000000002,-0.29899999499320984,0.25,-0.671999990940094,4,14
imu,1777665298.8641171,1616861257000,0.2138901799917221,-10.506047248840332,-4.8727898597717285,0.121913380920887,-0.3292088508605957,-0.08249440789222717,40.4263931,-86.92743899999999,171.91400000000002,-0.29899999499320984,0.25,-0.671999990940094,4,14
imu,1777665298.8689246,1616871257000,0.4166948199272156,-10.51588249206543,-4.397966384887695,-0.09048177301883698,-0.3478669822216034,-0.043684083968400955,40.4263931,-86.92743899999999,171.91400000000002,-0.29899999499320984,0.25,-0.671999990940094,4,14
imu,1777665298.8861554,1616881257000,0.7776166200637817,-10.345714569091797,-4.298899173736572,-0.17046786844730377,-0.3282098174095154,-0.05809992179274559,40.4263931,-86.92743899999999,171.91400000000002,-0.29899999499320984,0.25,-0.671999990940094,4,14
imu,1777665298.8895054,1616891257000,0.728935718536377,-10.65455436706543,-4.305692195892334,-0.30376920104026794,-0.29490217566490173,0.050834257155656815,40.4263931,-86.92743899999999,171.91400000000002,-0.29899999499320984,0.25,-0.671999990940094,4,14
imu,1777665298.898341,1616901257000,0.754133403301239,-10.367520332336426,-4.624059200286865,-0.3922394812107086,-0.28279829025268555,0.0952502116560936,40.4263931,-86.92743899999999,171.91400000000002,-0.29899999499320984,0.25,-0.671999990940094,4,14
imu,1777665298.9143531,1616911257000,0.8951916098594666,-10.177882194519043,-4.9080963134765625,-0.2895491421222687,-0.3053067922592163,0.1621076762676239,40.4263931,-86.92743899999999,171.91400000000002,-0.29899999499320984,0.25,-0.671999990940094,4,14
imu,1777665298.918779,1616921257000,0.9569994807243347,-9.530308723449707,-5.365518569946289,-0.058004703372716904,-0.36148422956466675,0.16899672150611877,40.4263931,-86.92743899999999,171.91400000000002,-0.29899999499320984,0.25,-0.671999990940094,4,14
imu,1777665298.9356868,1616931257000,1.0630563497543335,-9.383726119995117,-5.500464916229248,0.09000325202941895,-0.42107051610946655,0.10624025762081146,40.4263931,-86.92743899999999,171.91400000000002,-0.29899999499320984,0.25,-0.671999990940094,4,14
imu,1777665298.9389133,1616941257000,0.9399299621582031,-9.558757781982422,-5.465369701385498,0.14303529262542725,-0.49734631180763245,0.060812972486019135,40.4263931,-86.92743899999999,171.91400000000002,-0.29899999499320984,0.25,-0.671999990940094,4,14
imu,1777665298.9490228,1616951257000,0.8573459386825562,-9.289650917053223,-5.452763080596924,0.019091932103037834,-0.5604842901229858,0.03120618686079979,40.4263931,-86.92743899999999,171.91400000000002,-0.29899999499320984,0.25,-0.671999990940094,4,14
imu,1777665298.964738,1616961257000,1.0518561601638794,-9.739156723022461,-5.110853672027588,-0.07290203869342804,-0.6237836480140686,0.03388648480176926,40.4263931,-86.92743899999999,171.91400000000002,-0.29899999499320984,0.25,-0.671999990940094,4,14
imu,1777665298.9681664,1616971257000,0.9950258731842041,-9.852152824401855,-4.854598045349121,-0.0291298758238554,-0.6742019653320312,0.08024700731039047,40.4263931,-86.92743899999999,171.91400000000002,-0.29899999499320984,0.25,-0.671999990940094,4,14
imu,1777665298.9861908,1616981257000,0.8596628904342651,-9.57833194732666,-4.730916976928711,-0.015336334705352783,-0.7186393141746521,0.10397882759571075,40.4263931,-86.92743899999999,171.91400000000002,-0.29899999499320984,0.25,-0.671999990940094,4,14
imu,1777665298.9893308,1616991257000,0.8420203328132629,-9.241734504699707,-4.605266094207764,0.03548509627580643,-0.8039245009422302,0.08227661997079849,40.4263931,-86.92743899999999,171.91400000000002,-0.29899999499320984,0.25,-0.671999990940094,4,14
imu,1777665298.9982018,1617001256000,1.0405540466308594,-9.069893836975098,-4.455419063568115,0.0913105458021164,-0.8772271871566772,0.023017337545752525,40.4263931,-86.92743899999999,171.91400000000002,-0.29899999499320984,0.25,-0.671999990940094,4,14
imu,1777665299.0138888,1617011257000,1.3130143880844116,-9.310133934020996,-4.3339409828186035,0.14024677872657776,-0.9163263440132141,-0.018064279109239578,40.4263931,-86.92743899999999,171.91400000000002,-0.29899999499320984,0.25,-0.671999990940094,4,14
imu,1777665299.018385,1617021257000,1.6070451736450195,-9.978785514831543,-4.354063987731934,0.12021911889314651,-0.9488306045532227,-0.002505483105778694,40.4263931,-86.92743899999999,171.91400000000002,-0.29899999499320984,0.25,-0.671999990940094,4,14
imu,1777665299.036767,1617031257000,1.797838568687439,-10.234065055847168,-4.122885704040527,-0.02453368529677391,-0.9267153143882751,0.08078315109014511,40.4263931,-86.92743899999999,171.91400000000002,-0.29899999499320984,0.25,-0.671999990940094,4,14
imu,1777665299.038988,1617041257000,1.8145259618759155,-10.012418746948242,-4.251669406890869,-0.12255947291851044,-0.9162097573280334,0.18875016272068024,40.4263931,-86.92743899999999,171.91400000000002,-0.29899999499320984,0.25,-0.671999990940094,4,14
imu,1777665299.0477965,1617051257000,2.015204906463623,-9.432472229003906,-4.547000408172607,-0.10327707231044769,-0.9263657927513123,0.19253452122211456,40.426394599999995,-86.9274387,171.726,-0.2709999978542328,0.5479999780654907,0.12399999797344208,4,13
imu,1777665299.064896,1617061257000,2.0640411376953125,-9.211464881896973,-4.819411277770996,0.00044123781844973564,-0.9482527375221252,0.16911014914512634,40.426394599999995,-86.9274387,171.726,-0.2709999978542328,0.5479999780654907,0.12399999797344208,4,13
imu,1777665299.0683606,1617071257000,2.17773699760437,-9.24963665008545,-4.788646697998047,0.10001005977392197,-0.957910418510437,0.15649119019508362,40.426394599999995,-86.9274387,171.726,-0.2709999978542328,0.5479999780654907,0.12399999797344208,4,13
imu,1777665299.086257,1617081257000,2.3253777027130127,-9.239025115966797,-5.026569366455078,0.16078157722949982,-0.99988853931427,0.162589430809021,40.426394599999995,-86.9274387,171.726,-0.2709999978542328,0.5479999780654907,0.12399999797344208,4,13
imu,1777665299.0895338,1617091257000,2.442655324935913,-9.08549976348877,-5.245461463928223,0.0872689038515091,-1.0609593391418457,0.18254800140857697,40.426394599999995,-86.9274387,171.726,-0.2709999978542328,0.5479999780654907,0.12399999797344208,4,13
imu,1777665299.0986733,1617101257000,2.7024948596954346,-8.78811264038086,-5.080649375915527,0.015055522322654724,-1.1172364950180054,0.18884634971618652,40.426394599999995,-86.9274387,171.726,-0.2709999978542328,0.5479999780654907,0.12399999797344208,4,13
imu,1777665299.114614,1617111257000,2.868824005126953,-8.538491249084473,-5.01101016998291,0.01502850092947483,-1.1298507452011108,0.16403284668922424,40.426394599999995,-86.9274387,171.726,-0.2709999978542328,0.5479999780654907,0.12399999797344208,4,13
imu,1777665299.1178854,1617121257000,2.870687246322632,-8.620190620422363,-5.1825056076049805,0.06258007138967514,-1.1409751176834106,0.1402948945760727,40.426394599999995,-86.9274387,171.726,-0.2709999978542328,0.5479999780654907,0.12399999797344208,4,13
imu,1777665299.1368926,1617131257000,2.914790153503418,-8.559588432312012,-5.1937255859375,0.07030407339334488,-1.2097322940826416,0.13260586559772491,40.426394599999995,-86.9274387,171.726,-0.2709999978542328,0.5479999780654907,0.12399999797344208,4,13
imu,1777665299.1391997,1617141257000,3.1824357509613037,-8.491059303283691,-5.027157783508301,0.08303713798522949,-1.296830654144287,0.09869375079870224,40.426394599999995,-86.9274387,171.726,-0.2709999978542328,0.5479999780654907,0.12399999797344208,4,13
imu,1777665299.1481369,1617151257000,3.6554195880889893,-8.593976974487305,-4.471677780151367,0.05439437925815582,-1.352047324180603,0.053819961845874786,40.426394599999995,-86.9274387,171.726,-0.2709999978542328,0.5479999780654907,0.12399999797344208,4,13
imu,1777665299.1637633,1617161257000,3.9793589115142822,-8.758805274963379,-4.075010299682617,0.02763677015900612,-1.3833577632904053,0.02869100496172905,40.426394599999995,-86.9274387,171.726,-0.2709999978542328,0.5479999780654907,0.12399999797344208,4,13
imu,1777665299.1682138,1617171257000,4.389714241027832,-9.249958038330078,-3.789296865463257,-0.009314662776887417,-1.3669453859329224,-0.01460200548171997,40.426394599999995,-86.9274387,171.726,-0.2709999978542328,0.5479999780654907,0.12399999797344208,4,13
imu,1777665299.1859863,1617181257000,4.37288761138916,-9.148092269897461,-3.401862144470215,-0.016080433502793312,-1.3554179668426514,-0.14417478442192078,40.426394599999995,-86.9274387,171.726,-0.2709999978542328,0.5479999780654907,0.12399999797344208,4,13
imu,1777665299.1891932,1617191257000,4.152904510498047,-8.732954978942871,-3.438800573348999,-0.030894039198756218,-1.3371857404708862,-0.1691998690366745,40.426394599999995,-86.9274387,171.726,-0.2709999978542328,0.5479999780654907,0.12399999797344208,4,13
imu,1777665299.1983583,1617201257000,4.159486770629883,-8.28459358215332,-3.7659289836883545,-0.15544694662094116,-1.3292431831359863,-0.11364813894033432,40.426394599999995,-86.9274387,171.726,-0.2709999978542328,0.5479999780654907,0.12399999797344208,4,13
imu,1777665299.213959,1617211256000,4.333890438079834,-8.212166786193848,-3.634009599685669,-0.12252646684646606,-1.3891518115997314,-0.0775962620973587,40.426394599999995,-86.9274387,171.726,-0.2709999978542328,0.5479999780654907,0.12399999797344208,4,13
imu,1777665299.2184587,1617221257000,4.702800273895264,-8.388564109802246,-3.4438393115997314,0.07469954341650009,-1.4472370147705078,-0.055651649832725525,40.426394599999995,-86.9274387,171.726,-0.2709999978542328,0.5479999780654907,0.12399999797344208,4,13
imu,1777665299.2362752,1617231257000,4.9879584312438965,-8.826770782470703,-3.320225477218628,0.21865622699260712,-1.4823559522628784,-0.05671738088130951,40.426394599999995,-86.9274387,171.726,-0.2709999978542328,0.5479999780654907,0.12399999797344208,4,13
imu,1777665299.239629,1617241257000,5.213735103607178,-9.19960880279541,-3.0081536769866943,0.2712775468826294,-1.5617289543151855,-0.045267462730407715,40.426394599999995,-86.9274387,171.726,-0.2709999978542328,0.5479999780654907,0.12399999797344208,4,13
imu,1777665299.2488396,1617251257000,5.399715423583984,-10.049939155578613,-2.4590044021606445,0.08473702520132065,-1.6163538694381714,-0.009952368214726448,40.4263911,-86.9274351,173.02700000000002,-0.0989999994635582,0.8769999742507935,-0.5789999961853027,4,15
imu,1777665299.2643433,1617261257000,5.383310317993164,-9.795714378356934,-1.7778760194778442,-0.29939958453178406,-1.6168805360794067,0.10298404842615128,40.4263911,-86.9274351,173.02700000000002,-0.0989999994635582,0.8769999742507935,-0.5789999961853027,4,15
imu,1777665299.26763,1617271257000,5.212147235870361,-9.126731872558594,-1.7103382349014282,-0.6821134686470032,-1.5381288528442383,0.25266188383102417,40.4263911,-86.9274351,173.02700000000002,-0.0989999994635582,0.8769999742507935,-0.5789999961853027,4,15
imu,1777665299.2865996,1617281257000,4.886442184448242,-8.44115924835205,-2.1314122676849365,-0.8868520855903625,-1.4741239547729492,0.31903624534606934,40.4263911,-86.9274351,173.02700000000002,-0.0989999994635582,0.8769999742507935,-0.5789999961853027,4,15
imu,1777665299.288863,1617291257000,4.6051836013793945,-7.814558982849121,-2.573948383331299,-0.7166866660118103,-1.5348771810531616,0.26123735308647156,40.4263911,-86.9274351,173.02700000000002,-0.0989999994635582,0.8769999742507935,-0.5789999961853027,4,15
imu,1777665299.2977693,1617301257000,4.578244686126709,-7.678268909454346,-2.519012451171875,-0.25547564029693604,-1.6967856884002686,0.11817395687103271,40.4263911,-86.9274351,173.02700000000002,-0.0989999994635582,0.8769999742507935,-0.5789999961853027,4,15
imu,1777665299.314596,1617311257000,4.887751579284668,-8.093873023986816,-1.8615703582763672,0.21006973087787628,-1.8274904489517212,-0.027155643329024315,40.4263911,-86.9274351,173.02700000000002,-0.0989999994635582,0.8769999742507935,-0.5789999961853027,4,15
imu,1777665299.3180285,1617321257000,5.334784507751465,-9.085179328918457,-1.0173330307006836,0.41158047318458557,-1.86134672164917,-0.10881286859512329,40.4263911,-86.9274351,173.02700000000002,-0.0989999994635582,0.8769999742507935,-0.5789999961853027,4,15
imu,1777665299.3358412,1617331257000,5.677127838134766,-9.935064315795898,-0.19333535432815552,0.28918132185935974,-1.825456142425537,-0.0986369401216507,40.4263911,-86.9274351,173.02700000000002,-0.0989999994635582,0.8769999742507935,-0.5789999961853027,4,15
imu,1777665299.3390467,1617341257000,5.598994731903076,-10.332399368286133,0.40935060381889343,-0.08772031962871552,-1.7367217540740967,0.003215136006474495,40.4263911,-86.9274351,173.02700000000002,-0.0989999994635582,0.8769999742507935,-0.5789999961853027,4,15
imu,1777665299.3480947,1617351257000,5.253564357757568,-9.784595489501953,0.5072914361953735,-0.48993512988090515,-1.6182167530059814,0.09668555855751038,40.4263911,-86.9274351,173.02700000000002,-0.0989999994635582,0.8769999742507935,-0.5789999961853027,4,15
imu,1777665299.3636007,1617361257000,5.218182563781738,-9.480117797851562,0.24397391080856323,-0.6486412882804871,-1.556436538696289,0.13025185465812683,40.4263911,-86.9274351,173.02700000000002,-0.0989999994635582,0.8769999742507935,-0.5789999961853027,4,15
imu,1777665299.368018,1617371257000,5.1654887199401855,-9.216792106628418,0.060394808650016785,-0.5743967890739441,-1.5279839038848877,0.09984740614891052,40.4263911,-86.9274351,173.02700000000002,-0.0989999994635582,0.8769999742507935,-0.5789999961853027,4,15
imu,1777665299.3859336,1617381257000,5.291533470153809,-9.265398025512695,-0.10065888613462448,-0.3574860095977783,-1.5333799123764038,0.06412795186042786,40.4263911,-86.9274351,173.02700000000002,-0.0989999994635582,0.8769999742507935,-0.5789999961853027,4,15
imu,1777665299.3892486,1617391257000,5.471602439880371,-9.595996856689453,0.0909450352191925,-0.17393295466899872,-1.5223147869110107,0.01166367158293724,40.4263911,-86.9274351,173.02700000000002,-0.0989999994635582,0.8769999742507935,-0.5789999961853027,4,15
imu,1777665299.3981526,1617401257000,5.394781112670898,-10.028556823730469,0.21306586265563965,-0.10931895673274994,-1.473537802696228,-0.006598455831408501,40.4263911,-86.9274351,173.02700000000002,-0.0989999994635582,0.8769999742507935,-0.5789999961853027,4,15
imu,1777665299.4138439,1617411257000,4.9773969650268555,-9.924483299255371,0.1651601493358612,-0.19083091616630554,-1.4198505878448486,0.032748088240623474,40.4263911,-86.9274351,173.02700000000002,-0.0989999994635582,0.8769999742507935,-0.5789999961853027,4,15
imu,1777665299.418223,1617421256000,4.387679100036621,-9.675273895263672,-0.39352795481681824,-0.4510651230812073,-1.3495938777923584,0.0564233735203743,40.4263911,-86.9274351,173.02700000000002,-0.0989999994635582,0.8769999742507935,-0.5789999961853027,4,15
imu,1777665299.4364774,1617431257000,3.9387989044189453,-9.02513599395752,-1.3425840139389038,-0.7124050259590149,-1.346858024597168,0.04879741370677948,40.4263911,-86.9274351,173.02700000000002,-0.0989999994635582,0.8769999742507935,-0.5789999961853027,4,15
imu,1777665299.438678,1617441257000,4.010381698608398,-8.609260559082031,-1.9672361612319946,-0.6798568367958069,-1.442162036895752,-0.026744255796074867,40.4263911,-86.9274351,173.02700000000002,-0.0989999994635582,0.8769999742507935,-0.5789999961853027,4,15
imu,1777665299.4487245,1617451257000,4.218120098114014,-9.088262557983398,-1.8275166749954224,-0.4436970353126526,-1.5320298671722412,-0.12405496835708618,40.4263903,-86.92743159999999,173.704,0.9440000057220459,0.44200000166893005,1.218999981880188,4,14
imu,1777665299.4646256,1617461257000,4.666738033294678,-9.587596893310547,-1.2020211219787598,-0.12991046905517578,-1.5519206523895264,-0.19846466183662415,40.4263903,-86.92743159999999,173.704,0.9440000057220459,0.44200000166893005,1.218999981880188,4,14
imu,1777665299.4678497,1617471257000,4.978826999664307,-10.577722549438477,-0.580308198928833,0.08932545781135559,-1.4970459938049316,-0.23163345456123352,40.4263903,-86.92743159999999,173.704,0.9440000057220459,0.44200000166893005,1.218999981880188,4,14
imu,1777665299.4859397,1617481256000,5.077457427978516,-11.166251182556152,-0.22765225172042847,0.25613635778427124,-1.4544439315795898,-0.20577232539653778,40.4263903,-86.92743159999999,173.704,0.9440000057220459,0.44200000166893005,1.218999981880188,4,14
imu,1777665299.4892628,1617491257000,5.0980024337768555,-11.275558471679688,0.22490555047988892,0.4282285273075104,-1.447807788848877,-0.15010952949523926,40.4263903,-86.92743159999999,173.704,0.9440000057220459,0.44200000166893005,1.218999981880188,4,14
imu,1777665299.4981563,1617501257000,5.358885288238525,-11.511183738708496,0.4545100927352905,0.4356614947319031,-1.4303252696990967,-0.07927200943231583,40.4263903,-86.92743159999999,173.704,0.9440000057220459,0.44200000166893005,1.218999981880188,4,14
imu,1777665299.513956,1617511257000,5.2322773933410645,-11.420121192932129,0.44789230823516846,0.13762760162353516,-1.3446033000946045,-0.034601688385009766,40.4263903,-86.92743159999999,173.704,0.9440000057220459,0.44200000166893005,1.218999981880188,4,14
imu,1777665299.5185645,1617521257000,4.7707672119140625,-10.857662200927734,0.15277642011642456,-0.2434500753879547,-1.2832800149917603,0.03132779151201248,40.4263903,-86.92743159999999,173.704,0.9440000057220459,0.44200000166893005,1.218999981880188,4,14
imu,1777665299.5367568,1617531257000,4.500434398651123,-10.390023231506348,-0.24726617336273193,-0.5253403186798096,-1.2768114805221558,0.09070945531129837,40.4263903,-86.92743159999999,173.704,0.9440000057220459,0.44200000166893005,1.218999981880188,4,14
imu,1777665299.5390697,1617541257000,4.420228004455566,-9.750706672668457,-0.19301092624664307,-0.5826830267906189,-1.2738606929779053,0.042775243520736694,40.4263903,-86.92743159999999,173.704,0.9440000057220459,0.44200000166893005,1.218999981880188,4,14
imu,1777665299.5480618,1617551257000,4.136602878570557,-9.421098709106445,0.36043572425842285,-0.35366207361221313,-1.247162938117981,-0.05969906225800514,40.4263903,-86.92743159999999,173.704,0.9440000057220459,0.44200000166893005,1.218999981880188,4,14
imu,1777665299.5638874,1617561257000,4.081470012664795,-9.892441749572754,0.4354035258293152,-0.06038026884198189,-1.1885262727737427,-0.1252431720495224,40.4263903,-86.92743159999999,173.704,0.9440000057220459,0.44200000166893005,1.218999981880188,4,14
imu,1777665299.5681937,1617571257000,3.767486333847046,-9.949288368225098,0.3156015872955322,0.0906369760632515,-1.080838680267334,-0.158833846449852,40.4263903,-86.92743159999999,173.704,0.9440000057220459,0.44200000166893005,1.218999981880188,4,14
imu,1777665299.5864177,1617581257000,3.39656138420105,-9.738456726074219,0.1425868272781372,0.37093597650527954,-1.084132432937622,-0.19362962245941162,40.4263903,-86.92743159999999,173.704,0.9440000057220459,0.44200000166893005,1.218999981880188,4,14
imu,1777665299.5887187,1617591257000,3.2841765880584717,-10.042377471923828,0.17726865410804749,0.5221797227859497,-1.16134512424469,-0.20712177455425262,40.4263903,-86.92743159999999,173.704,0.9440000057220459,0.44200000166893005,1.218999981880188,4,14
imu,1777665299.5977066,1617601257000,3.0360147953033447,-10.106881141662598,0.7579593062400818,0.3287774920463562,-1.1619772911071777,-0.24697712063789368,40.4263903,-86.92743159999999,173.704,0.9440000057220459,0.44200000166893005,1.218999981880188,4,14
imu,1777665299.6146154,1617611257000,2.8405401706695557,-9.733015060424805,1.5274713039398193,0.04133152216672897,-1.116075873374939,-0.31379029154777527,40.4263903,-86.92743159999999,173.704,0.9440000057220459,0.44200000166893005,1.218999981880188,4,14
imu,1777665299.6178682,1617621257000,2.9254071712493896,-10.165936470031738,2.1133909225463867,-0.2781914472579956,-0.9893922209739685,-0.4052741527557373,40.4263903,-86.92743159999999,173.704,0.9440000057220459,0.44200000166893005,1.218999981880188,4,14
imu,1777665299.6359541,1617631257000,2.729949712753296,-10.582030296325684,2.797398090362549,-0.42604511976242065,-0.8430988192558289,-0.467658668756485,40.4263903,-86.92743159999999,173.704,0.9440000057220459,0.44200000166893005,1.218999981880188,4,14
imu,1777665299.6392658,1617641257000,2.6471126079559326,-10.54770565032959,3.052591323852539,-0.31183627247810364,-0.7013611793518066,-0.5456283688545227,40.4263903,-86.92743159999999,173.704,0.9440000057220459,0.44200000166893005,1.218999981880188,4,14
imu,1777665299.6484087,1617651257000,2.5176568031311035,-10.976202011108398,2.705488920211792,-0.21490934491157532,-0.5593392252922058,-0.580989420413971,40.4263931,-86.92743209999999,173.21200000000002,1.1399999856948853,-0.33500000834465027,1.8799999952316284,4,14
imu,1777665299.6642017,1617661257000,2.443194627761841,-11.536561012268066,1.8867416381835938,-0.14205864071846008,-0.49488919973373413,-0.5584538578987122,40.4263931,-86.92743209999999,173.21200000000002,1.1399999856948853,-0.33500000834465027,1.8799999952316284,4,14
imu,1777665299.668729,1617671257000,2.3427882194519043,-11.410923957824707,1.5641460418701172,-0.13545732200145721,-0.49328747391700745,-0.5058075189590454,40.4263931,-86.92743209999999,173.21200000000002,1.1399999856948853,-0.33500000834465027,1.8799999952316284,4,14
imu,1777665299.6866062,1617681257000,2.147986650466919,-10.768397331237793,1.8424460887908936,-0.026770085096359253,-0.5161073803901672,-0.4559462368488312,40.4263931,-86.92743209999999,173.21200000000002,1.1399999856948853,-0.33500000834465027,1.8799999952316284,4,14
imu,1777665299.689046,1617691257000,1.9003219604492188,-10.43061637878418,2.0773961544036865,0.12665507197380066,-0.4996274709701538,-0.42400139570236206,40.4263931,-86.92743209999999,173.21200000000002,1.1399999856948853,-0.33500000834465027,1.8799999952316284,4,14
imu,1777665299.6979566,1617701257000,1.5705111026763916,-10.230149269104004,2.3225390911102295,0.24174052476882935,-0.4261396825313568,-0.41057974100112915,40.4263931,-86.92743209999999,173.21200000000002,1.1399999856948853,-0.33500000834465027,1.8799999952316284,4,14
imu,1777665299.7139707,1617711257000,1.2935843467712402,-10.185903549194336,2.260108470916748,0.2914140820503235,-0.3344431519508362,-0.4001752734184265,40.4263931,-86.92743209999999,173.21200000000002,1.1399999856948853,-0.33500000834465027,1.8799999952316284,4,14
imu,1777665299.718335,1617721257000,1.244781255722046,-10.3308687210083,2.017913579940796,0.20214100182056427,-0.26818785071372986,-0.3693506121635437,40.4263931,-86.92743209999999,173.21200000000002,1.1399999856948853,-0.33500000834465027,1.8799999952316284,4,14
imu,1777665299.7364635,1617731257000,1.1635372638702393,-10.221996307373047,2.2405593395233154,0.06672034412622452,-0.2287237048149109,-0.32272762060165405,40.4263931,-86.92743209999999,173.21200000000002,1.1399999856948853,-0.33500000834465027,1.8799999952316284,4,14
imu,1777665299.7386184,1617741257000,1.1035250425338745,-10.244728088378906,2.644193410873413,0.03296921029686928,-0.13709035515785217,-0.30318737030029297,40.4263931,-86.92743209999999,173.21200000000002,1.1399999856948853,-0.33500000834465027,1.8799999952316284,4,14
imu,1777665299.747619,1617751257000,1.0639379024505615,-10.429254531860352,2.864299774169922,0.04925071820616722,0.006117828190326691,-0.25250962376594543,40.4263931,-86.92743209999999,173.21200000000002,1.1399999856948853,-0.33500000834465027,1.8799999952316284,4,14
imu,1777665299.7644413,1617761257000,0.9710329174995422,-10.872121810913086,2.8127527236938477,0.08769261837005615,0.15756884217262268,-0.19686292111873627,40.4263931,-86.92743209999999,173.21200000000002,1.1399999856948853,-0.33500000834465027,1.8799999952316284,4,14
imu,1777665299.7678502,1617771257000,1.0076322555541992,-10.84814739227295,2.49106764793396,0.12340652942657471,0.3064951002597809,-0.10475896298885345,40.4263931,-86.92743209999999,173.21200000000002,1.1399999856948853,-0.33500000834465027,1.8799999952316284,4,14
imu,1777665299.7857034,1617781257000,0.8020224571228027,-10.71484088897705,2.323329448699951,0.1513477861881256,0.40108564496040344,-0.03425377607345581,40.4263931,-86.92743209999999,173.21200000000002,1.1399999856948853,-0.33500000834465027,1.8799999952316284,4,14
imu,1777665299.7890062,1617791257000,0.634565532207489,-10.287604331970215,2.2024619579315186,0.14977706968784332,0.5214937329292297,-0.010992346331477165,40.4263931,-86.92743209999999,173.21200000000002,1.1399999856948853,-0.33500000834465027,1.8799999952316284,4,14
imu,1777665299.797883,1617801257000,0.5658596158027649,-9.770513534545898,2.464937210083008,0.1721981167793274,0.6637758612632751,-0.03081110119819641,40.4263931,-86.92743209999999,173.21200000000002,1.1399999856948853,-0.33500000834465027,1.8799999952316284,4,14
imu,1777665299.8137379,1617811257000,0.5654218196868896,-9.752232551574707,2.469989061355591,0.1857534795999527,0.8461496233940125,-0.07674871385097504,40.4263931,-86.92743209999999,173.21200000000002,1.1399999856948853,-0.33500000834465027,1.8799999952316284,4,14
imu,1777665299.8182297,1617821257000,0.6175872683525085,-9.800274848937988,2.3938891887664795,0.15466631948947906,1.0079854726791382,-0.09000112116336823,40.4263931,-86.92743209999999,173.21200000000002,1.1399999856948853,-0.33500000834465027,1.8799999952316284,4,14
imu,1777665299.8362231,1617831257000,0.5885832905769348,-9.328938484191895,2.365917444229126,0.1926809847354889,1.1690000295639038,-0.11296813189983368,40.4263931,-86.92743209999999,173.21200000000002,1.1399999856948853,-0.33500000834465027,1.8799999952316284,4,14
imu,1777665299.8394246,1617841256000,0.5128259062767029,-9.217009544372559,1.9932444095611572,0.23504985868930817,1.306559443473816,-0.14279502630233765,40.4263931,-86.92743209999999,173.21200000000002,1.1399999856948853,-0.33500000834465027,1.8799999952316284,4,14
imu,1777665299.84983,1617851257000,0.5692209005355835,-9.24129867553711,1.541513204574585,0.22015216946601868,1.38853919506073,-0.17694398760795593,40.4263905,-86.9274303,174.162,-0.03700000047683716,-0.23000000417232513,1.2630000114440918,4,14
imu,1777665299.866598,1617861257000,0.5812417268753052,-9.222681045532227,1.2836244106292725,0.27092885971069336,1.4404231309890747,-0.21881675720214844,40.4263905,-86.9274303,174.162,-0.03700000047683716,-0.23000000417232513,1.2630000114440918,4,14
imu,1777665299.8698199,1617871257000,0.6757512092590332,-9.473967552185059,1.051264762878418,0.35111257433891296,1.4993051290512085,-0.2615172266960144,40.4263905,-86.9274303,174.162,-0.03700000047683716,-0.23000000417232513,1.2630000114440918,4,14
imu,1777665299.886588,1617881257000,0.836037278175354,-9.819718360900879,0.7514562606811523,0.4338549077510834,1.5378297567367554,-0.285860151052475,40.4263905,-86.9274303,174.162,-0.03700000047683716,-0.23000000417232513,1.2630000114440918,4,14
imu,1777665299.8897853,1617891257000,0.8295512795448303,-9.44591999053955,1.027653694152832,0.5975777506828308,1.5330650806427002,-0.29810240864753723,40.4263905,-86.9274303,174.162,-0.03700000047683716,-0.23000000417232513,1.2630000114440918,4,14
imu,1777665299.8976693,1617901257000,0.8492298126220703,-9.078454971313477,1.5753566026687622,0.784268856048584,1.5805091857910156,-0.3289715349674225,40.4263905,-86.9274303,174.162,-0.03700000047683716,-0.23000000417232513,1.2630000114440918,4,14
imu,1777665299.914428,1617911257000,0.7692272663116455,-8.829297065734863,2.364473819732666,0.8673835396766663,1.6891816854476929,-0.42075809836387634,40.4263905,-86.9274303,174.162,-0.03700000047683716,-0.23000000417232513,1.2630000114440918,4,14
imu,1777665299.9178162,1617921257000,0.7483841776847839,-9.636282920837402,2.396578311920166,0.8378322124481201,1.8416107892990112,-0.514960765838623,40.4263905,-86.9274303,174.162,-0.03700000047683716,-0.23000000417232513,1.2630000114440918,4,14
imu,1777665299.9358995,1617931257000,0.4922398328781128,-9.858627319335938,2.249849557876587,0.7003157138824463,1.9523330926895142,-0.5601000785827637,40.4263905,-86.9274303,174.162,-0.03700000047683716,-0.23000000417232513,1.2630000114440918,4,14
imu,1777665299.9391518,1617941257000,0.4538031816482544,-10.164633750915527,1.9865790605545044,0.5114906430244446,2.018390417098999,-0.6009355187416077,40.4263905,-86.9274303,174.162,-0.03700000047683716,-0.23000000417232513,1.2630000114440918,4,14
imu,1777665299.9479723,1617951257000,0.4214595556259155,-10.206537246704102,1.8884605169296265,0.39110904932022095,2.051008939743042,-0.6492651104927063,40.4263905,-86.9274303,174.162,-0.03700000047683716,-0.23000000417232513,1.2630000114440918,4,14
imu,1777665299.963783,1617961257000,0.47558826208114624,-10.747896194458008,1.9113560914993286,0.4554987847805023,2.053971767425537,-0.6540958285331726,40.4263905,-86.9274303,174.162,-0.03700000047683716,-0.23000000417232513,1.2630000114440918,4,14
imu,1777665299.9681966,1617971257000,0.4912727475166321,-11.069427490234375,1.9786125421524048,0.560452938079834,2.0799427032470703,-0.6578473448753357,40.4263905,-86.9274303,174.162,-0.03700000047683716,-0.23000000417232513,1.2630000114440918,4,14
imu,1777665299.9859807,1617981256000,0.624073326587677,-11.303413391113281,1.9200762510299683,0.6557897925376892,2.128013849258423,-0.6566420793533325,40.4263905,-86.9274303,174.162,-0.03700000047683716,-0.23000000417232513,1.2630000114440918,4,14
imu,1777665299.9894078,1617991257000,0.6138057708740234,-11.681886672973633,1.8008155822753906,0.71750807762146,2.1650824546813965,-0.652282178401947,40.4263905,-86.9274303,174.162,-0.03700000047683716,-0.23000000417232513,1.2630000114440918,4,14
imu,1777665299.9985797,1618001257000,0.8093472719192505,-11.910754203796387,1.7150660753250122,0.7533404231071472,2.1877634525299072,-0.6188124418258667,40.4263905,-86.9274303,174.162,-0.03700000047683716,-0.23000000417232513,1.2630000114440918,4,14
imu,1777665300.0143082,1618011257000,0.7799202799797058,-12.107738494873047,1.700640082359314,0.7293842434883118,2.18870210647583,-0.5565155148506165,40.4263905,-86.9274303,174.162,-0.03700000047683716,-0.23000000417232513,1.2630000114440918,4,14
imu,1777665300.0188408,1618021257000,0.8309338092803955,-11.900933265686035,1.962485432624817,0.6317058801651001,2.1861047744750977,-0.47907423973083496,40.4263905,-86.9274303,174.162,-0.03700000047683716,-0.23000000417232513,1.2630000114440918,4,14
imu,1777665300.0357482,1618031257000,0.7821017503738403,-11.544306755065918,2.199350118637085,0.5156253576278687,2.1872546672821045,-0.39354246854782104,40.4263905,-86.9274303,174.162,-0.03700000047683716,-0.23000000417232513,1.2630000114440918,4,14
imu,1777665300.0402606,1618041257000,0.7428387403488159,-11.40557861328125,2.269402503967285,0.3678717613220215,2.2000789642333984,-0.29893505573272705,40.4263905,-86.9274303,174.162,-0.03700000047683716,-0.23000000417232513,1.2630000114440918,4,14
imu,1777665300.0482209,1618051257000,0.5587396621704102,-10.685121536254883,2.5377132892608643,0.23242349922657013,2.2399425506591797,-0.2031702697277069,40.4263896,-86.9274301,174.224,0.12999999523162842,-0.33399999141693115,1.3980000019073486,4,13
imu,1777665300.0639613,1618061257000,0.34065917134284973,-10.115265846252441,2.469024181365967,0.2191566675901413,2.2748055458068848,-0.13277721405029297,40.4263896,-86.9274301,174.224,0.12999999523162842,-0.33399999141693115,1.3980000019073486,4,13
imu,1777665300.0684626,1618071257000,0.04047694802284241,-9.531584739685059,2.4101126194000244,0.2683612108230591,2.2964365482330322,-0.0848400667309761,40.4263896,-86.9274301,174.224,0.12999999523162842,-0.33399999141693115,1.3980000019073486,4,13
imu,1777665300.0863657,1618081257000,-0.2749459147453308,-8.976275444030762,2.238417625427246,0.24309150874614716,2.281475305557251,-0.08967776596546173,40.4263896,-86.9274301,174.224,0.12999999523162842,-0.33399999141693115,1.3980000019073486,4,13
imu,1777665300.089749,1618091257000,-0.38895508646965027,-8.895071983337402,1.9943419694900513,0.12119589745998383,2.25443172454834,-0.12399904429912567,40.4263896,-86.9274301,174.224,0.12999999523162842,-0.33399999141693115,1.3980000019073486,4,13
imu,1777665300.0976162,1618101257000,-0.4022022783756256,-8.738777160644531,2.103583812713623,0.03766649588942528,2.2101986408233643,-0.1308383196592331,40.4263896,-86.9274301,174.224,0.12999999523162842,-0.33399999141693115,1.3980000019073486,4,13
imu,1777665300.1136005,1618111257000,-0.3618104159832001,-8.6715669631958,2.0333895683288574,0.09443005919456482,2.203129291534424,-0.15181472897529602,40.4263896,-86.9274301,174.224,0.12999999523162842,-0.33399999141693115,1.3980000019073486,4,13
imu,1777665300.1180775,1618121257000,-0.35407185554504395,-9.189168930053711,1.6168018579483032,0.17846283316612244,2.169755458831787,-0.16668611764907837,40.4263896,-86.9274301,174.224,0.12999999523162842,-0.33399999141693115,1.3980000019073486,4,13
imu,1777665300.1361232,1618131257000,-0.42186108231544495,-9.690691947937012,1.4578784704208374,0.14814163744449615,2.0955421924591064,-0.15565939247608185,40.4263896,-86.9274301,174.224,0.12999999523162842,-0.33399999141693115,1.3980000019073486,4,13
imu,1777665300.1395578,1618141257000,-0.5626383423805237,-9.468754768371582,1.5749008655548096,0.1497497707605362,2.0411086082458496,-0.13885173201560974,40.4263896,-86.9274301,174.224,0.12999999523162842,-0.33399999141693115,1.3980000019073486,4,13
imu,1777665300.1484742,1618151257000,-0.6620484590530396,-9.918436050415039,1.4486877918243408,0.17998793721199036,2.005706548690796,-0.10808029025793076,40.4263896,-86.9274301,174.224,0.12999999523162842,-0.33399999141693115,1.3980000019073486,4,13
imu,1777665300.164291,1618161257000,-0.7218492031097412,-9.964599609375,1.315574288368225,0.2438521683216095,1.9619649648666382,-0.05884629115462303,40.4263896,-86.9274301,174.224,0.12999999523162842,-0.33399999141693115,1.3980000019073486,4,13
imu,1777665300.167543,1618171257000,-0.9435919523239136,-9.503331184387207,1.4014109373092651,0.3618237376213074,1.9298800230026245,-0.024874895811080933,40.4263896,-86.9274301,174.224,0.12999999523162842,-0.33399999141693115,1.3980000019073486,4,13
imu,1777665300.1857653,1618181257000,-1.1417874097824097,-9.527196884155273,1.2203352451324463,0.519578754901886,1.9049310684204102,0.019765229895710945,40.4263896,-86.9274301,174.224,0.12999999523162842,-0.33399999141693115,1.3980000019073486,4,13
imu,1777665300.1905491,1618191257000,-1.412334680557251,-9.21341609954834,1.159292459487915,0.5739332437515259,1.8375585079193115,0.04505499079823494,40.4263896,-86.9274301,174.224,0.12999999523162842,-0.33399999141693115,1.3980000019073486,4,13
imu,1777665300.1983075,1618201257000,-1.5811865329742432,-9.219470977783203,1.0330358743667603,0.4487220048904419,1.7845946550369263,0.05502573773264885,40.4263896,-86.9274301,174.224,0.12999999523162842,-0.33399999141693115,1.3980000019073486,4,13
imu,1777665300.2134233,1618211257000,-1.8076231479644775,-9.128966331481934,0.9970403909683228,0.2989020049571991,1.7059592008590698,0.10205971449613571,40.4263896,-86.9274301,174.224,0.12999999523162842,-0.33399999141693115,1.3980000019073486,4,13
imu,1777665300.2178364,1618221257000,-1.9559104442596436,-8.85496711730957,1.1031841039657593,0.16139766573905945,1.6287769079208374,0.1617453396320343,40.4263896,-86.9274301,174.224,0.12999999523162842,-0.33399999141693115,1.3980000019073486,4,13
imu,1777665300.2357802,1618231257000,-2.0049686431884766,-8.753608703613281,1.138325810432434,0.10042426735162735,1.5914710760116577,0.16967464983463287,40.4263896,-86.9274301,174.224,0.12999999523162842,-0.33399999141693115,1.3980000019073486,4,13
imu,1777665300.240284,1618241257000,-2.084246873855591,-9.416536331176758,0.6440455913543701,0.014951365999877453,1.5788424015045166,0.13154900074005127,40.4263896,-86.9274301,174.224,0.12999999523162842,-0.33399999141693115,1.3980000019073486,4,13
imu,1777665300.2481031,1618251257000,-2.258911609649658,-9.84255599975586,-0.018848761916160583,-0.08268988132476807,1.5265620946884155,0.10926711559295654,40.426387999999996,-86.92742989999999,174.46200000000002,-0.24899999797344208,-0.4350000023841858,1.3509999513626099,4,14
imu,1777665300.263714,1618261257000,-2.437478542327881,-10.407243728637695,-0.48184654116630554,-0.17048722505569458,1.4072113037109375,0.11363187432289124,40.426387999999996,-86.92742989999999,174.46200000000002,-0.24899999797344208,-0.4350000023841858,1.3509999513626099,4,14
imu,1777665300.268289,1618271257000,-2.780241012573242,-10.63393783569336,-0.6939083337783813,-0.2948780059814453,1.2474535703659058,0.13451725244522095,40.426387999999996,-86.92742989999999,174.46200000000002,-0.24899999797344208,-0.4350000023841858,1.3509999513626099,4,14
imu,1777665300.2861621,1618281257000,-3.068341016769409,-9.892782211303711,-0.5555088520050049,-0.5152763724327087,1.1174901723861694,0.15545180439949036,40.426387999999996,-86.92742989999999,174.46200000000002,-0.24899999797344208,-0.4350000023841858,1.3509999513626099,4,14
imu,1777665300.2895029,1618291257000,-2.84169602394104,-9.803916931152344,-0.5679912567138672,-0.6645629405975342,1.0603002309799194,0.1611691415309906,40.426387999999996,-86.92742989999999,174.46200000000002,-0.24899999797344208,-0.4350000023841858,1.3509999513626099,4,14
imu,1777665300.2984786,1618301257000,-2.593855142593384,-10.689909934997559,-0.774088978767395,-0.6020584106445312,1.037748098373413,0.16012892127037048,40.426387999999996,-86.92742989999999,174.46200000000002,-0.24899999797344208,-0.4350000023841858,1.3509999513626099,4,14
imu,1777665300.3143742,1618311257000,-2.690154790878296,-10.316192626953125,-1.0360543727874756,-0.34769073128700256,0.9601246118545532,0.17498400807380676,40.426387999999996,-86.92742989999999,174.46200000000002,-0.24899999797344208,-0.4350000023841858,1.3509999513626099,4,14
imu,1777665300.317788,1618321257000,-2.847104787826538,-9.255243301391602,-1.277512550354004,-0.1195681244134903,0.9058569669723511,0.16776183247566223,40.426387999999996,-86.92742989999999,174.46200000000002,-0.24899999797344208,-0.4350000023841858,1.3509999513626099,4,14
imu,1777665300.3359625,1618331257000,-2.6594414710998535,-9.563053131103516,-1.9430088996887207,0.02526870369911194,0.8440396785736084,0.05598907172679901,40.426387999999996,-86.92742989999999,174.46200000000002,-0.24899999797344208,-0.4350000023841858,1.3509999513626099,4,14
imu,1777665300.339265,1618341257000,-2.5307257175445557,-9.944087028503418,-2.4727466106414795,-0.04111248999834061,0.7106599807739258,-0.12457636743783951,40.426387999999996,-86.92742989999999,174.46200000000002,-0.24899999797344208,-0.4350000023841858,1.3509999513626099,4,14
imu,1777665300.3482285,1618351257000,-2.181161403656006,-10.592081069946289,-2.644639015197754,-0.24113042652606964,0.5513718724250793,-0.2661173343658447,40.426387999999996,-86.92742989999999,174.46200000000002,-0.24899999797344208,-0.4350000023841858,1.3509999513626099,4,14
imu,1777665300.3640783,1618361257000,-1.400659203529358,-12.529600143432617,-2.641223907470703,-0.376669704914093,0.46398913860321045,-0.39114654064178467,40.426387999999996,-86.92742989999999,174.46200000000002,-0.24899999797344208,-0.4350000023841858,1.3509999513626099,4,14
imu,1777665300.3674166,1618371257000,-1.3816473484039307,-12.844562530517578,-2.731480836868286,-0.5527104735374451,0.3771088719367981,-0.32774120569229126,40.426387999999996,-86.92742989999999,174.46200000000002,-0.24899999797344208,-0.4350000023841858,1.3509999513626099,4,14
imu,1777665300.3855207,1618381257000,-1.4965991973876953,-11.219660758972168,-2.6170101165771484,-0.7605823874473572,0.3055356442928314,-0.03922644257545471,40.426387999999996,-86.92742989999999,174.46200000000002,-0.24899999797344208,-0.4350000023841858,1.3509999513626099,4,14
imu,1777665300.3898778,1618391257000,-1.0401116609573364,-9.836038589477539,-2.6661171913146973,-0.6516082286834717,0.3121463358402252,0.14996981620788574,40.426387999999996,-86.92742989999999,174.46200000000002,-0.24899999797344208,-0.4350000023841858,1.3509999513626099,4,14
imu,1777665300.3977058,1618401257000,-0.5342035293579102,-10.41314697265625,-3.3859853744506836,-0.11916425079107285,0.3000076711177826,0.11597856879234314,40.426387999999996,-86.92742989999999,174.46200000000002,-0.24899999797344208,-0.4350000023841858,1.3509999513626099,4,14
imu,1777665300.4145992,1618411257000,-0.37096625566482544,-10.624574661254883,-4.149733066558838,0.3639839291572571,0.18383020162582397,0.007735747843980789,40.426387999999996,-86.92742989999999,174.46200000000002,-0.24899999797344208,-0.4350000023841858,1.3509999513626099,4,14
imu,1777665300.4184046,1618421257000,-0.25565972924232483,-10.680633544921875,-4.153183937072754,0.5869383215904236,0.006311311852186918,-0.14137442409992218,40.426387999999996,-86.92742989999999,174.46200000000002,-0.24899999797344208,-0.4350000023841858,1.3509999513626099,4,14
imu,1777665300.436294,1618431257000,-0.03299412876367569,-11.540781021118164,-3.658463478088379,0.5282647013664246,-0.1286010593175888,-0.2423807680606842,40.426387999999996,-86.92742989999999,174.46200000000002,-0.24899999797344208,-0.4350000023841858,1.3509999513626099,4,14
imu,1777665300.4395611,1618441257000,0.010044022463262081,-11.308426856994629,-2.7194483280181885,0.2961093783378601,-0.22132372856140137,-0.2033585011959076,40.426387999999996,-86.92742989999999,174.46200000000002,-0.24899999797344208,-0.4350000023841858,1.3509999513626099,4,14
imu,1777665300.4475522,1618451257000,0.28022080659866333,-11.35146713256836,-2.270869493484497,-0.04038421809673309,-0.20951320230960846,-0.1319534033536911,40.4263865,-86.9274313,174.514,-0.8790000081062317,-0.1589999943971634,0.48399999737739563,4,13
imu,1777665300.4632928,1618461257000,0.5602211952209473,-11.795700073242188,-2.401052236557007,-0.26198235154151917,-0.23315687477588654,-0.06647265702486038,40.4263865,-86.9274313,174.514,-0.8790000081062317,-0.1589999943971634,0.48399999737739563,4,13
imu,1777665300.4677107,1618471257000,0.8273985981941223,-11.700982093811035,-2.644195079803467,-0.27951914072036743,-0.3021034002304077,-0.04768439754843712,40.4263865,-86.9274313,174.514,-0.8790000081062317,-0.1589999943971634,0.48399999737739563,4,13
imu,1777665300.485746,1618481257000,0.9315968751907349,-11.122357368469238,-2.3715577125549316,-0.048586197197437286,-0.34167805314064026,-0.020067045465111732,40.4263865,-86.9274313,174.514,-0.8790000081062317,-0.1589999943971634,0.48399999737739563,4,13
imu,1777665300.490228,1618491257000,1.2804338932037354,-11.281644821166992,-2.7846479415893555,0.3633764386177063,-0.3389705419540405,0.04990264028310776,40.4263865,-86.9274313,174.514,-0.8790000081062317,-0.1589999943971634,0.48399999737739563,4,13
imu,1777665300.4981065,1618501257000,1.374054193496704,-11.187671661376953,-3.1348702907562256,0.606279194355011,-0.4407937228679657,-0.0027484092861413956,40.4263865,-86.9274313,174.514,-0.8790000081062317,-0.1589999943971634,0.48399999737739563,4,13
imu,1777665300.5140977,1618511257000,1.525267481803894,-11.141002655029297,-3.045130491256714,0.6255385279655457,-0.5338073968887329,-0.030575789511203766,40.4263865,-86.9274313,174.514,-0.8790000081062317,-0.1589999943971634,0.48399999737739563,4,13
imu,1777665300.5175412,1618521257000,1.6929107904434204,-11.517047882080078,-2.744554042816162,0.5780168175697327,-0.5825039148330688,0.008679395541548729,40.4263865,-86.9274313,174.514,-0.8790000081062317,-0.1589999943971634,0.48399999737739563,4,13
imu,1777665300.5357642,1618531257000,1.8542587757110596,-11.471381187438965,-2.4175987243652344,0.4995706081390381,-0.6101186275482178,0.09048069268465042,40.4263865,-86.9274313,174.514,-0.8790000081062317,-0.1589999943971634,0.48399999737739563,4,13
imu,1777665300.5392435,1618541257000,1.9282702207565308,-11.178398132324219,-2.2906949520111084,0.434406042098999,-0.6672819256782532,0.16382798552513123,40.4263865,-86.9274313,174.514,-0.8790000081062317,-0.1589999943971634,0.48399999737739563,4,13
imu,1777665300.5492594,1618551257000,1.9156368970870972,-11.14130973815918,-2.144784927368164,0.28707221150398254,-0.7242395281791687,0.2136566936969757,40.4263865,-86.9274313,174.514,-0.8790000081062317,-0.1589999943971634,0.48399999737739563,4,13
imu,1777665300.5652037,1618561257000,1.940004825592041,-10.126596450805664,-1.7141258716583252,0.2037409394979477,-0.7876042127609253,0.21017500758171082,40.4263865,-86.9274313,174.514,-0.8790000081062317,-0.1589999943971634,0.48399999737739563,4,13
imu,1777665300.5673628,1618571257000,2.1149935722351074,-9.942303657531738,-1.369345784187317,0.21489863097667694,-0.7646992802619934,0.12392324954271317,40.4263865,-86.9274313,174.514,-0.8790000081062317,-0.1589999943971634,0.48399999737739563,4,13
imu,1777665300.5854673,1618581257000,1.9451079368591309,-10.007734298706055,-1.3820196390151978,0.40777456760406494,-0.7406641840934753,0.11392231285572052,40.4263865,-86.9274313,174.514,-0.8790000081062317,-0.1589999943971634,0.48399999737739563,4,13
imu,1777665300.5899436,1618591257000,2.198800802230835,-10.097896575927734,-1.7031182050704956,0.5940145254135132,-0.74564129114151,0.14593753218650818,40.4263865,-86.9274313,174.514,-0.8790000081062317,-0.1589999943971634,0.48399999737739563,4,13
imu,1777665300.59906,1618601257000,2.018510103225708,-9.907888412475586,-1.545518159866333,0.7005760669708252,-0.8271620869636536,0.15651935338974,40.4263865,-86.9274313,174.514,-0.8790000081062317,-0.1589999943971634,0.48399999737739563,4,13
imu,1777665300.615032,1618611257000,2.1551342010498047,-10.15700912475586,-1.304085373878479,0.6351534128189087,-0.8964940309524536,0.14208312332630157,40.4263865,-86.9274313,174.514,-0.8790000081062317,-0.1589999943971634,0.48399999737739563,4,13
imu,1777665300.6181896,1618621257000,2.3285889625549316,-10.197807312011719,-0.9982883930206299,0.5151559710502625,-0.9363904595375061,0.15397074818611145,40.4263865,-86.9274313,174.514,-0.8790000081062317,-0.1589999943971634,0.48399999737739563,4,13
imu,1777665300.635246,1618631257000,2.6695213317871094,-10.51962661743164,-1.0407544374465942,0.39405229687690735,-0.9308241009712219,0.15420180559158325,40.4263865,-86.9274313,174.514,-0.8790000081062317,-0.1589999943971634,0.48399999737739563,4,13
imu,1777665300.6397674,1618641257000,2.5694589614868164,-10.676012992858887,-0.9498971700668335,0.3034985363483429,-0.9421443939208984,0.2181641310453415,40.4263865,-86.9274313,174.514,-0.8790000081062317,-0.1589999943971634,0.48399999737739563,4,13
imu,1777665300.6487417,1618651257000,2.6578664779663086,-10.30286693572998,-1.0344762802124023,0.2390270233154297,-0.9350352883338928,0.28477054834365845,40.426385599999996,-86.9274315,174.53,-0.2759999930858612,0.45399999618530273,-0.25600001215934753,4,13
imu,1777665300.664544,1618661257000,2.694638967514038,-9.981186866760254,-1.1771775484085083,0.25499603152275085,-0.9081568717956543,0.27736955881118774,40.426385599999996,-86.9274315,174.53,-0.2759999930858612,0.45399999618530273,-0.25600001215934753,4,13
imu,1777665300.669133,1618671257000,2.6987497806549072,-10.206388473510742,-1.671717643737793,0.2349594682455063,-0.9234411120414734,0.276699423789978,40.426385599999996,-86.9274315,174.53,-0.2759999930858612,0.45399999618530273,-0.25600001215934753,4,13
imu,1777665300.686209,1618681257000,2.4709064960479736,-10.131958961486816,-1.7467046976089478,0.21218913793563843,-0.9797130227088928,0.322425901889801,40.426385599999996,-86.9274315,174.53,-0.2759999930858612,0.45399999618530273,-0.25600001215934753,4,13
imu,1777665300.6897252,1618691257000,2.543013095855713,-9.75314712524414,-1.6807444095611572,0.21437489986419678,-1.0182924270629883,0.3691214323043823,40.426385599999996,-86.9274315,174.53,-0.2759999930858612,0.45399999618530273,-0.25600001215934753,4,13
imu,1777665300.6985695,1618701257000,2.5861928462982178,-9.60914134979248,-1.5681304931640625,0.21507219970226288,-1.0548055171966553,0.4108087420463562,40.426385599999996,-86.9274315,174.53,-0.2759999930858612,0.45399999618530273,-0.25600001215934753,4,13
imu,1777665300.714342,1618711257000,2.790316343307495,-9.43195915222168,-1.6784688234329224,0.06816964596509933,-1.0894874334335327,0.4037041962146759,40.426385599999996,-86.9274315,174.53,-0.2759999930858612,0.45399999618530273,-0.25600001215934753,4,13
imu,1777665300.7188656,1618721257000,2.865823745727539,-9.259827613830566,-1.6193881034851074,-0.06779460608959198,-1.0957518815994263,0.4003539979457855,40.426385599999996,-86.9274315,174.53,-0.2759999930858612,0.45399999618530273,-0.25600001215934753,4,13
imu,1777665300.73592,1618731257000,2.7931010723114014,-9.038874626159668,-1.865775227546692,-0.1087479293346405,-1.1114858388900757,0.40551239252090454,40.426385599999996,-86.9274315,174.53,-0.2759999930858612,0.45399999618530273,-0.25600001215934753,4,13
imu,1777665300.739597,1618741257000,2.7872135639190674,-8.94367504119873,-1.9008126258850098,-0.142721027135849,-1.1535388231277466,0.4110601246356964,40.426385599999996,-86.9274315,174.53,-0.2759999930858612,0.45399999618530273,-0.25600001215934753,4,13
imu,1777665300.748442,1618751257000,3.0167572498321533,-9.232362747192383,-1.7849454879760742,-0.14458370208740234,-1.1865442991256714,0.4316217601299286,40.426385599999996,-86.9274315,174.53,-0.2759999930858612,0.45399999618530273,-0.25600001215934753,4,13
imu,1777665300.7640204,1618761257000,2.9780213832855225,-8.8313627243042,-1.6443119049072266,-0.06792137771844864,-1.2092716693878174,0.48864641785621643,40.426385599999996,-86.9274315,174.53,-0.2759999930858612,0.45399999618530273,-0.25600001215934753,4,13
imu,1777665300.7686486,1618771257000,2.9842910766601562,-8.370240211486816,-1.6968430280685425,-0.05486004427075386,-1.221030592918396,0.4766150414943695,40.426385599999996,-86.9274315,174.53,-0.2759999930858612,0.45399999618530273,-0.25600001215934753,4,13
imu,1777665300.78668,1618781257000,3.059385299682617,-8.252330780029297,-1.7023637294769287,-0.06381011009216309,-1.258121371269226,0.44051018357276917,40.426385599999996,-86.9274315,174.53,-0.2759999930858612,0.45399999618530273,-0.25600001215934753,4,13
imu,1777665300.7889202,1618791257000,3.2558298110961914,-8.334473609924316,-1.7498270273208618,-0.08848215639591217,-1.2863458395004272,0.41360944509506226,40.426385599999996,-86.9274315,174.53,-0.2759999930858612,0.45399999618530273,-0.25600001215934753,4,13
imu,1777665300.7989428,1618801257000,3.334799289703369,-8.0625581741333,-1.8251237869262695,-0.06956729292869568,-1.3112049102783203,0.3740207254886627,40.426385599999996,-86.9274315,174.53,-0.2759999930858612,0.45399999618530273,-0.25600001215934753,4,13
imu,1777665300.8146496,1618811257000,3.6047146320343018,-8.330141067504883,-1.9531495571136475,0.013543453067541122,-1.3598004579544067,0.3350372910499573,40.426385599999996,-86.9274315,174.53,-0.2759999930858612,0.45399999618530273,-0.25600001215934753,4,13
imu,1777665300.8180478,1618821257000,3.9721884727478027,-8.587841987609863,-1.9694106578826904,0.1058913916349411,-1.4075214862823486,0.32659584283828735,40.426385599999996,-86.9274315,174.53,-0.2759999930858612,0.45399999618530273,-0.25600001215934753,4,13
imu,1777665300.8358717,1618831257000,4.2470316886901855,-8.840280532836914,-1.8911992311477661,0.13406367599964142,-1.4510128498077393,0.3033919334411621,40.426385599999996,-86.9274315,174.53,-0.2759999930858612,0.45399999618530273,-0.25600001215934753,4,13
imu,1777665300.8392396,1618841257000,4.519272804260254,-8.958754539489746,-1.414466381072998,0.19045040011405945,-1.4880887269973755,0.29633572697639465,40.426385599999996,-86.9274315,174.53,-0.2759999930858612,0.45399999618530273,-0.25600001215934753,4,13
imu,1777665300.8482127,1618851257000,4.672883987426758,-8.987552642822266,-1.2478036880493164,0.20646892488002777,-1.5136923789978027,0.3137456178665161,40.426383799999996,-86.9274296,175.106,-0.13899999856948853,0.6100000143051147,-0.1459999978542328,4,15
imu,1777665300.8640053,1618861257000,4.883548736572266,-9.325689315795898,-1.1171989440917969,0.1318892389535904,-1.5175150632858276,0.3546257019042969,40.426383799999996,-86.9274296,175.106,-0.13899999856948853,0.6100000143051147,-0.1459999978542328,4,15
imu,1777665300.8685815,1618871257000,4.953110218048096,-9.231583595275879,-0.8145162463188171,0.0724504366517067,-1.541400671005249,0.4268362522125244,40.426383799999996,-86.9274296,175.106,-0.13899999856948853,0.6100000143051147,-0.1459999978542328,4,15
imu,1777665300.8868265,1618881257000,4.8834638595581055,-8.841586112976074,-0.7385046482086182,-0.012429085560142994,-1.5497715473175049,0.45353662967681885,40.426383799999996,-86.9274296,175.106,-0.13899999856948853,0.6100000143051147,-0.1459999978542328,4,15
imu,1777665300.8890102,1618891257000,4.939152240753174,-8.609851837158203,-0.5313384532928467,-0.054864551872015,-1.5623441934585571,0.47205135226249695,40.426383799999996,-86.9274296,175.106,-0.13899999856948853,0.6100000143051147,-0.1459999978542328,4,15
imu,1777665300.898034,1618901257000,4.981801509857178,-8.27515983581543,-0.36102890968322754,-0.036911703646183014,-1.5838494300842285,0.46397849917411804,40.426383799999996,-86.9274296,175.106,-0.13899999856948853,0.6100000143051147,-0.1459999978542328,4,15
imu,1777665300.9148185,1618911257000,4.782103061676025,-7.847829341888428,-0.0034140795469284058,0.033368080854415894,-1.615381121635437,0.42443951964378357,40.426383799999996,-86.9274296,175.106,-0.13899999856948853,0.6100000143051147,-0.1459999978542328,4,15
imu,1777665300.9183815,1618921257000,4.835760116577148,-7.810231685638428,0.1720283180475235,0.19657626748085022,-1.646335482597351,0.36505669355392456,40.426383799999996,-86.9274296,175.106,-0.13899999856948853,0.6100000143051147,-0.1459999978542328,4,15
imu,1777665300.936194,1618931257000,4.945393085479736,-7.897922992706299,0.18326927721500397,0.371536523103714,-1.6866998672485352,0.30919086933135986,40.426383799999996,-86.9274296,175.106,-0.13899999856948853,0.6100000143051147,-0.1459999978542328,4,15
imu,1777665300.939578,1618941257000,5.173130989074707,-7.9337158203125,0.46916329860687256,0.5052477121353149,-1.734009027481079,0.2629411518573761,40.426383799999996,-86.9274296,175.106,-0.13899999856948853,0.6100000143051147,-0.1459999978542328,4,15
imu,1777665300.9483993,1618951257000,5.3028950691223145,-7.93996524810791,0.924384593963623,0.6085785031318665,-1.7763464450836182,0.2110837697982788,40.426383799999996,-86.9274296,175.106,-0.13899999856948853,0.6100000143051147,-0.1459999978542328,4,15
imu,1777665300.9639328,1618961257000,5.491342067718506,-8.495262145996094,1.4076831340789795,0.5938705205917358,-1.7969439029693604,0.19839467108249664,40.426383799999996,-86.9274296,175.106,-0.13899999856948853,0.6100000143051147,-0.1459999978542328,4,15
imu,1777665300.9681842,1618971257000,5.613826274871826,-8.582448959350586,1.8661401271820068,0.44651833176612854,-1.797267198562622,0.21921278536319733,40.426383799999996,-86.9274296,175.106,-0.13899999856948853,0.6100000143051147,-0.1459999978542328,4,15
imu,1777665300.9862876,1618981257000,5.792385578155518,-8.619241714477539,2.326361656188965,0.28458207845687866,-1.7687164545059204,0.22113940119743347,40.426383799999996,-86.9274296,175.106,-0.13899999856948853,0.6100000143051147,-0.1459999978542328,4,15
imu,1777665300.9898615,1618991257000,5.792697429656982,-8.692207336425781,2.6335813999176025,0.16097550094127655,-1.707058072090149,0.2342740297317505,40.426383799999996,-86.9274296,175.106,-0.13899999856948853,0.6100000143051147,-0.1459999978542328,4,15
imu,1777665300.998666,1619001257000,5.650516986846924,-8.409713745117188,2.974583625793457,0.1427987962961197,-1.6247048377990723,0.2332553118467331,40.426383799999996,-86.9274296,175.106,-0.13899999856948853,0.6100000143051147,-0.1459999978542328,4,15
imu,1777665301.0144436,1619011257000,5.607513427734375,-8.384718894958496,2.8225717544555664,0.16134697198867798,-1.5558620691299438,0.2176937609910965,40.426383799999996,-86.9274296,175.106,-0.13899999856948853,0.6100000143051147,-0.1459999978542328,4,15
imu,1777665301.019014,1619021257000,5.440312385559082,-8.476998329162598,2.443394422531128,0.10242888331413269,-1.5058469772338867,0.19494275748729706,40.426383799999996,-86.9274296,175.106,-0.13899999856948853,0.6100000143051147,-0.1459999978542328,4,15
imu,1777665301.0368235,1619031257000,5.32090425491333,-8.241110801696777,2.061007499694824,0.034755438566207886,-1.498380422592163,0.17469868063926697,40.426383799999996,-86.9274296,175.106,-0.13899999856948853,0.6100000143051147,-0.1459999978542328,4,15
imu,1777665301.0391595,1619041257000,5.1952385902404785,-8.116682052612305,1.9558672904968262,-0.0031945935916155577,-1.531943678855896,0.1545042097568512,40.426383799999996,-86.9274296,175.106,-0.13899999856948853,0.6100000143051147,-0.1459999978542328,4,15
imu,1777665301.04807,1619051257000,5.083137512207031,-8.257316589355469,2.0312724113464355,-0.03980635106563568,-1.5587464570999146,0.1557835042476654,40.4263846,-86.9274284,174.87,0.4129999876022339,0.43700000643730164,0.39100000262260437,4,11
imu,1777665301.0646791,1619061257000,5.203997611999512,-8.3491792678833,2.3037326335906982,-0.13720595836639404,-1.5458128452301025,0.15379181504249573,40.4263846,-86.9274284,174.87,0.4129999876022339,0.43700000643730164,0.39100000262260437,4,11
imu,1777665301.0680573,1619071257000,5.065054416656494,-8.48076057434082,2.9504988193511963,-0.18632298707962036,-1.4778368473052979,0.13211286067962646,40.4263846,-86.9274284,174.87,0.4129999876022339,0.43700000643730164,0.39100000262260437,4,11
imu,1777665301.0869079,1619081257000,4.950436115264893,-8.860311508178711,3.0956058502197266,-0.17807689309120178,-1.3917518854141235,0.11928620934486389,40.4263846,-86.9274284,174.87,0.4129999876022339,0.43700000643730164,0.39100000262260437,4,11
imu,1777665301.089046,1619091257000,5.004882335662842,-9.116257667541504,3.131650686264038,-0.17396199703216553,-1.3052736520767212,0.11378803849220276,40.4263846,-86.9274284,174.87,0.4129999876022339,0.43700000643730164,0.39100000262260437,4,11
imu,1777665301.0979853,1619101257000,5.0038251876831055,-9.534623146057129,3.1058707237243652,-0.20630952715873718,-1.239134669303894,0.1298167109489441,40.4263846,-86.9274284,174.87,0.4129999876022339,0.43700000643730164,0.39100000262260437,4,11
imu,1777665301.1147609,1619111257000,5.0048933029174805,-9.621846199035645,3.0622243881225586,-0.3336237072944641,-1.173176884651184,0.1480284482240677,40.4263846,-86.9274284,174.87,0.4129999876022339,0.43700000643730164,0.39100000262260437,4,11
imu,1777665301.1181402,1619121257000,5.1167826652526855,-9.815860748291016,2.8695180416107178,-0.5339866280555725,-1.0872048139572144,0.1709800809621811,40.4263846,-86.9274284,174.87,0.4129999876022339,0.43700000643730164,0.39100000262260437,4,11
imu,1777665301.135902,1619131257000,4.964395523071289,-10.031292915344238,2.351071357727051,-0.758660614490509,-0.9691981673240662,0.21679522097110748,40.4263846,-86.9274284,174.87,0.4129999876022339,0.43700000643730164,0.39100000262260437,4,11
imu,1777665301.1391346,1619141257000,4.532810688018799,-9.613387107849121,1.4019408226013184,-0.8980197906494141,-0.8849392533302307,0.2480950653553009,40.4263846,-86.9274284,174.87,0.4129999876022339,0.43700000643730164,0.39100000262260437,4,11
imu,1777665301.1479576,1619151257000,4.1308369636535645,-9.263687133789062,0.43449538946151733,-0.9311046004295349,-0.8904120922088623,0.20091798901557922,40.4263846,-86.9274284,174.87,0.4129999876022339,0.43700000643730164,0.39100000262260437,4,11
imu,1777665301.1647022,1619161257000,3.9838309288024902,-8.958913803100586,0.14498426020145416,-0.7696517705917358,-0.9689099788665771,0.11684775352478027,40.4263846,-86.9274284,174.87,0.4129999876022339,0.43700000643730164,0.39100000262260437,4,11
imu,1777665301.1678944,1619171257000,4.0095343589782715,-8.966883659362793,0.7726324200630188,-0.4019715189933777,-1.013791561126709,0.024231167510151863,40.4263846,-86.9274284,174.87,0.4129999876022339,0.43700000643730164,0.39100000262260437,4,11
imu,1777665301.1866894,1619181257000,4.464510440826416,-9.733369827270508,1.4552022218704224,-0.11631307750940323,-0.9773289561271667,-0.024380147457122803,40.4263846,-86.9274284,174.87,0.4129999876022339,0.43700000643730164,0.39100000262260437,4,11
imu,1777665301.1889284,1619191257000,4.56399393081665,-10.23165512084961,1.6044882535934448,-0.08197551965713501,-0.9352756142616272,0.0007889606058597565,40.4263846,-86.9274284,174.87,0.4129999876022339,0.43700000643730164,0.39100000262260437,4,11
imu,1777665301.199061,1619201257000,4.647380828857422,-10.451496124267578,1.8979734182357788,-0.3377896845340729,-0.8954623937606812,0.02801908552646637,40.4263846,-86.9274284,174.87,0.4129999876022339,0.43700000643730164,0.39100000262260437,4,11
imu,1777665301.214519,1619211257000,4.657253265380859,-10.244829177856445,2.4887924194335938,-0.5702707767486572,-0.8334048986434937,0.08219512552022934,40.4263846,-86.9274284,174.87,0.4129999876022339,0.43700000643730164,0.39100000262260437,4,11
imu,1777665301.2179592,1619221257000,4.621668815612793,-10.43862247467041,2.5735130310058594,-0.7064169049263,-0.6867482662200928,0.16774851083755493,40.4263846,-86.9274284,174.87,0.4129999876022339,0.43700000643730164,0.39100000262260437,4,11
imu,1777665301.235968,1619231257000,4.245461463928223,-10.131044387817383,2.2827863693237305,-0.7790597677230835,-0.5425456762313843,0.24904395639896393,40.4263846,-86.9274284,174.87,0.4129999876022339,0.43700000643730164,0.39100000262260437,4,11
imu,1777665301.2391717,1619241257000,3.974578619003296,-9.641353607177734,2.1155011653900146,-0.7792755365371704,-0.47982025146484375,0.24785493314266205,40.4263846,-86.9274284,174.87,0.4129999876022339,0.43700000643730164,0.39100000262260437,4,11
imu,1777665301.2480772,1619251257000,3.7212610244750977,-9.199451446533203,2.603670358657837,-0.5267423987388611,-0.40457969903945923,0.1602601855993271,40.4263857,-86.9274282,174.903,0.5569999814033508,-0.00800000037997961,-0.3400000035762787,4,12
imu,1777665301.2638993,1619261257000,3.6568658351898193,-9.494792938232422,2.590170383453369,-0.19634786248207092,-0.31165432929992676,0.06769096851348877,40.4263857,-86.9274282,174.903,0.5569999814033508,-0.00800000037997961,-0.3400000035762787,4,12
imu,1777665301.268337,1619271257000,3.9037795066833496,-10.191463470458984,2.377359390258789,-0.015393058769404888,-0.2240941822528839,-0.004179308190941811,40.4263857,-86.9274282,174.903,0.5569999814033508,-0.00800000037997961,-0.3400000035762787,4,12
imu,1777665301.2862935,1619281257000,3.8450722694396973,-10.359621047973633,2.5268642902374268,-0.001971326768398285,-0.17321540415287018,-0.00038015469908714294,40.4263857,-86.9274282,174.903,0.5569999814033508,-0.00800000037997961,-0.3400000035762787,4,12
imu,1777665301.289626,1619291257000,3.662996530532837,-10.308980941772461,2.4695186614990234,-0.21332931518554688,-0.12276438623666763,0.035272788256406784,40.4263857,-86.9274282,174.903,0.5569999814033508,-0.00800000037997961,-0.3400000035762787,4,12
imu,1777665301.2987814,1619301257000,3.6009955406188965,-10.35036563873291,2.420745372772217,-0.5417299866676331,-0.07276997715234756,0.07034443318843842,40.4263857,-86.9274282,174.903,0.5569999814033508,-0.00800000037997961,-0.3400000035762787,4,12
imu,1777665301.3144467,1619311257000,3.593313455581665,-10.172701835632324,2.234891653060913,-0.7466559410095215,-0.0085714440792799,0.07979216426610947,40.4263857,-86.9274282,174.903,0.5569999814033508,-0.00800000037997961,-0.3400000035762787,4,12
imu,1777665301.3177047,1619321257000,3.3777706623077393,-10.059141159057617,2.052414894104004,-0.7024161219596863,0.0599416084587574,0.023884067311882973,40.4263857,-86.9274282,174.903,0.5569999814033508,-0.00800000037997961,-0.3400000035762787,4,12
imu,1777665301.335805,1619331257000,3.237327814102173,-9.895355224609375,2.4748027324676514,-0.38800016045570374,0.07360701262950897,-0.0435698963701725,40.4263857,-86.9274282,174.903,0.5569999814033508,-0.00800000037997961,-0.3400000035762787,4,12
imu,1777665301.3390899,1619341257000,3.3188138008117676,-9.780611038208008,3.41756534576416,0.06871593743562698,0.16168788075447083,-0.15202343463897705,40.4263857,-86.9274282,174.903,0.5569999814033508,-0.00800000037997961,-0.3400000035762787,4,12
imu,1777665301.3485029,1619351257000,3.447993755340576,-9.741939544677734,4.193328857421875,0.5884100198745728,0.30068308115005493,-0.27844756841659546,40.4263857,-86.9274282,174.903,0.5569999814033508,-0.00800000037997961,-0.3400000035762787,4,12
imu,1777665301.3642066,1619361257000,3.7372536659240723,-10.180059432983398,4.395867347717285,0.894225537776947,0.4188305735588074,-0.3982214331626892,40.4263857,-86.9274282,174.903,0.5569999814033508,-0.00800000037997961,-0.3400000035762787,4,12
imu,1777665301.3686705,1619371257000,3.857093095779419,-10.423521041870117,4.841516494750977,0.915749192237854,0.5425772070884705,-0.4710341691970825,40.4263857,-86.9274282,174.903,0.5569999814033508,-0.00800000037997961,-0.3400000035762787,4,12
imu,1777665301.3868573,1619381257000,3.795273780822754,-10.494998931884766,5.18682861328125,0.8449684381484985,0.6380048394203186,-0.4480634927749634,40.4263857,-86.9274282,174.903,0.5569999814033508,-0.00800000037997961,-0.3400000035762787,4,12
imu,1777665301.389189,1619391257000,3.8382558822631836,-10.214022636413574,5.113797664642334,0.61934494972229,0.7486944198608398,-0.40450116991996765,40.4263857,-86.9274282,174.903,0.5569999814033508,-0.00800000037997961,-0.3400000035762787,4,12
imu,1777665301.3980389,1619401257000,3.7287349700927734,-10.045801162719727,4.818281173706055,0.403027206659317,0.8516967296600342,-0.4426094889640808,40.4263857,-86.9274282,174.903,0.5569999814033508,-0.00800000037997961,-0.3400000035762787,4,12
imu,1777665301.4137392,1619411257000,3.4119606018066406,-9.628146171569824,4.316803932189941,0.2896672487258911,0.9069266319274902,-0.46906912326812744,40.4263857,-86.9274282,174.903,0.5569999814033508,-0.00800000037997961,-0.3400000035762787,4,12
imu,1777665301.4182055,1619421257000,3.1693058013916016,-9.399992942810059,3.8878068923950195,0.22399571537971497,0.9832809567451477,-0.5306591987609863,40.4263857,-86.9274282,174.903,0.5569999814033508,-0.00800000037997961,-0.3400000035762787,4,12
imu,1777665301.4361763,1619431257000,2.6379473209381104,-8.957307815551758,3.868894577026367,0.21003839373588562,1.0780922174453735,-0.5994619131088257,40.4263857,-86.9274282,174.903,0.5569999814033508,-0.00800000037997961,-0.3400000035762787,4,12
imu,1777665301.4394176,1619441257000,2.13614821434021,-8.547204971313477,3.6219751834869385,0.2477402687072754,1.1702641248703003,-0.6461663246154785,40.4263857,-86.9274282,174.903,0.5569999814033508,-0.00800000037997961,-0.3400000035762787,4,12
imu,1777665301.4485147,1619451257000,1.7485982179641724,-7.982508182525635,3.273590564727783,0.3016497492790222,1.222976565361023,-0.7006880640983582,40.4263822,-86.9274257,176.333,-0.1120000034570694,-0.18199999630451202,-0.44699999690055847,4,15
imu,1777665301.4641798,1619461257000,1.6337589025497437,-7.956124305725098,2.844944477081299,0.1785404235124588,1.258137822151184,-0.8027128577232361,40.4263822,-86.9274257,176.333,-0.1120000034570694,-0.18199999630451202,-0.44699999690055847,4,15
imu,1777665301.4686043,1619471257000,1.6875535249710083,-8.402846336364746,2.7367305755615234,-0.012389373034238815,1.2759875059127808,-0.8615524768829346,40.4263822,-86.9274257,176.333,-0.1120000034570694,-0.18199999630451202,-0.44699999690055847,4,15
imu,1777665301.4867322,1619481257000,1.7904294729232788,-8.775847434997559,3.0351924896240234,-0.035849567502737045,1.3063969612121582,-0.9035881757736206,40.4263822,-86.9274257,176.333,-0.1120000034570694,-0.18199999630451202,-0.44699999690055847,4,15
imu,1777665301.4888558,1619491257000,1.8167742490768433,-8.755489349365234,3.311108350753784,-0.0004888693802058697,1.3697161674499512,-0.9464064836502075,40.4263822,-86.9274257,176.333,-0.1120000034570694,-0.18199999630451202,-0.44699999690055847,4,15
imu,1777665301.4978704,1619501257000,1.8556774854660034,-8.930413246154785,3.353891372680664,-0.05019597336649895,1.4721653461456299,-0.9705556035041809,40.4263822,-86.9274257,176.333,-0.1120000034570694,-0.18199999630451202,-0.44699999690055847,4,15
imu,1777665301.5145388,1619511257000,1.5996270179748535,-9.10810661315918,3.4216036796569824,-0.17749342322349548,1.575645089149475,-0.9875773191452026,40.4263822,-86.9274257,176.333,-0.1120000034570694,-0.18199999630451202,-0.44699999690055847,4,15
imu,1777665301.5179276,1619521257000,1.2271320819854736,-8.79941177368164,3.3900949954986572,-0.26253190636634827,1.6564133167266846,-0.9548994302749634,40.4263822,-86.9274257,176.333,-0.1120000034570694,-0.18199999630451202,-0.44699999690055847,4,15
imu,1777665301.5356367,1619531257000,1.0222834348678589,-8.473915100097656,3.024533987045288,-0.33270376920700073,1.7094776630401611,-0.93310546875,40.4263822,-86.9274257,176.333,-0.1120000034570694,-0.18199999630451202,-0.44699999690055847,4,15
imu,1777665301.538989,1619541257000,1.0623451471328735,-8.733951568603516,2.879894495010376,-0.4223408102989197,1.7515356540679932,-0.9413310289382935,40.4263822,-86.9274257,176.333,-0.1120000034570694,-0.18199999630451202,-0.44699999690055847,4,15
imu,1777665301.5478787,1619551257000,1.0486234426498413,-9.067556381225586,2.9972174167633057,-0.502109944820404,1.8140124082565308,-0.9380565881729126,40.4263822,-86.9274257,176.333,-0.1120000034570694,-0.18199999630451202,-0.44699999690055847,4,15
imu,1777665301.5637147,1619561257000,1.0888534784317017,-9.006582260131836,2.887751579284668,-0.5303937196731567,1.8774733543395996,-0.9297567009925842,40.4263822,-86.9274257,176.333,-0.1120000034570694,-0.18199999630451202,-0.44699999690055847,4,15
imu,1777665301.5686343,1619571257000,1.2388521432876587,-9.2406005859375,2.639407157897949,-0.5789505243301392,1.89961576461792,-0.9290933012962341,40.4263822,-86.9274257,176.333,-0.1120000034570694,-0.18199999630451202,-0.44699999690055847,4,15
imu,1777665301.5863118,1619581257000,1.3098005056381226,-9.625873565673828,2.6652588844299316,-0.6815639734268188,1.9288947582244873,-0.944577693939209,40.4263822,-86.9274257,176.333,-0.1120000034570694,-0.18199999630451202,-0.44699999690055847,4,15
imu,1777665301.588561,1619591257000,1.3616200685501099,-9.560293197631836,2.589106321334839,-0.7037993669509888,1.9751884937286377,-0.9224873781204224,40.4263822,-86.9274257,176.333,-0.1120000034570694,-0.18199999630451202,-0.44699999690055847,4,15
imu,1777665301.5986502,1619601257000,1.319980502128601,-9.214408874511719,2.3648765087127686,-0.6405127644538879,2.019233465194702,-0.8940639495849609,40.4263822,-86.9274257,176.333,-0.1120000034570694,-0.18199999630451202,-0.44699999690055847,4,15
imu,1777665301.614248,1619611257000,1.3708305358886719,-8.996772766113281,2.1756319999694824,-0.5557608008384705,2.024562358856201,-0.8846961855888367,40.4263822,-86.9274257,176.333,-0.1120000034570694,-0.18199999630451202,-0.44699999690055847,4,15
imu,1777665301.6185138,1619621256000,1.4171082973480225,-8.811811447143555,2.4540085792541504,-0.47268199920654297,2.034977436065674,-0.9216623902320862,40.4263822,-86.9274257,176.333,-0.1120000034570694,-0.18199999630451202,-0.44699999690055847,4,15
imu,1777665301.6363003,1619631257000,1.4324895143508911,-8.315261840820312,2.6994850635528564,-0.3350949287414551,2.0786287784576416,-0.9764700531959534,40.4263822,-86.9274257,176.333,-0.1120000034570694,-0.18199999630451202,-0.44699999690055847,4,15
imu,1777665301.6385455,1619641257000,1.315187931060791,-7.998194694519043,2.5322837829589844,-0.18029963970184326,2.1183786392211914,-1.0548179149627686,40.4263822,-86.9274257,176.333,-0.1120000034570694,-0.18199999630451202,-0.44699999690055847,4,15
imu,1777665301.6486135,1619651257000,1.5235275030136108,-8.608006477355957,2.274949312210083,-0.10739050805568695,2.1029093265533447,-1.1464078426361084,40.4263826,-86.9274263,176.316,0.29100000858306885,-0.5059999823570251,0.3499999940395355,4,11
imu,1777665301.664253,1619661257000,1.809011697769165,-9.426362037658691,2.33280348777771,-0.08997352421283722,2.05348801612854,-1.2480238676071167,40.4263826,-86.9274263,176.316,0.29100000858306885,-0.5059999823570251,0.3499999940395355,4,11
imu,1777665301.6675336,1619671257000,1.699610948562622,-9.101819038391113,2.747363805770874,-0.07654870301485062,2.0494027137756348,-1.258049726486206,40.4263826,-86.9274263,176.316,0.29100000858306885,-0.5059999823570251,0.3499999940395355,4,11
imu,1777665301.6864567,1619681257000,1.7813975811004639,-9.052695274353027,2.703831195831299,-0.030668005347251892,2.053722381591797,-1.2557976245880127,40.4263826,-86.9274263,176.316,0.29100000858306885,-0.5059999823570251,0.3499999940395355,4,11
imu,1777665301.688791,1619691257000,1.8628207445144653,-9.609679222106934,2.493222236633301,-0.03515804558992386,2.0196197032928467,-1.254245638847351,40.4263826,-86.9274263,176.316,0.29100000858306885,-0.5059999823570251,0.3499999940395355,4,11
imu,1777665301.6977363,1619701257000,2.066800117492676,-10.076081275939941,2.4826767444610596,-0.06800086051225662,1.9629075527191162,-1.2408013343811035,40.4263826,-86.9274263,176.316,0.29100000858306885,-0.5059999823570251,0.3499999940395355,4,11
imu,1777665301.714466,1619711257000,2.072208881378174,-10.295356750488281,2.703321695327759,-0.08372630178928375,1.9369227886199951,-1.2329095602035522,40.4263826,-86.9274263,176.316,0.29100000858306885,-0.5059999823570251,0.3499999940395355,4,11
imu,1777665301.7177567,1619721257000,1.8919508457183838,-10.857451438903809,2.6444520950317383,-0.1602775901556015,1.897326111793518,-1.1688708066940308,40.4263826,-86.9274263,176.316,0.29100000858306885,-0.5059999823570251,0.3499999940395355,4,11
imu,1777665301.7356818,1619731257000,1.7107974290847778,-11.532999038696289,2.364856004714966,-0.48501384258270264,1.8042749166488647,-1.0286363363265991,40.4263826,-86.9274263,176.316,0.29100000858306885,-0.5059999823570251,0.3499999940395355,4,11
imu,1777665301.7389438,1619741257000,1.610819935798645,-11.674662590026855,2.279719114303589,-0.9809087514877319,1.658772349357605,-0.8041398525238037,40.4263826,-86.9274263,176.316,0.29100000858306885,-0.5059999823570251,0.3499999940395355,4,11
imu,1777665301.7478282,1619751257000,1.4023895263671875,-11.567733764648438,2.524153709411621,-1.4622418880462646,1.565297245979309,-0.5322492122650146,40.4263826,-86.9274263,176.316,0.29100000858306885,-0.5059999823570251,0.3499999940395355,4,11
imu,1777665301.7637432,1619761257000,0.99491286277771,-10.649831771850586,2.6534616947174072,-1.7244606018066406,1.4964009523391724,-0.2847624719142914,40.4263826,-86.9274263,176.316,0.29100000858306885,-0.5059999823570251,0.3499999940395355,4,11
imu,1777665301.7681267,1619771257000,0.694534957408905,-9.728492736816406,2.4791643619537354,-1.7978222370147705,1.436401128768921,-0.14572358131408691,40.4263826,-86.9274263,176.316,0.29100000858306885,-0.5059999823570251,0.3499999940395355,4,11
imu,1777665301.7860985,1619781257000,0.5795456171035767,-8.934900283813477,2.44464373588562,-1.7285792827606201,1.393351435661316,-0.13658156991004944,40.4263826,-86.9274263,176.316,0.29100000858306885,-0.5059999823570251,0.3499999940395355,4,11
imu,1777665301.789497,1619791257000,0.48628753423690796,-8.6808443069458,2.573176622390747,-1.3803120851516724,1.4214738607406616,-0.1832396686077118,40.4263826,-86.9274263,176.316,0.29100000858306885,-0.5059999823570251,0.3499999940395355,4,11
imu,1777665301.798493,1619801257000,0.5195934772491455,-9.184357643127441,2.2229764461517334,-0.8326722383499146,1.478233814239502,-0.21832309663295746,40.4263826,-86.9274263,176.316,0.29100000858306885,-0.5059999823570251,0.3499999940395355,4,11
imu,1777665301.8145037,1619811257000,0.5010601282119751,-9.969339370727539,1.4046308994293213,-0.6013898253440857,1.4797321557998657,-0.24230164289474487,40.4263826,-86.9274263,176.316,0.29100000858306885,-0.5059999823570251,0.3499999940395355,4,11
imu,1777665301.8176937,1619821257000,0.447971373796463,-10.888778686523438,0.7567249536514282,-0.777816116809845,1.4082136154174805,-0.2293543666601181,40.4263826,-86.9274263,176.316,0.29100000858306885,-0.5059999823570251,0.3499999940395355,4,11
imu,1777665301.8357208,1619831257000,0.3312923312187195,-11.496880531311035,0.6579755544662476,-1.019473671913147,1.3106541633605957,-0.11386299878358841,40.4263826,-86.9274263,176.316,0.29100000858306885,-0.5059999823570251,0.3499999940395355,4,11
imu,1777665301.8390222,1619841257000,-0.08414478600025177,-11.004721641540527,0.6381785869598389,-1.1767791509628296,1.2180761098861694,0.02170947752892971,40.4263826,-86.9274263,176.316,0.29100000858306885,-0.5059999823570251,0.3499999940395355,4,11
imu,1777665301.8480341,1619851257000,-0.34055382013320923,-10.642074584960938,0.19251033663749695,-1.3663921356201172,1.158065915107727,0.05955125391483307,40.4263809,-86.9274267,176.657,-0.7730000019073486,-0.5379999876022339,0.33500000834465027,4,15
imu,1777665301.8636115,1619861257000,-0.3244968056678772,-11.250751495361328,-0.14624761044979095,-1.5463310480117798,1.0897318124771118,0.07952262461185455,40.4263809,-86.9274267,176.657,-0.7730000019073486,-0.5379999876022339,0.33500000834465027,4,15
imu,1777665301.86818,1619871257000,-0.3877840042114258,-11.082378387451172,-0.19064323604106903,-1.6395370960235596,1.0085428953170776,0.14654988050460815,40.4263809,-86.9274267,176.657,-0.7730000019073486,-0.5379999876022339,0.33500000834465027,4,15
imu,1777665301.886019,1619881257000,-0.40296563506126404,-10.66732120513916,-0.18618232011795044,-1.6176601648330688,0.9830210208892822,0.19438421726226807,40.4263809,-86.9274267,176.657,-0.7730000019073486,-0.5379999876022339,0.33500000834465027,4,15
imu,1777665301.8894374,1619891257000,-0.19247901439666748,-11.010242462158203,-0.48932164907455444,-1.429274559020996,0.994586169719696,0.21257831156253815,40.4263809,-86.9274267,176.657,-0.7730000019073486,-0.5379999876022339,0.33500000834465027,4,15
imu,1777665301.8981607,1619901257000,-0.10086502134799957,-10.634136199951172,-0.594014048576355,-1.2130283117294312,1.0212897062301636,0.16900713741779327,40.4263809,-86.9274267,176.657,-0.7730000019073486,-0.5379999876022339,0.33500000834465027,4,15
imu,1777665301.9139931,1619911257000,-0.09914831817150116,-10.326446533203125,-1.0854008197784424,-0.9808622002601624,1.0697789192199707,0.046153243631124496,40.4263809,-86.9274267,176.657,-0.7730000019073486,-0.5379999876022339,0.33500000834465027,4,15
imu,1777665301.9185684,1619921257000,0.23303280770778656,-11.461465835571289,-1.8029626607894897,-0.7599161863327026,1.1033414602279663,-0.021661072969436646,40.4263809,-86.9274267,176.657,-0.7730000019073486,-0.5379999876022339,0.33500000834465027,4,15
imu,1777665301.9364173,1619931257000,0.1818792074918747,-12.234992027282715,-2.249337911605835,-0.5456600785255432,1.0603420734405518,0.08570368587970734,40.4263809,-86.9274267,176.657,-0.7730000019073486,-0.5379999876022339,0.33500000834465027,4,15
imu,1777665301.938491,1619941257000,0.22173266112804413,-12.656149864196777,-2.8021862506866455,-0.5391956567764282,0.9428711533546448,0.2638823986053467,40.4263809,-86.9274267,176.657,-0.7730000019073486,-0.5379999876022339,0.33500000834465027,4,15
imu,1777665301.9487057,1619951257000,0.2395305186510086,-12.44189167022705,-3.193087339401245,-0.8267034292221069,0.8209225535392761,0.4266321659088135,40.4263809,-86.9274267,176.657,-0.7730000019073486,-0.5379999876022339,0.33500000834465027,4,15
imu,1777665301.9642868,1619961257000,0.362369179725647,-12.26596450805664,-3.2994186878204346,-1.2149217128753662,0.7341630458831787,0.4900445342063904,40.4263809,-86.9274267,176.657,-0.7730000019073486,-0.5379999876022339,0.33500000834465027,4,15
imu,1777665301.967727,1619971257000,0.3282983601093292,-11.192699432373047,-3.1273844242095947,-1.279171109199524,0.693699061870575,0.46312639117240906,40.4263809,-86.9274267,176.657,-0.7730000019073486,-0.5379999876022339,0.33500000834465027,4,15
imu,1777665301.985669,1619981257000,0.6816056370735168,-10.766841888427734,-3.517878770828247,-0.9131317138671875,0.7380886077880859,0.35067877173423767,40.4263809,-86.9274267,176.657,-0.7730000019073486,-0.5379999876022339,0.33500000834465027,4,15
imu,1777665301.9890623,1619991257000,0.8766952157020569,-11.293313026428223,-4.10532808303833,-0.3169185221195221,0.7802243232727051,0.23389111459255219,40.4263809,-86.9274267,176.657,-0.7730000019073486,-0.5379999876022339,0.33500000834465027,4,15
imu,1777665301.9980876,1620001257000,0.9823013544082642,-12.424678802490234,-5.122537612915039,0.18008427321910858,0.6969605684280396,0.22500328719615936,40.4263809,-86.9274267,176.657,-0.7730000019073486,-0.5379999876022339,0.33500000834465027,4,15
imu,1777665302.013663,1620011257000,0.9339803457260132,-12.201642990112305,-5.366221904754639,0.34450939297676086,0.5631992220878601,0.22250713407993317,40.4263809,-86.9274267,176.657,-0.7730000019073486,-0.5379999876022339,0.33500000834465027,4,15
imu,1777665302.0180528,1620021257000,0.9684120416641235,-12.528983116149902,-5.2232184410095215,0.27428653836250305,0.4339243173599243,0.25332993268966675,40.4263809,-86.9274267,176.657,-0.7730000019073486,-0.5379999876022339,0.33500000834465027,4,15
imu,1777665302.036219,1620031256000,1.039609670639038,-12.67041301727295,-5.154672145843506,0.054263487458229065,0.3369227349758148,0.31294795870780945,40.4263809,-86.9274267,176.657,-0.7730000019073486,-0.5379999876022339,0.33500000834465027,4,15
imu,1777665302.0395417,1620041257000,1.1065099239349365,-12.462775230407715,-5.4312872886657715,-0.22405366599559784,0.22439654171466827,0.373129665851593,40.4263809,-86.9274267,176.657,-0.7730000019073486,-0.5379999876022339,0.33500000834465027,4,15
imu,1777665302.048337,1620051257000,1.393651008605957,-12.591096878051758,-5.648760795593262,-0.4728814363479614,0.12685340642929077,0.47834160923957825,40.426379399999995,-86.92742659999999,176.735,-0.7450000047683716,0.007000000216066837,-0.25200000405311584,4,11
imu,1777665302.0640728,1620061257000,1.7311240434646606,-11.917407989501953,-5.8815741539001465,-0.3478103280067444,0.048932626843452454,0.590815544128418,40.426379399999995,-86.92742659999999,176.735,-0.7450000047683716,0.007000000216066837,-0.25200000405311584,4,11
imu,1777665302.0686085,1620071257000,1.7653268575668335,-11.194809913635254,-6.430315971374512,0.06701686978340149,-0.016073517501354218,0.5744034051895142,40.426379399999995,-86.92742659999999,176.735,-0.7450000047683716,0.007000000216066837,-0.25200000405311584,4,11
imu,1777665302.0863454,1620081257000,1.7763413190841675,-10.803232192993164,-6.858177661895752,0.5100733041763306,-0.12684085965156555,0.45742547512054443,40.426379399999995,-86.92742659999999,176.735,-0.7450000047683716,0.007000000216066837,-0.25200000405311584,4,11
imu,1777665302.0886633,1620091257000,1.8244845867156982,-10.870649337768555,-6.724053382873535,0.8215685486793518,-0.27433615922927856,0.3079224228858948,40.426379399999995,-86.92742659999999,176.735,-0.7450000047683716,0.007000000216066837,-0.25200000405311584,4,11
imu,1777665302.0976677,1620101257000,1.811403512954712,-11.052160263061523,-6.157321929931641,1.0523297786712646,-0.3971584439277649,0.2343435138463974,40.426379399999995,-86.92742659999999,176.735,-0.7450000047683716,0.007000000216066837,-0.25200000405311584,4,11
imu,1777665302.1145198,1620111257000,1.9418940544128418,-11.164661407470703,-5.895356178283691,1.1243029832839966,-0.4959065020084381,0.25118473172187805,40.426379399999995,-86.92742659999999,176.735,-0.7450000047683716,0.007000000216066837,-0.25200000405311584,4,11
imu,1777665302.1177177,1620121257000,1.9450229406356812,-11.126248359680176,-5.517963409423828,1.0537054538726807,-0.618350088596344,0.32575854659080505,40.426379399999995,-86.92742659999999,176.735,-0.7450000047683716,0.007000000216066837,-0.25200000405311584,4,11
imu,1777665302.1357467,1620131257000,2.0239269733428955,-10.608531951904297,-4.934643268585205,0.9229767918586731,-0.7471219301223755,0.3754539489746094,40.426379399999995,-86.92742659999999,176.735,-0.7450000047683716,0.007000000216066837,-0.25200000405311584,4,11
imu,1777665302.1388915,1620141257000,2.2345597743988037,-10.308206558227539,-4.232763767242432,0.8082280158996582,-0.8142509460449219,0.3826235830783844,40.426379399999995,-86.92742659999999,176.735,-0.7450000047683716,0.007000000216066837,-0.25200000405311584,4,11
imu,1777665302.1476784,1620151257000,2.3153159618377686,-10.31672191619873,-3.55401873588562,0.8159807920455933,-0.8206579089164734,0.4050512909889221,40.426379399999995,-86.92742659999999,176.735,-0.7450000047683716,0.007000000216066837,-0.25200000405311584,4,11
imu,1777665302.163371,1620161257000,2.361971616744995,-9.691123962402344,-3.255425214767456,0.9218112826347351,-0.8376830816268921,0.41017812490463257,40.426379399999995,-86.92742659999999,176.735,-0.7450000047683716,0.007000000216066837,-0.25200000405311584,4,11
imu,1777665302.1678984,1620171257000,2.614145040512085,-9.783723831176758,-3.1692399978637695,1.0562161207199097,-0.8360258936882019,0.37400832772254944,40.426379399999995,-86.92742659999999,176.735,-0.7450000047683716,0.007000000216066837,-0.25200000405311584,4,11
imu,1777665302.1857321,1620181257000,2.658602476119995,-9.942209243774414,-3.349421262741089,1.1590174436569214,-0.8830432295799255,0.36570292711257935,40.426379399999995,-86.92742659999999,176.735,-0.7450000047683716,0.007000000216066837,-0.25200000405311584,4,11
imu,1777665302.1901593,1620191257000,2.9758005142211914,-9.779191970825195,-3.442291498184204,1.1650283336639404,-0.9732498526573181,0.3754816949367523,40.426379399999995,-86.92742659999999,176.735,-0.7450000047683716,0.007000000216066837,-0.25200000405311584,4,11
imu,1777665302.1979134,1620201257000,2.8182337284088135,-9.27100944519043,-2.8484725952148438,1.2436285018920898,-1.0357328653335571,0.30654463171958923,40.426379399999995,-86.92742659999999,176.735,-0.7450000047683716,0.007000000216066837,-0.25200000405311584,4,11
imu,1777665302.2135742,1620211257000,2.947842836380005,-9.42325496673584,-2.45651912689209,1.2686924934387207,-1.0265754461288452,0.3034755289554596,40.426379399999995,-86.92742659999999,176.735,-0.7450000047683716,0.007000000216066837,-0.25200000405311584,4,11
imu,1777665302.2178996,1620221257000,3.1301112174987793,-9.297567367553711,-2.221259593963623,1.2892138957977295,-1.0343124866485596,0.288587749004364,40.426379399999995,-86.92742659999999,176.735,-0.7450000047683716,0.007000000216066837,-0.25200000405311584,4,11
imu,1777665302.2361295,1620231257000,3.2193686962127686,-9.585948944091797,-2.048466682434082,1.2773700952529907,-1.0008295774459839,0.32453474402427673,40.426379399999995,-86.92742659999999,176.735,-0.7450000047683716,0.007000000216066837,-0.25200000405311584,4,11
imu,1777665302.2395606,1620241256000,3.6201589107513428,-9.510747909545898,-2.148792028427124,1.29961097240448,-0.9895910024642944,0.38897904753685,40.426379399999995,-86.92742659999999,176.735,-0.7450000047683716,0.007000000216066837,-0.25200000405311584,4,11
imu,1777665302.250712,1620251257000,3.7042551040649414,-9.032193183898926,-2.180424451828003,1.2921745777130127,-0.9968240261077881,0.38852617144584656,40.426379499999996,-86.9274262,176.393,0.3160000145435333,0.9660000205039978,0.6639999747276306,4,11
imu,1777665302.2673447,1620261257000,3.8153653144836426,-8.99221134185791,-2.381873846054077,1.2345809936523438,-1.0177273750305176,0.3869244158267975,40.426379499999996,-86.9274262,176.393,0.3160000145435333,0.9660000205039978,0.6639999747276306,4,11
imu,1777665302.2695565,1620271257000,3.873303174972534,-8.740385055541992,-2.240370512008667,1.2073345184326172,-1.0702875852584839,0.38458749651908875,40.426379499999996,-86.9274262,176.393,0.3160000145435333,0.9660000205039978,0.6639999747276306,4,11
imu,1777665302.286293,1620281257000,4.0766282081604,-8.784403800964355,-2.0318551063537598,1.1599129438400269,-1.0765573978424072,0.38970914483070374,40.426379499999996,-86.9274262,176.393,0.3160000145435333,0.9660000205039978,0.6639999747276306,4,11
imu,1777665302.2896638,1620291257000,4.1485748291015625,-8.840688705444336,-1.9071452617645264,1.067711353302002,-1.083649754524231,0.4338739812374115,40.426379499999996,-86.9274262,176.393,0.3160000145435333,0.9660000205039978,0.6639999747276306,4,11
imu,1777665302.2972887,1620301257000,4.092921257019043,-8.746146202087402,-1.8479646444320679,0.9392205476760864,-1.1129679679870605,0.4998711049556732,40.426379499999996,-86.9274262,176.393,0.3160000145435333,0.9660000205039978,0.6639999747276306,4,11
imu,1777665302.3140702,1620311257000,4.089634895324707,-8.371443748474121,-1.7172049283981323,0.8153721690177917,-1.1620218753814697,0.5341698527336121,40.426379499999996,-86.9274262,176.393,0.3160000145435333,0.9660000205039978,0.6639999747276306,4,11
imu,1777665302.3174615,1620321257000,4.224886417388916,-8.007068634033203,-1.3694225549697876,0.7755197286605835,-1.2099636793136597,0.5308026671409607,40.426379499999996,-86.9274262,176.393,0.3160000145435333,0.9660000205039978,0.6639999747276306,4,11
imu,1777665302.3363595,1620331257000,4.4255218505859375,-7.648629188537598,-1.058165431022644,0.8184346556663513,-1.2171550989151,0.4827902913093567,40.426379499999996,-86.9274262,176.393,0.3160000145435333,0.9660000205039978,0.6639999747276306,4,11
imu,1777665302.33968,1620341257000,4.731741905212402,-7.669405937194824,-1.0101145505905151,0.8778709173202515,-1.2067008018493652,0.43087613582611084,40.426379499999996,-86.9274262,176.393,0.3160000145435333,0.9660000205039978,0.6639999747276306,4,11
imu,1777665302.3473656,1620351257000,4.990696907043457,-7.8388495445251465,-1.0633817911148071,0.9539535045623779,-1.2033418416976929,0.42161324620246887,40.426379499999996,-86.9274262,176.393,0.3160000145435333,0.9660000205039978,0.6639999747276306,4,11
imu,1777665302.3641176,1620361257000,5.332358360290527,-8.29471206665039,-1.1538523435592651,0.9622279405593872,-1.180534839630127,0.45743894577026367,40.426379499999996,-86.9274262,176.393,0.3160000145435333,0.9660000205039978,0.6639999747276306,4,11
imu,1777665302.3674614,1620371257000,5.280649185180664,-8.323593139648438,-1.1165499687194824,0.8522733449935913,-1.1566401720046997,0.5207220911979675,40.426379499999996,-86.9274262,176.393,0.3160000145435333,0.9660000205039978,0.6639999747276306,4,11
imu,1777665302.3854766,1620381257000,5.429755687713623,-8.648470878601074,-1.7177428007125854,0.6141040921211243,-1.1937519311904907,0.5976163148880005,40.426379499999996,-86.9274262,176.393,0.3160000145435333,0.9660000205039978,0.6639999747276306,4,11
imu,1777665302.389854,1620391257000,5.620547771453857,-8.291845321655273,-1.867181420326233,0.3066490590572357,-1.2595535516738892,0.6459876894950867,40.426379499999996,-86.9274262,176.393,0.3160000145435333,0.9660000205039978,0.6639999747276306,4,11
imu,1777665302.3978238,1620401257000,5.9173903465271,-8.046782493591309,-1.8580862283706665,0.1216864362359047,-1.2921026945114136,0.6480531096458435,40.426379499999996,-86.9274262,176.393,0.3160000145435333,0.9660000205039978,0.6639999747276306,4,11
imu,1777665302.4134462,1620411257000,6.158801078796387,-8.203645706176758,-2.0331287384033203,0.1276579648256302,-1.3006596565246582,0.6531537771224976,40.426379499999996,-86.9274262,176.393,0.3160000145435333,0.9660000205039978,0.6639999747276306,4,11
imu,1777665302.4178162,1620421257000,6.293514251708984,-7.950106143951416,-2.0807254314422607,0.2839641273021698,-1.3192750215530396,0.6315197944641113,40.426379499999996,-86.9274262,176.393,0.3160000145435333,0.9660000205039978,0.6639999747276306,4,11
imu,1777665302.4358504,1620431257000,6.334170341491699,-7.9758782386779785,-2.091508150100708,0.42383435368537903,-1.3366937637329102,0.6015959978103638,40.426379499999996,-86.9274262,176.393,0.3160000145435333,0.9660000205039978,0.6639999747276306,4,11
imu,1777665302.4401605,1620441257000,6.501009464263916,-8.273269653320312,-2.080977201461792,0.43008673191070557,-1.3667320013046265,0.5962138175964355,40.426379499999996,-86.9274262,176.393,0.3160000145435333,0.9660000205039978,0.6639999747276306,4,11
imu,1777665302.4478807,1620451257000,6.447263240814209,-8.11882495880127,-1.762792944908142,0.3902060091495514,-1.399977684020996,0.6042565107345581,40.426379999999995,-86.9274238,176.355,0.24300000071525574,1.090999960899353,0.19300000369548798,4,13
imu,1777665302.4636512,1620461257000,6.328883171081543,-7.752680778503418,-1.2545377016067505,0.28805965185165405,-1.42202889919281,0.6602540016174316,40.426379999999995,-86.9274238,176.355,0.24300000071525574,1.090999960899353,0.19300000369548798,4,13
imu,1777665302.4680388,1620471257000,6.481626510620117,-7.832581043243408,-0.8509608507156372,0.06529559940099716,-1.4332568645477295,0.727267861366272,40.426379999999995,-86.9274238,176.355,0.24300000071525574,1.090999960899353,0.19300000369548798,4,13
imu,1777665302.485841,1620481257000,6.682466506958008,-7.839244842529297,-0.5036086440086365,-0.19495564699172974,-1.436174750328064,0.7883363366127014,40.426379999999995,-86.9274238,176.355,0.24300000071525574,1.090999960899353,0.19300000369548798,4,13
imu,1777665302.4902632,1620491257000,6.648286819458008,-7.461663246154785,-0.13879521191120148,-0.3526774048805237,-1.4046381711959839,0.818962037563324,40.426379999999995,-86.9274238,176.355,0.24300000071525574,1.090999960899353,0.19300000369548798,4,13
imu,1777665302.498024,1620501257000,6.770170211791992,-7.197063446044922,0.10914985835552216,-0.46080780029296875,-1.3537728786468506,0.8103771209716797,40.426379999999995,-86.9274238,176.355,0.24300000071525574,1.090999960899353,0.19300000369548798,4,13
imu,1777665302.5138023,1620511257000,6.592923164367676,-7.278998374938965,0.4036666750907898,-0.5656659007072449,-1.3029550313949585,0.826087474822998,40.426379999999995,-86.9274238,176.355,0.24300000071525574,1.090999960899353,0.19300000369548798,4,13
imu,1777665302.5180812,1620521257000,6.6356635093688965,-7.64027738571167,0.7533695101737976,-0.6779990792274475,-1.2786048650741577,0.8220732808113098,40.426379999999995,-86.9274238,176.355,0.24300000071525574,1.090999960899353,0.19300000369548798,4,13
imu,1777665302.5360196,1620531257000,6.3933515548706055,-7.807392597198486,1.1923737525939941,-0.8095716834068298,-1.252099871635437,0.8357271552085876,40.426379999999995,-86.9274238,176.355,0.24300000071525574,1.090999960899353,0.19300000369548798,4,13
imu,1777665302.5393307,1620541257000,6.245504379272461,-7.667752742767334,1.5707746744155884,-1.0002360343933105,-1.2154353857040405,0.8418395519256592,40.426379999999995,-86.9274238,176.355,0.24300000071525574,1.090999960899353,0.19300000369548798,4,13
imu,1777665302.5482268,1620551257000,6.053574562072754,-7.529993057250977,1.4498522281646729,-1.2747162580490112,-1.150024652481079,0.8753960132598877,40.426379999999995,-86.9274238,176.355,0.24300000071525574,1.090999960899353,0.19300000369548798,4,13
imu,1777665302.5638175,1620561257000,5.612836837768555,-6.955692291259766,1.2919154167175293,-1.490729808807373,-1.1309635639190674,0.898032009601593,40.426379999999995,-86.9274238,176.355,0.24300000071525574,1.090999960899353,0.19300000369548798,4,13
imu,1777665302.567507,1620571257000,5.552825927734375,-6.697632312774658,0.6970760822296143,-1.6499091386795044,-1.1254217624664307,0.8164180517196655,40.426379999999995,-86.9274238,176.355,0.24300000071525574,1.090999960899353,0.19300000369548798,4,13
imu,1777665302.5854967,1620581257000,5.516461372375488,-6.99269437789917,0.48546940088272095,-1.8216238021850586,-1.1110299825668335,0.69492506980896,40.426379999999995,-86.9274238,176.355,0.24300000071525574,1.090999960899353,0.19300000369548798,4,13
imu,1777665302.5898128,1620591257000,5.304771423339844,-7.192142009735107,0.40463489294052124,-1.8158365488052368,-1.1098957061767578,0.5921431183815002,40.426379999999995,-86.9274238,176.355,0.24300000071525574,1.090999960899353,0.19300000369548798,4,13
imu,1777665302.5976398,1620601257000,5.261396884918213,-7.62516975402832,-0.2308999001979828,-1.7362713813781738,-1.144272804260254,0.5199264883995056,40.426379999999995,-86.9274238,176.355,0.24300000071525574,1.090999960899353,0.19300000369548798,4,13
imu,1777665302.6133077,1620611257000,5.263883590698242,-7.964720249176025,-0.4798564314842224,-1.7586288452148438,-1.1715279817581177,0.47671422362327576,40.426379999999995,-86.9274238,176.355,0.24300000071525574,1.090999960899353,0.19300000369548798,4,13
imu,1777665302.6178045,1620621257000,5.3928728103637695,-7.935457706451416,-0.5328105092048645,-1.701784610748291,-1.219655156135559,0.4138254225254059,40.426379999999995,-86.9274238,176.355,0.24300000071525574,1.090999960899353,0.19300000369548798,4,13
imu,1777665302.635826,1620631257000,5.768826961517334,-8.13232135772705,-0.07331784069538116,-1.6543395519256592,-1.2300951480865479,0.36824271082878113,40.426379999999995,-86.9274238,176.355,0.24300000071525574,1.090999960899353,0.19300000369548798,4,13
imu,1777665302.640395,1620641257000,5.904326915740967,-8.244036674499512,0.8444399833679199,-1.6803065538406372,-1.140831708908081,0.33262306451797485,40.426379999999995,-86.9274238,176.355,0.24300000071525574,1.090999960899353,0.19300000369548798,4,13
imu,1777665302.648269,1620651257000,6.037875175476074,-7.781966209411621,1.123775601387024,-1.711055874824524,-1.0404508113861084,0.27504217624664307,40.4263798,-86.9274216,176.58700000000002,0.05299999937415123,0.4180000126361847,0.5860000252723694,4,15
imu,1777665302.6640086,1620661257000,6.196854591369629,-8.40206241607666,0.6929981112480164,-2.001126766204834,-0.9622754454612732,0.16544847190380096,40.4263798,-86.9274216,176.58700000000002,0.05299999937415123,0.4180000126361847,0.5860000252723694,4,15
imu,1777665302.6685069,1620671257000,5.621845245361328,-8.809679985046387,-0.19005388021469116,-2.6412887573242188,-0.929034411907196,0.12764909863471985,40.4263798,-86.9274216,176.58700000000002,0.05299999937415123,0.4180000126361847,0.5860000252723694,4,15
imu,1777665302.6864464,1620681257000,4.976366996765137,-8.371502876281738,-1.1428557634353638,-3.3317832946777344,-1.0102672576904297,0.12709935009479523,40.4263798,-86.9274216,176.58700000000002,0.05299999937415123,0.4180000126361847,0.5860000252723694,4,15
imu,1777665302.6897807,1620691257000,4.52215051651001,-7.415284156799316,-1.6966545581817627,-3.745511293411255,-1.134068489074707,0.06798550486564636,40.4263798,-86.9274216,176.58700000000002,0.05299999937415123,0.4180000126361847,0.5860000252723694,4,15
imu,1777665302.6976085,1620701257000,4.198239326477051,-6.6551337242126465,-2.058978319168091,-3.858980655670166,-1.2302318811416626,-0.09084419161081314,40.4263798,-86.9274216,176.58700000000002,0.05299999937415123,0.4180000126361847,0.5860000252723694,4,15
imu,1777665302.7134087,1620711257000,4.585278034210205,-7.264096260070801,-1.2782337665557861,-3.5313210487365723,-1.2599613666534424,-0.13384969532489777,40.4263798,-86.9274216,176.58700000000002,0.05299999937415123,0.4180000126361847,0.5860000252723694,4,15
imu,1777665302.7177951,1620721257000,5.415609836578369,-9.144245147705078,0.31723642349243164,-3.019498825073242,-1.1712552309036255,-0.34876778721809387,40.4263798,-86.9274216,176.58700000000002,0.05299999937415123,0.4180000126361847,0.5860000252723694,4,15
imu,1777665302.735597,1620731257000,5.694889545440674,-10.907050132751465,1.5417875051498413,-2.6890475749969482,-1.0305471420288086,-0.4013309180736542,40.4263798,-86.9274216,176.58700000000002,0.05299999937415123,0.4180000126361847,0.5860000252723694,4,15
imu,1777665302.7401903,1620741257000,6.0868635177612305,-11.686262130737305,1.8944889307022095,-2.7361392974853516,-0.9412961602210999,-0.4716424345970154,40.4263798,-86.9274216,176.58700000000002,0.05299999937415123,0.4180000126361847,0.5860000252723694,4,15
imu,1777665302.7480826,1620751257000,5.983027458190918,-12.288311004638672,1.8270448446273804,-3.1987197399139404,-0.855407178401947,-0.4761589467525482,40.4263798,-86.9274216,176.58700000000002,0.05299999937415123,0.4180000126361847,0.5860000252723694,4,15
imu,1777665302.7636645,1620761257000,5.763019561767578,-12.353105545043945,1.696224331855774,-3.8142380714416504,-0.7729884386062622,-0.4636397957801819,40.4263798,-86.9274216,176.58700000000002,0.05299999937415123,0.4180000126361847,0.5860000252723694,4,15
imu,1777665302.7681115,1620771257000,5.548757553100586,-11.86518669128418,1.0224837064743042,-4.379278659820557,-0.6826573610305786,-0.3741289973258972,40.4263798,-86.9274216,176.58700000000002,0.05299999937415123,0.4180000126361847,0.5860000252723694,4,15
imu,1777665302.7861354,1620781257000,5.067514419555664,-10.676596641540527,-0.7274162173271179,-4.744754314422607,-0.5936397314071655,-0.31311628222465515,40.4263798,-86.9274216,176.58700000000002,0.05299999937415123,0.4180000126361847,0.5860000252723694,4,15
imu,1777665302.7895298,1620791257000,4.521980285644531,-9.362847328186035,-2.721450090408325,-4.881818771362305,-0.6274381279945374,-0.30463919043540955,40.4263798,-86.9274216,176.58700000000002,0.05299999937415123,0.4180000126361847,0.5860000252723694,4,15
imu,1777665302.7971795,1620801257000,4.357284069061279,-8.662954330444336,-3.862933397293091,-4.9182844161987305,-0.6618223190307617,-0.3837948441505432,40.4263798,-86.9274216,176.58700000000002,0.05299999937415123,0.4180000126361847,0.5860000252723694,4,15
imu,1777665302.8141103,1620811257000,3.970714569091797,-8.676301002502441,-3.9867913722991943,-4.7659687995910645,-0.6917951107025146,-0.49157485365867615,40.4263798,-86.9274216,176.58700000000002,0.05299999937415123,0.4180000126361847,0.5860000252723694,4,15
imu,1777665302.8175037,1620821257000,4.25840425491333,-9.430144309997559,-4.0061564445495605,-4.490174293518066,-0.7582667469978333,-0.5931630730628967,40.4263798,-86.9274216,176.58700000000002,0.05299999937415123,0.4180000126361847,0.5860000252723694,4,15
imu,1777665302.8354893,1620831257000,4.601936340332031,-10.658628463745117,-4.257632732391357,-4.48659610748291,-0.7449873685836792,-0.615642786026001,40.4263798,-86.9274216,176.58700000000002,0.05299999937415123,0.4180000126361847,0.5860000252723694,4,15
imu,1777665302.840156,1620841257000,4.260014057159424,-10.479704856872559,-4.206114768981934,-4.59268045425415,-0.7326705455780029,-0.5434041619300842,40.4263798,-86.9274216,176.58700000000002,0.05299999937415123,0.4180000126361847,0.5860000252723694,4,15
imu,1777665302.8479939,1620851257000,4.091724872589111,-10.14474105834961,-4.340383052825928,-4.824880599975586,-0.7601611614227295,-0.4076992869377136,40.4263793,-86.9274217,177.399,1.1139999628067017,-0.15399999916553497,-0.675000011920929,4,15
imu,1777665302.8634818,1620861257000,3.7476119995117188,-10.056989669799805,-4.279968738555908,-5.247178554534912,-0.7453895807266235,-0.2624256908893585,40.4263793,-86.9274217,177.399,1.1139999628067017,-0.15399999916553497,-0.675000011920929,4,15
imu,1777665302.869079,1620871257000,3.3884518146514893,-9.335741996765137,-4.622378826141357,-5.668744087219238,-0.7085099816322327,-0.04449918493628502,40.4263793,-86.9274217,177.399,1.1139999628067017,-0.15399999916553497,-0.675000011920929,4,15
imu,1777665302.8859289,1620881257000,3.2459557056427,-8.547438621520996,-5.502001762390137,-5.850180625915527,-0.6508240699768066,0.08919692039489746,40.4263793,-86.9274217,177.399,1.1139999628067017,-0.15399999916553497,-0.675000011920929,4,15
imu,1777665302.8893218,1620891257000,2.8813326358795166,-8.627734184265137,-5.942471504211426,-5.649990081787109,-0.5634381175041199,0.22628861665725708,40.4263793,-86.9274217,177.399,1.1139999628067017,-0.15399999916553497,-0.675000011920929,4,15
imu,1777665302.898281,1620901257000,2.74157977104187,-8.574568748474121,-6.807478904724121,-5.204442024230957,-0.46087297797203064,0.2533930242061615,40.4263793,-86.9274217,177.399,1.1139999628067017,-0.15399999916553497,-0.675000011920929,4,15
imu,1777665302.9138808,1620911257000,2.546865701675415,-9.0519380569458,-8.078853607177734,-4.8842926025390625,-0.3612288236618042,0.2512738108634949,40.4263793,-86.9274217,177.399,1.1139999628067017,-0.15399999916553497,-0.675000011920929,4,15
imu,1777665302.9173312,1620921257000,2.2368321418762207,-8.63173770904541,-8.422432899475098,-4.731093883514404,-0.3448668122291565,0.3647615313529968,40.4263793,-86.9274217,177.399,1.1139999628067017,-0.15399999916553497,-0.675000011920929,4,15
imu,1777665302.9351652,1620931257000,2.0632333755493164,-7.7241644859313965,-8.677995681762695,-4.621796131134033,-0.30740126967430115,0.542887806892395,40.4263793,-86.9274217,177.399,1.1139999628067017,-0.15399999916553497,-0.675000011920929,4,15
imu,1777665302.9396737,1620941257000,1.7641569375991821,-6.7899556159973145,-9.27349853515625,-4.4485554695129395,-0.24637433886528015,0.7173230648040771,40.4263793,-86.9274217,177.399,1.1139999628067017,-0.15399999916553497,-0.675000011920929,4,15
imu,1777665302.9474683,1620951257000,1.6855270862579346,-6.072442531585693,-9.822967529296875,-4.259865760803223,-0.2693183422088623,0.8357864618301392,40.4263793,-86.9274217,177.399,1.1139999628067017,-0.15399999916553497,-0.675000011920929,4,15
imu,1777665302.9642773,1620961257000,1.7281625270843506,-5.950243949890137,-9.940267562866211,-4.295640468597412,-0.2717914581298828,0.9524834752082825,40.4263793,-86.9274217,177.399,1.1139999628067017,-0.15399999916553497,-0.675000011920929,4,15
imu,1777665302.9677122,1620971257000,1.4412102699279785,-4.867513656616211,-9.823159217834473,-4.16454553604126,-0.2219363898038864,1.0905622243881226,40.4263793,-86.9274217,177.399,1.1139999628067017,-0.15399999916553497,-0.675000011920929,4,15
imu,1777665302.9856422,1620981257000,1.1241873502731323,-4.301161289215088,-10.0879487991333,-3.867685556411743,-0.19561327993869781,1.2700759172439575,40.4263793,-86.9274217,177.399,1.1139999628067017,-0.15399999916553497,-0.675000011920929,4,15
imu,1777665302.9900517,1620991257000,0.7071301341056824,-3.2182459831237793,-9.866257667541504,-3.6395254135131836,-0.17462889850139618,1.331691026687622,40.4263793,-86.9274217,177.399,1.1139999628067017,-0.15399999916553497,-0.675000011920929,4,15
imu,1777665302.9980571,1621001257000,0.5508289337158203,-2.2612154483795166,-10.053326606750488,-3.3218348026275635,-0.06239806115627289,1.4200340509414673,40.4263793,-86.9274217,177.399,1.1139999628067017,-0.15399999916553497,-0.675000011920929,4,15
imu,1777665303.013634,1621011257000,0.5127615332603455,-1.5945768356323242,-10.518815040588379,-2.914336681365967,0.027789302170276642,1.4941798448562622,40.4263793,-86.9274217,177.399,1.1139999628067017,-0.15399999916553497,-0.675000011920929,4,15
imu,1777665303.0179615,1621021257000,0.22506365180015564,-1.9496089220046997,-11.056280136108398,-2.3806848526000977,-0.015657572075724602,1.406330943107605,40.4263793,-86.9274217,177.399,1.1139999628067017,-0.15399999916553497,-0.675000011920929,4,15
imu,1777665303.0359974,1621031257000,0.08867805451154709,-1.4830156564712524,-11.111000061035156,-2.1789820194244385,-0.09705840796232224,1.3965805768966675,40.4263793,-86.9274217,177.399,1.1139999628067017,-0.15399999916553497,-0.675000011920929,4,15
imu,1777665303.0392969,1621041257000,-0.03138652443885803,-1.1872985363006592,-11.332673072814941,-2.077932834625244,-0.1856692135334015,1.5099645853042603,40.4263793,-86.9274217,177.399,1.1139999628067017,-0.15399999916553497,-0.675000011920929,4,15
imu,1777665303.0483966,1621051257000,0.1157383993268013,-0.9331915378570557,-11.149224281311035,-2.008169174194336,-0.3125065267086029,1.603410005569458,40.426382,-86.92742489999999,177.346,-0.17800000309944153,-0.9309999942779541,-0.09099999815225601,4,13
imu,1777665303.06383,1621061257000,0.21229201555252075,-1.2313563823699951,-10.70845890045166,-2.1270294189453125,-0.31197217106819153,1.716749668121338,40.426382,-86.92742489999999,177.346,-0.17800000309944153,-0.9309999942779541,-0.09099999815225601,4,13
imu,1777665303.0672414,1621071257000,0.2443840652704239,-1.0210095643997192,-10.874968528747559,-2.0129082202911377,-0.27421748638153076,1.8682022094726562,40.426382,-86.92742489999999,177.346,-0.17800000309944153,-0.9309999942779541,-0.09099999815225601,4,13
imu,1777665303.0862436,1621081257000,-0.08488453924655914,-0.09848225116729736,-10.744145393371582,-1.5799614191055298,-0.35953930020332336,1.9483363628387451,40.426382,-86.92742489999999,177.346,-0.17800000309944153,-0.9309999942779541,-0.09099999815225601,4,13
imu,1777665303.0896018,1621091257000,-0.23883342742919922,0.8613527417182922,-9.571213722229004,-1.1294041872024536,-0.4124815762042999,1.9582409858703613,40.426382,-86.92742489999999,177.346,-0.17800000309944153,-0.9309999942779541,-0.09099999815225601,4,13
imu,1777665303.0977364,1621101257000,-0.3652680218219757,1.2188305854797363,-9.173981666564941,-0.6683498024940491,-0.2866250276565552,1.9299651384353638,40.426382,-86.92742489999999,177.346,-0.17800000309944153,-0.9309999942779541,-0.09099999815225601,4,13
imu,1777665303.1134236,1621111257000,-0.37493324279785156,0.5053392052650452,-10.066720008850098,-0.32377761602401733,-0.17881537973880768,1.8516231775283813,40.426382,-86.92742489999999,177.346,-0.17800000309944153,-0.9309999942779541,-0.09099999815225601,4,13
imu,1777665303.1178904,1621121257000,-0.26681196689605713,-0.18803243339061737,-10.244159698486328,-0.2799150347709656,-0.18448901176452637,1.8531469106674194,40.426382,-86.92742489999999,177.346,-0.17800000309944153,-0.9309999942779541,-0.09099999815225601,4,13
imu,1777665303.1358237,1621131257000,-0.22304028272628784,-0.16210095584392548,-9.911877632141113,-0.4368939995765686,-0.2001287043094635,1.92466402053833,40.426382,-86.92742489999999,177.346,-0.17800000309944153,-0.9309999942779541,-0.09099999815225601,4,13
imu,1777665303.1392398,1621141257000,-0.11753405630588531,-0.7238631844520569,-10.150938987731934,-0.6300293207168579,-0.1880646049976349,2.0854058265686035,40.426382,-86.92742489999999,177.346,-0.17800000309944153,-0.9309999942779541,-0.09099999815225601,4,13
imu,1777665303.147123,1621151257000,-0.27007031440734863,-0.8165600895881653,-10.599935531616211,-0.8235785961151123,-0.23941829800605774,2.281116008758545,40.426382,-86.92742489999999,177.346,-0.17800000309944153,-0.9309999942779541,-0.09099999815225601,4,13
imu,1777665303.1651917,1621161257000,-0.4118261933326721,-0.012506294995546341,-10.547040939331055,-0.7892811894416809,-0.385748952627182,2.475055694580078,40.426382,-86.92742489999999,177.346,-0.17800000309944153,-0.9309999942779541,-0.09099999815225601,4,13
imu,1777665303.167379,1621171257000,-0.5245576500892639,0.7134547829627991,-10.282486915588379,-0.6141234040260315,-0.5616831183433533,2.644620180130005,40.426382,-86.92742489999999,177.346,-0.17800000309944153,-0.9309999942779541,-0.09099999815225601,4,13
imu,1777665303.185275,1621181257000,-0.4591335952281952,0.9652795791625977,-9.696208953857422,-0.41479048132896423,-0.6778572797775269,2.6721606254577637,40.426382,-86.92742489999999,177.346,-0.17800000309944153,-0.9309999942779541,-0.09099999815225601,4,13
imu,1777665303.1898568,1621191257000,-0.37939339876174927,1.5315191745758057,-8.215249061584473,-0.10668931156396866,-0.6473421454429626,2.6416115760803223,40.426382,-86.92742489999999,177.346,-0.17800000309944153,-0.9309999942779541,-0.09099999815225601,4,13
imu,1777665303.197578,1621201257000,-0.525887668132782,0.3996775150299072,-8.334737777709961,0.14626501500606537,-0.43948009610176086,2.5081441402435303,40.426382,-86.92742489999999,177.346,-0.17800000309944153,-0.9309999942779541,-0.09099999815225601,4,13
imu,1777665303.2143927,1621211257000,-0.7461768388748169,-1.024216651916504,-9.124079704284668,0.20904020965099335,-0.2569468021392822,2.4844844341278076,40.426382,-86.92742489999999,177.346,-0.17800000309944153,-0.9309999942779541,-0.09099999815225601,4,13
imu,1777665303.2189567,1621221257000,-0.932206928730011,-0.6922343373298645,-9.584820747375488,0.29553472995758057,-0.19953718781471252,2.614612579345703,40.426382,-86.92742489999999,177.346,-0.17800000309944153,-0.9309999942779541,-0.09099999815225601,4,13
imu,1777665303.2357633,1621231257000,-1.0916802883148193,-0.3641358017921448,-9.634320259094238,0.46177127957344055,-0.23107656836509705,2.7336113452911377,40.426382,-86.92742489999999,177.346,-0.17800000309944153,-0.9309999942779541,-0.09099999815225601,4,13
imu,1777665303.2391646,1621241257000,-1.1659679412841797,-0.013500995934009552,-9.519614219665527,0.5751513838768005,-0.2864575982093811,2.8237342834472656,40.426382,-86.92742489999999,177.346,-0.17800000309944153,-0.9309999942779541,-0.09099999815225601,4,13
imu,1777665303.2480438,1621251257000,-1.296747088432312,0.34807243943214417,-9.458826065063477,0.6443564295768738,-0.2878015339374542,2.7997453212738037,40.4263828,-86.9274274,176.96800000000002,-0.20000000298023224,-0.9629999995231628,-0.17900000512599945,4,12
imu,1777665303.2649727,1621261257000,-1.5531028509140015,0.32953333854675293,-9.314595222473145,0.68674236536026,-0.25318682193756104,2.7250702381134033,40.4263828,-86.9274274,176.96800000000002,-0.20000000298023224,-0.9629999995231628,-0.17900000512599945,4,12
imu,1777665303.2672427,1621271257000,-1.620957612991333,0.23051655292510986,-9.52572250366211,0.7532368898391724,-0.2533033490180969,2.594312906265259,40.4263828,-86.9274274,176.96800000000002,-0.20000000298023224,-0.9629999995231628,-0.17900000512599945,4,12
imu,1777665303.2851758,1621281257000,-1.6088624000549316,-0.763564944267273,-9.994287490844727,0.7561809420585632,-0.2165665328502655,2.5242204666137695,40.4263828,-86.9274274,176.96800000000002,-0.20000000298023224,-0.9629999995231628,-0.17900000512599945,4,12
imu,1777665303.2895525,1621291257000,-1.6671041250228882,-0.7090744972229004,-10.101191520690918,0.7604950666427612,-0.20183254778385162,2.5622990131378174,40.4263828,-86.9274274,176.96800000000002,-0.20000000298023224,-0.9629999995231628,-0.17900000512599945,4,12
imu,1777665303.2985437,1621301257000,-1.8150705099105835,-0.284565269947052,-10.375548362731934,0.7502748966217041,-0.19061525166034698,2.612297296524048,40.4263828,-86.9274274,176.96800000000002,-0.20000000298023224,-0.9629999995231628,-0.17900000512599945,4,12
imu,1777665303.3141239,1621311257000,-1.9565633535385132,0.3713979423046112,-10.842610359191895,0.7533442974090576,-0.20551404356956482,2.5449342727661133,40.4263828,-86.9274274,176.96800000000002,-0.20000000298023224,-0.9629999995231628,-0.17900000512599945,4,12
imu,1777665303.3185883,1621321257000,-2.100245237350464,0.6172193288803101,-11.035379409790039,0.7777332067489624,-0.2176128625869751,2.418975591659546,40.4263828,-86.9274274,176.96800000000002,-0.20000000298023224,-0.9629999995231628,-0.17900000512599945,4,12
imu,1777665303.335572,1621331257000,-2.369189977645874,0.7919377684593201,-10.973642349243164,0.9103900194168091,-0.24804434180259705,2.317270278930664,40.4263828,-86.9274274,176.96800000000002,-0.20000000298023224,-0.9629999995231628,-0.17900000512599945,4,12
imu,1777665303.339948,1621341257000,-2.6575918197631836,0.8161188960075378,-11.029853820800781,1.1219916343688965,-0.2823946475982666,2.2108309268951416,40.4263828,-86.9274274,176.96800000000002,-0.20000000298023224,-0.9629999995231628,-0.17900000512599945,4,12
imu,1777665303.3476946,1621351257000,-2.8662526607513428,0.30229493975639343,-10.91260051727295,1.2200641632080078,-0.2944396138191223,2.0968222618103027,40.4263828,-86.9274274,176.96800000000002,-0.20000000298023224,-0.9629999995231628,-0.17900000512599945,4,12
imu,1777665303.364563,1621361257000,-3.1008713245391846,0.15360403060913086,-10.425393104553223,1.2849723100662231,-0.2929178774356842,2.033781051635742,40.4263828,-86.9274274,176.96800000000002,-0.20000000298023224,-0.9629999995231628,-0.17900000512599945,4,12
imu,1777665303.369147,1621371257000,-3.169980525970459,0.052442245185375214,-10.144469261169434,1.3266823291778564,-0.2830100655555725,1.9541740417480469,40.4263828,-86.9274274,176.96800000000002,-0.20000000298023224,-0.9629999995231628,-0.17900000512599945,4,12
imu,1777665303.3859346,1621381256000,-3.2472610473632812,0.1106988713145256,-9.991665840148926,1.3065632581710815,-0.2719928026199341,1.8964481353759766,40.4263828,-86.9274274,176.96800000000002,-0.20000000298023224,-0.9629999995231628,-0.17900000512599945,4,12
imu,1777665303.3893287,1621391257000,-3.4013068675994873,0.19857394695281982,-9.87751293182373,1.1595299243927002,-0.25471141934394836,1.829949975013733,40.4263828,-86.9274274,176.96800000000002,-0.20000000298023224,-0.9629999995231628,-0.17900000512599945,4,12
imu,1777665303.3981416,1621401257000,-3.4544007778167725,0.6420876979827881,-9.75589656829834,1.0391550064086914,-0.23160788416862488,1.7330164909362793,40.4263828,-86.9274274,176.96800000000002,-0.20000000298023224,-0.9629999995231628,-0.17900000512599945,4,12
imu,1777665303.4151053,1621411257000,-3.380419969558716,0.6509557366371155,-9.919315338134766,0.9583932757377625,-0.19679221510887146,1.6710891723632812,40.4263828,-86.9274274,176.96800000000002,-0.20000000298023224,-0.9629999995231628,-0.17900000512599945,4,12
imu,1777665303.418459,1621421257000,-3.245255947113037,0.7720767855644226,-10.363924980163574,0.8368596434593201,-0.10994728654623032,1.6274778842926025,40.4263828,-86.9274274,176.96800000000002,-0.20000000298023224,-0.9629999995231628,-0.17900000512599945,4,12
imu,1777665303.4353423,1621431257000,-3.352864980697632,1.7554012537002563,-10.76098346710205,0.8960534334182739,-0.0894702821969986,1.5745614767074585,40.4263828,-86.9274274,176.96800000000002,-0.20000000298023224,-0.9629999995231628,-0.17900000512599945,4,12
imu,1777665303.4397037,1621441257000,-3.3746256828308105,2.328681230545044,-10.939610481262207,1.0616953372955322,-0.1272110641002655,1.4399949312210083,40.4263828,-86.9274274,176.96800000000002,-0.20000000298023224,-0.9629999995231628,-0.17900000512599945,4,12
imu,1777665303.4486861,1621451259000,-3.45082426071167,2.1218724250793457,-10.948575973510742,1.0990301370620728,-0.1625589281320572,1.28029203414917,40.426384,-86.92742969999999,176.474,-0.9100000262260437,-0.6320000290870667,-0.10999999940395355,4,13
imu,1777665303.4643152,1621461257000,-3.596207618713379,1.8934110403060913,-10.637407302856445,1.023634433746338,-0.18890559673309326,1.1307172775268555,40.426384,-86.92742969999999,176.474,-0.9100000262260437,-0.6320000290870667,-0.10999999940395355,4,13
imu,1777665303.468922,1621471257000,-3.743776798248291,1.8499456644058228,-10.039957046508789,1.0036873817443848,-0.21978312730789185,1.0076861381530762,40.426384,-86.92742969999999,176.474,-0.9100000262260437,-0.6320000290870667,-0.10999999940395355,4,13
imu,1777665303.4856918,1621481257000,-3.678110122680664,1.5040298700332642,-9.52159309387207,1.0083459615707397,-0.20118306577205658,0.9058518409729004,40.426384,-86.92742969999999,176.474,-0.9100000262260437,-0.6320000290870667,-0.10999999940395355,4,13
imu,1777665303.4888756,1621491257000,-3.410429000854492,0.5626464486122131,-9.68272590637207,0.9327408075332642,-0.1113995611667633,0.8266072273254395,40.426384,-86.92742969999999,176.474,-0.9100000262260437,-0.6320000290870667,-0.10999999940395355,4,13
imu,1777665303.4990728,1621501257000,-3.4025778770446777,0.9348485469818115,-9.960853576660156,0.781254231929779,-0.04745450243353844,0.8379073739051819,40.426384,-86.92742969999999,176.474,-0.9100000262260437,-0.6320000290870667,-0.10999999940395355,4,13
imu,1777665303.5151913,1621511257000,-3.104382038116455,1.6566520929336548,-10.389596939086914,0.5964046716690063,-0.04398335516452789,0.8431903123855591,40.426384,-86.92742969999999,176.474,-0.9100000262260437,-0.6320000290870667,-0.10999999940395355,4,13
imu,1777665303.5183892,1621521257000,-2.732133150100708,2.140744924545288,-11.064986228942871,0.2629699409008026,-0.02544584684073925,0.7981340289115906,40.426384,-86.92742969999999,176.474,-0.9100000262260437,-0.6320000290870667,-0.10999999940395355,4,13
imu,1777665303.5364823,1621531257000,-2.463427782058716,3.291229486465454,-11.226832389831543,0.11410306394100189,-0.06966400146484375,0.7095981240272522,40.426384,-86.92742969999999,176.474,-0.9100000262260437,-0.6320000290870667,-0.10999999940395355,4,13
imu,1777665303.5405762,1621541257000,-2.289443016052246,3.701190710067749,-11.203388214111328,0.14828816056251526,-0.12168903648853302,0.5589550137519836,40.426384,-86.92742969999999,176.474,-0.9100000262260437,-0.6320000290870667,-0.10999999940395355,4,13
imu,1777665303.5484781,1621551257000,-2.2250638008117676,3.20691180229187,-10.858724594116211,0.3050209581851959,-0.09075117856264114,0.4389578104019165,40.426384,-86.92742969999999,176.474,-0.9100000262260437,-0.6320000290870667,-0.10999999940395355,4,13
imu,1777665303.5642097,1621561257000,-2.177150249481201,2.903949022293091,-10.365686416625977,0.5955595374107361,-0.05148985609412193,0.3933248817920685,40.426384,-86.92742969999999,176.474,-0.9100000262260437,-0.6320000290870667,-0.10999999940395355,4,13
imu,1777665303.5686455,1621571257000,-2.1055588722229004,2.188570022583008,-10.447855949401855,0.6585040092468262,0.034885406494140625,0.37206125259399414,40.426384,-86.92742969999999,176.474,-0.9100000262260437,-0.6320000290870667,-0.10999999940395355,4,13
imu,1777665303.585457,1621581257000,-1.9200984239578247,2.042259931564331,-10.823143005371094,0.4869753420352936,0.09139294177293777,0.345077782869339,40.426384,-86.92742969999999,176.474,-0.9100000262260437,-0.6320000290870667,-0.10999999940395355,4,13
imu,1777665303.5900898,1621591257000,-1.889672875404358,2.2848870754241943,-10.96621322631836,0.25163671374320984,0.04462209716439247,0.29135406017303467,40.426384,-86.92742969999999,176.474,-0.9100000262260437,-0.6320000290870667,-0.10999999940395355,4,13
imu,1777665303.5988674,1621601257000,-1.8970195055007935,2.4869906902313232,-10.908348083496094,-0.0287867933511734,-0.007791478652507067,0.2063877433538437,40.426384,-86.92742969999999,176.474,-0.9100000262260437,-0.6320000290870667,-0.10999999940395355,4,13
imu,1777665303.613969,1621611257000,-1.743294358253479,2.5976927280426025,-10.5431489944458,-0.2122156322002411,-0.028629086911678314,0.12814213335514069,40.426384,-86.92742969999999,176.474,-0.9100000262260437,-0.6320000290870667,-0.10999999940395355,4,13
imu,1777665303.618341,1621621257000,-1.5882611274719238,2.766796112060547,-10.369564056396484,-0.20410330593585968,0.0026443914975970984,0.06947410851716995,40.426384,-86.92742969999999,176.474,-0.9100000262260437,-0.6320000290870667,-0.10999999940395355,4,13
imu,1777665303.635128,1621631257000,-1.343917965888977,2.1806371212005615,-10.71104907989502,-0.14509260654449463,0.048754237592220306,0.06375793367624283,40.426384,-86.92742969999999,176.474,-0.9100000262260437,-0.6320000290870667,-0.10999999940395355,4,13
imu,1777665303.6397982,1621641257000,-1.2766786813735962,2.331125497817993,-11.104249954223633,-0.14969000220298767,0.07103949040174484,0.09070584177970886,40.426384,-86.92742969999999,176.474,-0.9100000262260437,-0.6320000290870667,-0.10999999940395355,4,13
imu,1777665303.6488554,1621651257000,-0.9717904329299927,2.7662270069122314,-11.240994453430176,-0.1411159485578537,0.0310190562158823,0.07133649289608002,40.4263847,-86.9274307,175.918,-0.800000011920929,0.19699999690055847,0.4869999885559082,4,14
imu,1777665303.6642637,1621661257000,-0.8682911992073059,2.849156141281128,-11.220233917236328,-0.1581118404865265,-0.029833577573299408,0.027691297233104706,40.4263847,-86.9274307,175.918,-0.800000011920929,0.19699999690055847,0.4869999885559082,4,14
imu,1777665303.6688685,1621671257000,-0.7625295519828796,2.992823839187622,-10.790674209594727,-0.13886228203773499,-0.043698545545339584,-0.01050654985010624,40.4263847,-86.9274307,175.918,-0.800000011920929,0.19699999690055847,0.4869999885559082,4,14
imu,1777665303.685663,1621681257000,-0.8528560400009155,3.3955271244049072,-10.442224502563477,0.02552766725420952,-0.03647477179765701,-0.0571257509291172,40.4263847,-86.9274307,175.918,-0.800000011920929,0.19699999690055847,0.4869999885559082,4,14
imu,1777665303.6889913,1621691257000,-0.6890231966972351,3.4547131061553955,-10.738138198852539,0.0635051503777504,-0.04702376201748848,-0.14524969458580017,40.4263847,-86.9274307,175.918,-0.800000011920929,0.19699999690055847,0.4869999885559082,4,14
imu,1777665303.6981814,1621701257000,-0.39930710196495056,3.639758825302124,-10.796512603759766,-0.17481064796447754,-0.04029972478747368,-0.2600555717945099,40.4263847,-86.9274307,175.918,-0.800000011920929,0.19699999690055847,0.4869999885559082,4,14
imu,1777665303.7139678,1621711257000,-0.1217716634273529,3.568917989730835,-10.484630584716797,-0.3020915687084198,-0.01687200739979744,-0.35079270601272583,40.4263847,-86.9274307,175.918,-0.800000011920929,0.19699999690055847,0.4869999885559082,4,14
imu,1777665303.7184508,1621721257000,0.14926303923130035,3.3118174076080322,-10.573088645935059,-0.270721971988678,-0.009485876187682152,-0.3760809302330017,40.4263847,-86.9274307,175.918,-0.800000011920929,0.19699999690055847,0.4869999885559082,4,14
imu,1777665303.7361898,1621731257000,0.44175392389297485,3.3369574546813965,-10.834062576293945,-0.23324352502822876,0.004490603692829609,-0.40098491311073303,40.4263847,-86.9274307,175.918,-0.800000011920929,0.19699999690055847,0.4869999885559082,4,14
imu,1777665303.7395384,1621741257000,0.7227098345756531,3.4421751499176025,-10.906229972839355,-0.18400055170059204,0.008391864597797394,-0.41117337346076965,40.4263847,-86.9274307,175.918,-0.800000011920929,0.19699999690055847,0.4869999885559082,4,14
imu,1777665303.748411,1621751257000,0.67958664894104,3.892070770263672,-10.732295036315918,-0.0976872369647026,0.014174757525324821,-0.4622328281402588,40.4263847,-86.9274307,175.918,-0.800000011920929,0.19699999690055847,0.4869999885559082,4,14
imu,1777665303.7643435,1621761257000,0.5543432831764221,3.851487874984741,-10.635172843933105,-0.0533275231719017,-0.01932867430150509,-0.5509096384048462,40.4263847,-86.9274307,175.918,-0.800000011920929,0.19699999690055847,0.4869999885559082,4,14
imu,1777665303.7688308,1621771257000,1.1546759605407715,3.917144536972046,-10.871280670166016,-0.21284419298171997,-0.06973973661661148,-0.6382516026496887,40.4263847,-86.9274307,175.918,-0.800000011920929,0.19699999690055847,0.4869999885559082,4,14
imu,1777665303.78698,1621781257000,1.247004747390747,3.7624552249908447,-11.011734008789062,-0.3366037905216217,-0.15216858685016632,-0.7413276433944702,40.4263847,-86.9274307,175.918,-0.800000011920929,0.19699999690055847,0.4869999885559082,4,14
imu,1777665303.7892208,1621791257000,1.5876798629760742,3.651587724685669,-10.604991912841797,-0.24076052010059357,-0.26092806458473206,-0.8454611897468567,40.4263847,-86.9274307,175.918,-0.800000011920929,0.19699999690055847,0.4869999885559082,4,14
imu,1777665303.798385,1621801257000,1.4844472408294678,3.172744035720825,-10.04566764831543,-0.007062668912112713,-0.3030640184879303,-0.8633158206939697,40.4263847,-86.9274307,175.918,-0.800000011920929,0.19699999690055847,0.4869999885559082,4,14
imu,1777665303.8141792,1621811257000,1.8898882865905762,2.4029765129089355,-9.253868103027344,0.2371978610754013,-0.27271947264671326,-0.8285396695137024,40.4263847,-86.9274307,175.918,-0.800000011920929,0.19699999690055847,0.4869999885559082,4,14
imu,1777665303.8187237,1621821257000,1.7229316234588623,2.071599245071411,-9.219415664672852,0.31190821528434753,-0.26378703117370605,-0.742282509803772,40.4263847,-86.9274307,175.918,-0.800000011920929,0.19699999690055847,0.4869999885559082,4,14
imu,1777665303.8366034,1621831257000,1.9488191604614258,2.408400297164917,-9.503910064697266,0.09236559271812439,-0.2696745693683624,-0.7383453845977783,40.4263847,-86.9274307,175.918,-0.800000011920929,0.19699999690055847,0.4869999885559082,4,14
imu,1777665303.8389726,1621841257000,2.043529748916626,2.214620590209961,-9.390886306762695,-0.2377738505601883,-0.2704702317714691,-0.8209123611450195,40.4263847,-86.9274307,175.918,-0.800000011920929,0.19699999690055847,0.4869999885559082,4,14
imu,1777665303.8480732,1621851257000,2.3427796363830566,1.8756771087646484,-9.157098770141602,-0.4985813796520233,-0.2704896032810211,-0.8377271890640259,40.4263865,-86.9274294,175.584,-0.24199999868869781,0.925000011920929,0.20999999344348907,4,14
imu,1777665303.8648286,1621861257000,2.535188674926758,1.614218831062317,-9.698325157165527,-0.6929419040679932,-0.2792060971260071,-0.810081422328949,40.4263865,-86.9274294,175.584,-0.24199999868869781,0.925000011920929,0.20999999344348907,4,14
imu,1777665303.8680863,1621871257000,2.656216621398926,1.811665654182434,-10.126044273376465,-0.7740222215652466,-0.3279111981391907,-0.7670703530311584,40.4263865,-86.9274294,175.584,-0.24199999868869781,0.925000011920929,0.20999999344348907,4,14
imu,1777665303.8859103,1621881257000,2.8520798683166504,2.2053956985473633,-10.194991111755371,-0.7005675435066223,-0.3962792456150055,-0.7252394556999207,40.4263865,-86.9274294,175.584,-0.24199999868869781,0.925000011920929,0.20999999344348907,4,14
imu,1777665303.88911,1621891257000,2.8494362831115723,2.5748391151428223,-10.07327938079834,-0.5805668234825134,-0.4335460066795349,-0.7020120620727539,40.4263865,-86.9274294,175.584,-0.24199999868869781,0.925000011920929,0.20999999344348907,4,14
imu,1777665303.8981001,1621901257000,2.877467632293701,2.8784542083740234,-9.669233322143555,-0.514529287815094,-0.46583092212677,-0.7504462599754333,40.4263865,-86.9274294,175.584,-0.24199999868869781,0.925000011920929,0.20999999344348907,4,14
imu,1777665303.9146523,1621911257000,2.876075267791748,3.05039381980896,-9.281339645385742,-0.45538219809532166,-0.42599114775657654,-0.8845934271812439,40.4263865,-86.9274294,175.584,-0.24199999868869781,0.925000011920929,0.20999999344348907,4,14
imu,1777665303.9179726,1621921257000,3.0023388862609863,2.9223451614379883,-9.011874198913574,-0.34551140666007996,-0.3969113230705261,-1.0567753314971924,40.4263865,-86.9274294,175.584,-0.24199999868869781,0.925000011920929,0.20999999344348907,4,14
imu,1777665303.9368172,1621931257000,3.1936793327331543,2.3332159519195557,-8.822860717773438,-0.2573489248752594,-0.3854435384273529,-1.1216477155685425,40.4263865,-86.9274294,175.584,-0.24199999868869781,0.925000011920929,0.20999999344348907,4,14
imu,1777665303.9389503,1621941257000,3.798104763031006,1.6663869619369507,-8.791258811950684,-0.2912185490131378,-0.3539729714393616,-1.147559642791748,40.4263865,-86.9274294,175.584,-0.24199999868869781,0.925000011920929,0.20999999344348907,4,14
imu,1777665303.9479244,1621951257000,4.032918453216553,1.8285354375839233,-8.71408462524414,-0.35334262251853943,-0.3219282925128937,-1.1055759191513062,40.4263865,-86.9274294,175.584,-0.24199999868869781,0.925000011920929,0.20999999344348907,4,14
imu,1777665303.9646766,1621961256000,4.23597526550293,2.6416752338409424,-8.700443267822266,-0.3554437756538391,-0.2994202673435211,-1.1229965686798096,40.4263865,-86.9274294,175.584,-0.24199999868869781,0.925000011920929,0.20999999344348907,4,14
imu,1777665303.9681122,1621971257000,4.445465564727783,3.1150097846984863,-8.818916320800781,-0.31145501136779785,-0.2696540951728821,-1.2499033212661743,40.4263865,-86.9274294,175.584,-0.24199999868869781,0.925000011920929,0.20999999344348907,4,14
imu,1777665303.9860513,1621981257000,4.497559547424316,2.7660372257232666,-9.02762508392334,-0.24503976106643677,-0.25361254811286926,-1.3764296770095825,40.4263865,-86.9274294,175.584,-0.24199999868869781,0.925000011920929,0.20999999344348907,4,14
imu,1777665303.989465,1621991257000,4.749328136444092,2.415618658065796,-9.067389488220215,-0.21428163349628448,-0.25231900811195374,-1.4710092544555664,40.4263865,-86.9274294,175.584,-0.24199999868869781,0.925000011920929,0.20999999344348907,4,14
imu,1777665303.998426,1622001257000,4.838749885559082,1.775168538093567,-9.030908584594727,-0.21602314710617065,-0.2473820149898529,-1.541082501411438,40.4263865,-86.9274294,175.584,-0.24199999868869781,0.925000011920929,0.20999999344348907,4,14
imu,1777665304.0140517,1622011256000,4.476524829864502,0.9658135175704956,-9.01233959197998,-0.18591324985027313,-0.2237747311592102,-1.5368010997772217,40.4263865,-86.9274294,175.584,-0.24199999868869781,0.925000011920929,0.20999999344348907,4,14
imu,1777665304.0185757,1622021257000,4.6003289222717285,0.4223778545856476,-9.07032299041748,-0.07547646760940552,-0.27032458782196045,-1.5806026458740234,40.4263865,-86.9274294,175.584,-0.24199999868869781,0.925000011920929,0.20999999344348907,4,14
imu,1777665304.0364234,1622031257000,4.451450347900391,-0.3005257546901703,-9.043807029724121,0.01476499903947115,-0.2923266291618347,-1.6598355770111084,40.4263865,-86.9274294,175.584,-0.24199999868869781,0.925000011920929,0.20999999344348907,4,14
imu,1777665304.03983,1622041257000,4.464592933654785,-1.1457558870315552,-8.9507417678833,-0.027728628367185593,-0.30305713415145874,-1.625881314277649,40.4263865,-86.9274294,175.584,-0.24199999868869781,0.925000011920929,0.20999999344348907,4,14
imu,1777665304.0487926,1622051257000,4.591004371643066,-1.8437471389770508,-8.941494941711426,-0.14892448484897614,-0.2679286599159241,-1.5554981231689453,40.4263903,-86.92742799999999,174.661,0.8410000205039978,1.13100004196167,0.5569999814033508,4,14
imu,1777665304.0644236,1622061257000,4.8983612060546875,-1.8253694772720337,-8.927682876586914,-0.2599641680717468,-0.23892848193645477,-1.5241808891296387,40.4263903,-86.92742799999999,174.661,0.8410000205039978,1.13100004196167,0.5569999814033508,4,14
imu,1777665304.0678532,1622071257000,4.859110355377197,-1.595883846282959,-9.233776092529297,-0.2769869565963745,-0.24360381066799164,-1.4759438037872314,40.4263903,-86.92742799999999,174.661,0.8410000205039978,1.13100004196167,0.5569999814033508,4,14
imu,1777665304.0858338,1622081257000,4.810135841369629,-1.1760762929916382,-9.398704528808594,-0.31361398100852966,-0.27717986702919006,-1.4656033515930176,40.4263903,-86.92742799999999,174.661,0.8410000205039978,1.13100004196167,0.5569999814033508,4,14
imu,1777665304.0891232,1622091257000,4.542516708374023,-0.427092045545578,-9.34895133972168,-0.2618788778781891,-0.31467461585998535,-1.48345148563385,40.4263903,-86.92742799999999,174.661,0.8410000205039978,1.13100004196167,0.5569999814033508,4,14
imu,1777665304.0981452,1622101257000,4.245446681976318,0.018597424030303955,-9.101823806762695,-0.2200334072113037,-0.36367663741111755,-1.5126104354858398,40.4263903,-86.92742799999999,174.661,0.8410000205039978,1.13100004196167,0.5569999814033508,4,14
imu,1777665304.1140192,1622111257000,3.942631483078003,0.8696278929710388,-8.595098495483398,-0.1506269872188568,-0.3458956778049469,-1.5244914293289185,40.4263903,-86.92742799999999,174.661,0.8410000205039978,1.13100004196167,0.5569999814033508,4,14
imu,1777665304.1184237,1622121257000,4.119129180908203,1.0732029676437378,-8.38258171081543,0.12189622223377228,-0.27242064476013184,-1.6182079315185547,40.4263903,-86.92742799999999,174.661,0.8410000205039978,1.13100004196167,0.5569999814033508,4,14
imu,1777665304.136433,1622131257000,4.228992938995361,0.32678699493408203,-8.621915817260742,0.47081732749938965,-0.1790473312139511,-1.834943175315857,40.4263903,-86.92742799999999,174.661,0.8410000205039978,1.13100004196167,0.5569999814033508,4,14
imu,1777665304.1386569,1622141257000,4.415410995483398,-1.070486307144165,-9.310880661010742,0.635136604309082,-0.14398425817489624,-1.9926666021347046,40.4263903,-86.92742799999999,174.661,0.8410000205039978,1.13100004196167,0.5569999814033508,4,14
imu,1777665304.1484928,1622151257000,4.596951961517334,-2.5929794311523438,-9.611408233642578,0.47498640418052673,-0.15665194392204285,-1.9947869777679443,40.4263903,-86.92742799999999,174.661,0.8410000205039978,1.13100004196167,0.5569999814033508,4,14
imu,1777665304.1641254,1622161257000,4.611316680908203,-3.1065890789031982,-9.56717300415039,0.20195579528808594,-0.20078495144844055,-1.8903019428253174,40.4263903,-86.92742799999999,174.661,0.8410000205039978,1.13100004196167,0.5569999814033508,4,14
imu,1777665304.1685562,1622171257000,4.71558952331543,-2.958932876586914,-9.478179931640625,-0.0022803102619946003,-0.2528230547904968,-1.7851086854934692,40.4263903,-86.92742799999999,174.661,0.8410000205039978,1.13100004196167,0.5569999814033508,4,14
imu,1777665304.1865857,1622181257000,4.501111030578613,-2.504019021987915,-9.396169662475586,-0.0701727494597435,-0.29991012811660767,-1.6851136684417725,40.4263903,-86.92742799999999,174.661,0.8410000205039978,1.13100004196167,0.5569999814033508,4,14
imu,1777665304.1888556,1622191257000,3.5117177963256836,-1.5332549810409546,-8.942770004272461,-0.03708243370056152,-0.27673041820526123,-1.6166001558303833,40.4263903,-86.92742799999999,174.661,0.8410000205039978,1.13100004196167,0.5569999814033508,4,14
imu,1777665304.1988277,1622201257000,3.315678596496582,-0.6477506160736084,-9.395172119140625,0.20230498909950256,-0.27220985293388367,-1.6426122188568115,40.4263903,-86.92742799999999,174.661,0.8410000205039978,1.13100004196167,0.5569999814033508,4,14
imu,1777665304.2145004,1622211257000,3.4655606746673584,-1.1656430959701538,-9.917974472045898,0.37223511934280396,-0.1970144808292389,-1.7767421007156372,40.4263903,-86.92742799999999,174.661,0.8410000205039978,1.13100004196167,0.5569999814033508,4,14
imu,1777665304.2178237,1622221257000,3.476710557937622,-1.8157094717025757,-10.080373764038086,0.40949586033821106,-0.12432978302240372,-1.8380322456359863,40.4263903,-86.92742799999999,174.661,0.8410000205039978,1.13100004196167,0.5569999814033508,4,14
imu,1777665304.2359188,1622231257000,3.689751386642456,-2.397097587585449,-10.446966171264648,0.42465564608573914,-0.13369429111480713,-1.8455692529678345,40.4263903,-86.92742799999999,174.661,0.8410000205039978,1.13100004196167,0.5569999814033508,4,14
imu,1777665304.2393982,1622241257000,3.805847406387329,-3.241241931915283,-10.413139343261719,0.24528110027313232,-0.17848056554794312,-1.7747292518615723,40.4263903,-86.92742799999999,174.661,0.8410000205039978,1.13100004196167,0.5569999814033508,4,14
imu,1777665304.2481937,1622251257000,3.7840263843536377,-3.168940305709839,-10.132387161254883,0.09205327928066254,-0.2089814841747284,-1.6369256973266602,40.426392799999995,-86.9274267,174.62800000000001,0.4830000102519989,0.1770000010728836,0.5199999809265137,4,13
imu,1777665304.2639394,1622261257000,3.7286975383758545,-2.438632011413574,-9.901117324829102,-0.04407331347465515,-0.27912819385528564,-1.5425493717193604,40.426392799999995,-86.9274267,174.62800000000001,0.4830000102519989,0.1770000010728836,0.5199999809265137,4,13
imu,1777665304.268388,1622271256000,3.6753714084625244,-1.7607066631317139,-9.806174278259277,-0.2154017686843872,-0.27604538202285767,-1.5219041109085083,40.426392799999995,-86.9274267,174.62800000000001,0.4830000102519989,0.1770000010728836,0.5199999809265137,4,13
imu,1777665304.2861233,1622281257000,3.6813862323760986,-1.6568444967269897,-9.846053123474121,-0.37429285049438477,-0.23070186376571655,-1.5725334882736206,40.426392799999995,-86.9274267,174.62800000000001,0.4830000102519989,0.1770000010728836,0.5199999809265137,4,13
imu,1777665304.2896192,1622291257000,3.1951687335968018,-1.7213743925094604,-10.061059951782227,-0.47159838676452637,-0.14745602011680603,-1.5964457988739014,40.426392799999995,-86.9274267,174.62800000000001,0.4830000102519989,0.1770000010728836,0.5199999809265137,4,13
imu,1777665304.298457,1622301257000,2.803159236907959,-1.6673115491867065,-10.40269947052002,-0.4550078511238098,-0.1146249920129776,-1.5895799398422241,40.426392799999995,-86.9274267,174.62800000000001,0.4830000102519989,0.1770000010728836,0.5199999809265137,4,13
imu,1777665304.3143103,1622311257000,2.481459617614746,-1.4641693830490112,-10.530736923217773,-0.37485361099243164,-0.11018741130828857,-1.6018747091293335,40.426392799999995,-86.9274267,174.62800000000001,0.4830000102519989,0.1770000010728836,0.5199999809265137,4,13
imu,1777665304.3187191,1622321257000,2.066708564758301,-0.9536144733428955,-10.289586067199707,-0.16261769831180573,-0.13245058059692383,-1.6215323209762573,40.426392799999995,-86.9274267,174.62800000000001,0.4830000102519989,0.1770000010728836,0.5199999809265137,4,13
imu,1777665304.33645,1622331257000,1.7705636024475098,-1.3982146978378296,-10.408071517944336,0.0036020511761307716,-0.12885682284832,-1.696269154548645,40.426392799999995,-86.9274267,174.62800000000001,0.4830000102519989,0.1770000010728836,0.5199999809265137,4,13
imu,1777665304.3387043,1622341257000,1.719781756401062,-2.714988946914673,-10.42998218536377,-0.1037486121058464,-0.1268756091594696,-1.75874924659729,40.426392799999995,-86.9274267,174.62800000000001,0.4830000102519989,0.1770000010728836,0.5199999809265137,4,13
imu,1777665304.3487015,1622351257000,1.7218338251113892,-4.1525750160217285,-10.306493759155273,-0.29062625765800476,-0.1033344715833664,-1.7590773105621338,40.426392799999995,-86.9274267,174.62800000000001,0.4830000102519989,0.1770000010728836,0.5199999809265137,4,13
imu,1777665304.364292,1622361257000,1.781004786491394,-5.435290813446045,-10.568735122680664,-0.41695696115493774,-0.08280511200428009,-1.6664352416992188,40.426392799999995,-86.9274267,174.62800000000001,0.4830000102519989,0.1770000010728836,0.5199999809265137,4,13
imu,1777665304.3676836,1622371257000,1.5794166326522827,-5.7892374992370605,-10.847997665405273,-0.4376470744609833,-0.10106999427080154,-1.556146264076233,40.426392799999995,-86.9274267,174.62800000000001,0.4830000102519989,0.1770000010728836,0.5199999809265137,4,13
imu,1777665304.3864193,1622381257000,1.3446729183197021,-5.17722749710083,-10.625642776489258,-0.3579827547073364,-0.17250217497348785,-1.475193738937378,40.426392799999995,-86.9274267,174.62800000000001,0.4830000102519989,0.1770000010728836,0.5199999809265137,4,13
imu,1777665304.3886926,1622391257000,1.3834201097488403,-5.241881847381592,-10.10661506652832,-0.3049558997154236,-0.21721957623958588,-1.4144163131713867,40.426392799999995,-86.9274267,174.62800000000001,0.4830000102519989,0.1770000010728836,0.5199999809265137,4,13
imu,1777665304.3976743,1622401257000,1.5541539192199707,-4.816134452819824,-9.659083366394043,-0.3499395549297333,-0.20628012716770172,-1.364235281944275,40.426392799999995,-86.9274267,174.62800000000001,0.4830000102519989,0.1770000010728836,0.5199999809265137,4,13
imu,1777665304.4145746,1622411257000,1.1131292581558228,-4.115771770477295,-9.469310760498047,-0.35288551449775696,-0.16404137015342712,-1.3369545936584473,40.426392799999995,-86.9274267,174.62800000000001,0.4830000102519989,0.1770000010728836,0.5199999809265137,4,13
imu,1777665304.4179344,1622421257000,1.1343743801116943,-4.367105484008789,-9.483406066894531,-0.3515665829181671,-0.0997534766793251,-1.2985813617706299,40.426392799999995,-86.9274267,174.62800000000001,0.4830000102519989,0.1770000010728836,0.5199999809265137,4,13
imu,1777665304.4359019,1622431256000,0.9977370500564575,-5.1518096923828125,-9.568853378295898,-0.4831176996231079,0.016539964824914932,-1.1961297988891602,40.426392799999995,-86.9274267,174.62800000000001,0.4830000102519989,0.1770000010728836,0.5199999809265137,4,13
imu,1777665304.4391072,1622441257000,0.8263938426971436,-5.533400535583496,-9.847622871398926,-0.5610712766647339,0.06654147803783417,-1.0741428136825562,40.426392799999995,-86.9274267,174.62800000000001,0.4830000102519989,0.1770000010728836,0.5199999809265137,4,13
imu,1777665304.4479623,1622451257000,0.7986945509910583,-5.770558834075928,-10.216902732849121,-0.6856879591941833,0.07453146576881409,-0.9037297368049622,40.4263937,-86.92742729999999,174.90800000000002,0.3610000014305115,-0.6809999942779541,-0.2619999945163727,4,14
imu,1777665304.463716,1622461257000,0.8951298594474792,-5.5409440994262695,-10.467570304870605,-0.7813370823860168,0.05218920111656189,-0.7764965295791626,40.4263937,-86.92742729999999,174.90800000000002,0.3610000014305115,-0.6809999942779541,-0.2619999945163727,4,14
imu,1777665304.468143,1622471257000,0.8356481194496155,-5.6203107833862305,-10.440035820007324,-0.7980517745018005,0.022260747849941254,-0.6450720429420471,40.4263937,-86.92742729999999,174.90800000000002,0.3610000014305115,-0.6809999942779541,-0.2619999945163727,4,14
imu,1777665304.486045,1622481257000,0.6100178360939026,-5.738104820251465,-10.2902250289917,-0.8243876695632935,0.006915154866874218,-0.5155268907546997,40.4263937,-86.92742729999999,174.90800000000002,0.3610000014305115,-0.6809999942779541,-0.2619999945163727,4,14
imu,1777665304.4895995,1622491257000,0.4373900890350342,-5.278835773468018,-10.211971282958984,-0.7732723355293274,-0.012189141474664211,-0.3489600419998169,40.4263937,-86.92742729999999,174.90800000000002,0.3610000014305115,-0.6809999942779541,-0.2619999945163727,4,14
imu,1777665304.4983623,1622501257000,0.25167351961135864,-5.230955600738525,-10.127223014831543,-0.6858380436897278,0.013579059392213821,-0.23492826521396637,40.4263937,-86.92742729999999,174.90800000000002,0.3610000014305115,-0.6809999942779541,-0.2619999945163727,4,14
imu,1777665304.5145123,1622511257000,-0.06850756704807281,-5.510640621185303,-10.232292175292969,-0.645780086517334,0.061979491263628006,-0.08477179706096649,40.4263937,-86.92742729999999,174.90800000000002,0.3610000014305115,-0.6809999942779541,-0.2619999945163727,4,14
imu,1777665304.5177097,1622521257000,-0.3814907968044281,-5.390513896942139,-10.328397750854492,-0.647520899772644,0.05319899320602417,0.10594290494918823,40.4263937,-86.92742729999999,174.90800000000002,0.3610000014305115,-0.6809999942779541,-0.2619999945163727,4,14
imu,1777665304.5357335,1622531257000,-0.2869531214237213,-5.481790542602539,-10.160228729248047,-0.7508084774017334,0.01829802617430687,0.2580147981643677,40.4263937,-86.92742729999999,174.90800000000002,0.3610000014305115,-0.6809999942779541,-0.2619999945163727,4,14
imu,1777665304.5391307,1622541257000,-0.35943514108657837,-5.369522571563721,-10.033080101013184,-1.0042866468429565,0.01136944629251957,0.44888222217559814,40.4263937,-86.92742729999999,174.90800000000002,0.3610000014305115,-0.6809999942779541,-0.2619999945163727,4,14
imu,1777665304.5479443,1622551257000,-0.55146723985672,-4.754645824432373,-9.783101081848145,-1.173896074295044,0.044766806066036224,0.5748817324638367,40.4263937,-86.92742729999999,174.90800000000002,0.3610000014305115,-0.6809999942779541,-0.2619999945163727,4,14
imu,1777665304.5637043,1622561257000,-0.7974204421043396,-4.117780685424805,-9.716922760009766,-1.1004652976989746,0.07077456265687943,0.7098326086997986,40.4263937,-86.92742729999999,174.90800000000002,0.3610000014305115,-0.6809999942779541,-0.2619999945163727,4,14
imu,1777665304.5680587,1622571257000,-0.9102361798286438,-3.9432966709136963,-9.908308029174805,-1.0163687467575073,0.13649804890155792,0.8189311027526855,40.4263937,-86.92742729999999,174.90800000000002,0.3610000014305115,-0.6809999942779541,-0.2619999945163727,4,14
imu,1777665304.585987,1622581257000,-1.1828725337982178,-3.692294120788574,-10.226449966430664,-0.9601302742958069,0.22229397296905518,0.9577179551124573,40.4263937,-86.92742729999999,174.90800000000002,0.3610000014305115,-0.6809999942779541,-0.2619999945163727,4,14
imu,1777665304.5892546,1622591257000,-1.3053375482559204,-3.1100432872772217,-10.563483238220215,-0.8677294850349426,0.2716250419616699,1.0846623182296753,40.4263937,-86.92742729999999,174.90800000000002,0.3610000014305115,-0.6809999942779541,-0.2619999945163727,4,14
imu,1777665304.5982075,1622601257000,-1.4642750024795532,-2.6421687602996826,-10.834951400756836,-0.6705357432365417,0.2669627070426941,1.1925387382507324,40.4263937,-86.92742729999999,174.90800000000002,0.3610000014305115,-0.6809999942779541,-0.2619999945163727,4,14
imu,1777665304.613919,1622611257000,-1.5030498504638672,-2.312446355819702,-10.492895126342773,-0.38654637336730957,0.2160760909318924,1.2845946550369263,40.4263937,-86.92742729999999,174.90800000000002,0.3610000014305115,-0.6809999942779541,-0.2619999945163727,4,14
imu,1777665304.6184886,1622621257000,-1.254323959350586,-2.1673474311828613,-10.403097152709961,-0.12781743705272675,0.1749744415283203,1.4353516101837158,40.4263937,-86.92742729999999,174.90800000000002,0.3610000014305115,-0.6809999942779541,-0.2619999945163727,4,14
imu,1777665304.6355975,1622631257000,-1.5154443979263306,-2.1062726974487305,-10.312747955322266,-0.06384733319282532,0.20507262647151947,1.5768438577651978,40.4263937,-86.92742729999999,174.90800000000002,0.3610000014305115,-0.6809999942779541,-0.2619999945163727,4,14
imu,1777665304.6389508,1622641256000,-1.4863494634628296,-1.644000768661499,-10.197012901306152,-0.07761146873235703,0.2801618278026581,1.741136908531189,40.4263937,-86.92742729999999,174.90800000000002,0.3610000014305115,-0.6809999942779541,-0.2619999945163727,4,14
imu,1777665304.6503954,1622651257000,-1.693145751953125,-1.0957696437835693,-10.26357650756836,-0.06956124305725098,0.36028313636779785,1.8520978689193726,40.4263955,-86.9274283,174.752,0.0820000022649765,-0.382999986410141,-0.2199999988079071,4,13
imu,1777665304.6661365,1622661257000,-1.8127236366271973,-0.4766794443130493,-10.40771770477295,-0.01560070551931858,0.3978520631790161,1.9004240036010742,40.4263955,-86.9274283,174.752,0.0820000022649765,-0.382999986410141,-0.2199999988079071,4,13
imu,1777665304.669483,1622671257000,-1.6800111532211304,-0.38139235973358154,-10.719318389892578,-0.022431664168834686,0.4384046196937561,1.89859938621521,40.4263955,-86.9274283,174.752,0.0820000022649765,-0.382999986410141,-0.2199999988079071,4,13
imu,1777665304.6864102,1622681257000,-1.6170493364334106,-0.8512118458747864,-10.90903091430664,-0.04731852188706398,0.45449602603912354,1.8775466680526733,40.4263955,-86.9274283,174.752,0.0820000022649765,-0.382999986410141,-0.2199999988079071,4,13
imu,1777665304.688802,1622691257000,-1.5977180004119873,-1.3254597187042236,-10.951066970825195,-0.012123560532927513,0.40982726216316223,1.9251718521118164,40.4263955,-86.9274283,174.752,0.0820000022649765,-0.382999986410141,-0.2199999988079071,4,13
imu,1777665304.697888,1622701257000,-1.4782955646514893,-1.864141583442688,-10.932241439819336,0.08126136660575867,0.35430967807769775,2.020446300506592,40.4263955,-86.9274283,174.752,0.0820000022649765,-0.382999986410141,-0.2199999988079071,4,13
imu,1777665304.713462,1622711257000,-1.4736777544021606,-2.1194043159484863,-10.957893371582031,0.1863110363483429,0.32237499952316284,2.1227059364318848,40.4263955,-86.9274283,174.752,0.0820000022649765,-0.382999986410141,-0.2199999988079071,4,13
imu,1777665304.718088,1622721257000,-1.587938904762268,-2.0097033977508545,-11.025386810302734,0.1806757152080536,0.3017222583293915,2.234886646270752,40.4263955,-86.9274283,174.752,0.0820000022649765,-0.382999986410141,-0.2199999988079071,4,13
imu,1777665304.7359917,1622731257000,-1.6908820867538452,-1.6676921844482422,-10.774436950683594,0.2047652006149292,0.26119858026504517,2.2965660095214844,40.4263955,-86.9274283,174.752,0.0820000022649765,-0.382999986410141,-0.2199999988079071,4,13
imu,1777665304.739511,1622741257000,-1.7927378416061401,-1.5434149503707886,-10.526092529296875,0.28883618116378784,0.2349158078432083,2.3193960189819336,40.4263955,-86.9274283,174.752,0.0820000022649765,-0.382999986410141,-0.2199999988079071,4,13
imu,1777665304.7474065,1622751257000,-1.9496097564697266,-1.203102469444275,-10.30422592163086,0.45835596323013306,0.2022375911474228,2.3116819858551025,40.4263955,-86.9274283,174.752,0.0820000022649765,-0.382999986410141,-0.2199999988079071,4,13
imu,1777665304.7644894,1622761257000,-1.9333579540252686,-1.1632779836654663,-10.169374465942383,0.6764919757843018,0.14603276550769806,2.2372093200683594,40.4263955,-86.9274283,174.752,0.0820000022649765,-0.382999986410141,-0.2199999988079071,4,13
imu,1777665304.7680373,1622771257000,-1.9740349054336548,-1.246366024017334,-9.836906433105469,0.9184650778770447,0.12720514833927155,2.1311984062194824,40.4263955,-86.9274283,174.752,0.0820000022649765,-0.382999986410141,-0.2199999988079071,4,13
imu,1777665304.7860534,1622781257000,-2.0173420906066895,-1.9769718647003174,-9.47744083404541,1.093030333518982,0.1293017864227295,2.0345189571380615,40.4263955,-86.9274283,174.752,0.0820000022649765,-0.382999986410141,-0.2199999988079071,4,13
imu,1777665304.789538,1622791257000,-2.0724101066589355,-3.030822992324829,-9.312816619873047,1.2011573314666748,0.1701645851135254,2.0362966060638428,40.4263955,-86.9274283,174.752,0.0820000022649765,-0.382999986410141,-0.2199999988079071,4,13
imu,1777665304.797506,1622801257000,-2.1260483264923096,-3.146204948425293,-9.144659996032715,1.2840392589569092,0.20548689365386963,2.1499009132385254,40.4263955,-86.9274283,174.752,0.0820000022649765,-0.382999986410141,-0.2199999988079071,4,13
imu,1777665304.8134851,1622811257000,-2.1537485122680664,-2.643345355987549,-9.20687484741211,1.3167563676834106,0.21309463679790497,2.1984007358551025,40.4263955,-86.9274283,174.752,0.0820000022649765,-0.382999986410141,-0.2199999988079071,4,13
imu,1777665304.818019,1622821257000,-2.1482226848602295,-2.472369909286499,-9.099742889404297,1.2706971168518066,0.23659378290176392,2.170543670654297,40.4263955,-86.9274283,174.752,0.0820000022649765,-0.382999986410141,-0.2199999988079071,4,13
imu,1777665304.8360927,1622831257000,-2.237112045288086,-2.185755968093872,-8.98208236694336,1.2266782522201538,0.2548946738243103,2.1284806728363037,40.4263955,-86.9274283,174.752,0.0820000022649765,-0.382999986410141,-0.2199999988079071,4,13
imu,1777665304.8394723,1622841257000,-2.280884027481079,-1.8861557245254517,-9.184125900268555,1.1781219244003296,0.2766444981098175,2.075409173965454,40.4263955,-86.9274283,174.752,0.0820000022649765,-0.382999986410141,-0.2199999988079071,4,13
imu,1777665304.8473527,1622851257000,-2.4804399013519287,-1.8149282932281494,-9.660360336303711,1.0755994319915771,0.30210331082344055,2.0175867080688477,40.4263956,-86.9274283,174.585,-0.7319999933242798,-0.6460000276565552,-0.06199999898672104,4,14
imu,1777665304.8643284,1622861257000,-2.543315887451172,-1.6363675594329834,-10.192130088806152,0.9269435405731201,0.29825079441070557,1.9891457557678223,40.4263956,-86.9274283,174.585,-0.7319999933242798,-0.6460000276565552,-0.06199999898672104,4,14
imu,1777665304.867644,1622871257000,-2.7994182109832764,-1.3693087100982666,-10.322480201721191,0.874058187007904,0.2479369193315506,1.9705942869186401,40.4263956,-86.9274283,174.585,-0.7319999933242798,-0.6460000276565552,-0.06199999898672104,4,14
imu,1777665304.88557,1622881257000,-3.039484739303589,-0.985934853553772,-10.391767501831055,0.9284490346908569,0.21534526348114014,1.9648059606552124,40.4263956,-86.9274283,174.585,-0.7319999933242798,-0.6460000276565552,-0.06199999898672104,4,14
imu,1777665304.8898876,1622891257000,-3.4204680919647217,-0.0994497612118721,-10.571723937988281,1.0364042520523071,0.1686742752790451,1.9096202850341797,40.4263956,-86.9274283,174.585,-0.7319999933242798,-0.6460000276565552,-0.06199999898672104,4,14
imu,1777665304.8977194,1622901257000,-3.5626566410064697,0.18972602486610413,-10.502840042114258,1.1217378377914429,0.0784858986735344,1.7841781377792358,40.4263956,-86.9274283,174.585,-0.7319999933242798,-0.6460000276565552,-0.06199999898672104,4,14
imu,1777665304.9134543,1622911257000,-3.850893974304199,0.5727291703224182,-10.023672103881836,1.1735038757324219,0.0009947509970515966,1.6436824798583984,40.4263956,-86.9274283,174.585,-0.7319999933242798,-0.6460000276565552,-0.06199999898672104,4,14
imu,1777665304.9177816,1622921257000,-3.921937942504883,0.7080971598625183,-9.460740089416504,1.1495857238769531,-0.06837902963161469,1.4583768844604492,40.4263956,-86.9274283,174.585,-0.7319999933242798,-0.6460000276565552,-0.06199999898672104,4,14
imu,1777665304.9357712,1622931257000,-4.04935884475708,0.9162735342979431,-8.680610656738281,1.0071970224380493,-0.057289477437734604,1.2786850929260254,40.4263956,-86.9274283,174.585,-0.7319999933242798,-0.6460000276565552,-0.06199999898672104,4,14
imu,1777665304.9402494,1622941257000,-4.070549011230469,0.08568120002746582,-8.22685432434082,0.9461274743080139,0.03421603888273239,1.1856938600540161,40.4263956,-86.9274283,174.585,-0.7319999933242798,-0.6460000276565552,-0.06199999898672104,4,14
imu,1777665304.948084,1622951257000,-4.111563682556152,-0.40574175119400024,-8.437433242797852,0.8789925575256348,0.20128796994686127,1.204330325126648,40.4263956,-86.9274283,174.585,-0.7319999933242798,-0.6460000276565552,-0.06199999898672104,4,14
imu,1777665304.963614,1622961257000,-3.8929052352905273,-0.0029429830610752106,-9.663033485412598,0.8314522504806519,0.3049670457839966,1.2791563272476196,40.4263956,-86.9274283,174.585,-0.7319999933242798,-0.6460000276565552,-0.06199999898672104,4,14
imu,1777665304.9682193,1622971257000,-3.722848415374756,0.5240939855575562,-10.541364669799805,0.7128991484642029,0.2767709493637085,1.2812756299972534,40.4263956,-86.9274283,174.585,-0.7319999933242798,-0.6460000276565552,-0.06199999898672104,4,14
imu,1777665304.9860966,1622981257000,-3.662822961807251,1.2119935750961304,-10.710132598876953,0.5851156115531921,0.14677277207374573,1.225508451461792,40.4263956,-86.9274283,174.585,-0.7319999933242798,-0.6460000276565552,-0.06199999898672104,4,14
imu,1777665304.9895751,1622991257000,-3.6359989643096924,1.901757001876831,-10.511618614196777,0.508994996547699,-0.014391881413757801,1.1073675155639648,40.4263956,-86.9274283,174.585,-0.7319999933242798,-0.6460000276565552,-0.06199999898672104,4,14
imu,1777665304.9972465,1623001257000,-3.5482447147369385,2.169229745864868,-10.262060165405273,0.4636853039264679,-0.14217282831668854,0.9085817933082581,40.4263956,-86.9274283,174.585,-0.7319999933242798,-0.6460000276565552,-0.06199999898672104,4,14
imu,1777665305.0145426,1623011257000,-3.4444501399993896,1.4307215213775635,-10.042725563049316,0.34651872515678406,-0.18395300209522247,0.7250708341598511,40.4263956,-86.9274283,174.585,-0.7319999933242798,-0.6460000276565552,-0.06199999898672104,4,14
imu,1777665305.017805,1623021257000,-3.257344961166382,1.0441899299621582,-9.93301773071289,0.18295465409755707,-0.14797554910182953,0.650096595287323,40.4263956,-86.9274283,174.585,-0.7319999933242798,-0.6460000276565552,-0.06199999898672104,4,14
imu,1777665305.037102,1623031257000,-2.9085075855255127,0.7580658793449402,-9.919831275939941,0.06995704025030136,-0.08006858825683594,0.6298792362213135,40.4263956,-86.9274283,174.585,-0.7319999933242798,-0.6460000276565552,-0.06199999898672104,4,14
imu,1777665305.0394583,1623041257000,-2.7285566329956055,0.46810680627822876,-10.408641815185547,-0.03763831406831741,0.00811883993446827,0.7054005265235901,40.4263956,-86.9274283,174.585,-0.7319999933242798,-0.6460000276565552,-0.06199999898672104,4,14
imu,1777665305.047249,1623051257000,-2.6743876934051514,1.5513136386871338,-10.965932846069336,-0.09101467579603195,0.05354852229356766,0.8019137978553772,40.4263969,-86.9274301,173.716,-0.7289999723434448,-0.03700000047683716,0.46299999952316284,4,13
imu,1777665305.0642052,1623061257000,-2.4002838134765625,2.7354745864868164,-11.381881713867188,-0.059010155498981476,0.030520852655172348,0.7411359548568726,40.4263969,-86.9274301,173.716,-0.7289999723434448,-0.03700000047683716,0.46299999952316284,4,13
imu,1777665305.0675912,1623071257000,-2.3288445472717285,3.336305618286133,-11.166923522949219,0.06778649240732193,-0.02740449272096157,0.5458480715751648,40.4263969,-86.9274301,173.716,-0.7289999723434448,-0.03700000047683716,0.46299999952316284,4,13
imu,1777665305.0854585,1623081257000,-2.1825571060180664,3.2828192710876465,-10.972417831420898,0.225141242146492,-0.0978916808962822,0.31416571140289307,40.4263969,-86.9274301,173.716,-0.7289999723434448,-0.03700000047683716,0.46299999952316284,4,13
imu,1777665305.0898676,1623091257000,-2.050816535949707,2.657033920288086,-10.558293342590332,0.3283838629722595,-0.16599585115909576,0.12199124693870544,40.4263969,-86.9274301,173.716,-0.7289999723434448,-0.03700000047683716,0.46299999952316284,4,13
imu,1777665305.0976076,1623101257000,-1.7626605033874512,1.7390540838241577,-10.412008285522461,0.1918697953224182,-0.1997477263212204,0.027773361653089523,40.4263969,-86.9274301,173.716,-0.7289999723434448,-0.03700000047683716,0.46299999952316284,4,13
imu,1777665305.1131356,1623111257000,-1.6675440073013306,1.1662219762802124,-10.401870727539062,-0.1888543963432312,-0.20769059658050537,0.02768644131720066,40.4263969,-86.9274301,173.716,-0.7289999723434448,-0.03700000047683716,0.46299999952316284,4,13
imu,1777665305.117597,1623121257000,-1.257053017616272,1.3171441555023193,-10.116506576538086,-0.4656168520450592,-0.2430979311466217,0.09163390845060349,40.4263969,-86.9274301,173.716,-0.7289999723434448,-0.03700000047683716,0.46299999952316284,4,13
imu,1777665305.1353004,1623131257000,-1.0581269264221191,1.0167709589004517,-9.875316619873047,-0.5720469951629639,-0.19914312660694122,0.23405784368515015,40.4263969,-86.9274301,173.716,-0.7289999723434448,-0.03700000047683716,0.46299999952316284,4,13
imu,1777665305.1399426,1623141257000,-0.9305541515350342,1.7457996606826782,-9.785593032836914,-0.43222776055336,-0.12278596311807632,0.38605648279190063,40.4263969,-86.9274301,173.716,-0.7289999723434448,-0.03700000047683716,0.46299999952316284,4,13
imu,1777665305.148784,1623151257000,-0.6327046751976013,2.766343593597412,-10.465888977050781,-0.2183382362127304,-0.07748907059431076,0.3902801275253296,40.4263969,-86.9274301,173.716,-0.7289999723434448,-0.03700000047683716,0.46299999952316284,4,13
imu,1777665305.1643932,1623161257000,-0.5033389329910278,3.4446966648101807,-10.829568862915039,-0.16069863736629486,-0.046645306050777435,0.2247128188610077,40.4263969,-86.9274301,173.716,-0.7289999723434448,-0.03700000047683716,0.46299999952316284,4,13
imu,1777665305.167583,1623171257000,-0.42262357473373413,3.7911376953125,-10.626362800598145,-0.102200448513031,-0.055122025310993195,0.0020159613341093063,40.4263969,-86.9274301,173.716,-0.7289999723434448,-0.03700000047683716,0.46299999952316284,4,13
imu,1777665305.185461,1623181257000,-0.29891717433929443,3.5800132751464844,-10.306747436523438,0.022562045603990555,-0.11615171283483505,-0.1926426887512207,40.4263969,-86.9274301,173.716,-0.7289999723434448,-0.03700000047683716,0.46299999952316284,4,13
imu,1777665305.1897852,1623191257000,-0.07477545738220215,2.3385002613067627,-10.305655479431152,-0.04388505965471268,-0.1517648696899414,-0.2875426113605499,40.4263969,-86.9274301,173.716,-0.7289999723434448,-0.03700000047683716,0.46299999952316284,4,13
imu,1777665305.1976087,1623201257000,0.1663752794265747,1.643618106842041,-10.238473892211914,-0.2646780014038086,-0.13428087532520294,-0.22879768908023834,40.4263969,-86.9274301,173.716,-0.7289999723434448,-0.03700000047683716,0.46299999952316284,4,13
imu,1777665305.214213,1623211257000,0.3360525071620941,1.5948257446289062,-10.532384872436523,-0.5055275559425354,-0.11694343388080597,-0.10212619602680206,40.4263969,-86.9274301,173.716,-0.7289999723434448,-0.03700000047683716,0.46299999952316284,4,13
imu,1777665305.2175696,1623221257000,0.4979860484600067,2.404733180999756,-10.925987243652344,-0.7413134574890137,-0.08965201675891876,-0.01797514222562313,40.4263969,-86.9274301,173.716,-0.7289999723434448,-0.03700000047683716,0.46299999952316284,4,13
imu,1777665305.2354527,1623231257000,0.45745566487312317,3.4817285537719727,-10.772262573242188,-0.7699446082115173,-0.12106886506080627,-0.06213432922959328,40.4263969,-86.9274301,173.716,-0.7289999723434448,-0.03700000047683716,0.46299999952316284,4,13
imu,1777665305.239985,1623241257000,0.3853287994861603,4.365087032318115,-10.530210494995117,-0.598538339138031,-0.17042435705661774,-0.1668575406074524,40.4263969,-86.9274301,173.716,-0.7289999723434448,-0.03700000047683716,0.46299999952316284,4,13
imu,1777665305.2482007,1623251257000,0.4003334641456604,4.727599143981934,-10.203011512756348,-0.39514800906181335,-0.18549272418022156,-0.355326384305954,40.4263982,-86.92743039999999,173.197,-0.22699999809265137,0.6850000023841858,-0.07999999821186066,4,13
imu,1777665305.2646005,1623261257000,0.26034703850746155,4.721287250518799,-9.652369499206543,-0.20678679645061493,-0.1651497185230255,-0.557296872138977,40.4263982,-86.92743039999999,173.197,-0.22699999809265137,0.6850000023841858,-0.07999999821186066,4,13
imu,1777665305.2679784,1623271257000,0.47760459780693054,4.36002779006958,-9.243067741394043,-0.054497960954904556,-0.14386774599552155,-0.7292106747627258,40.4263982,-86.92743039999999,173.197,-0.22699999809265137,0.6850000023841858,-0.07999999821186066,4,13
imu,1777665305.2860043,1623281257000,0.7964184880256653,2.5522639751434326,-9.597561836242676,-0.02009202539920807,-0.03821899741888046,-0.7866281270980835,40.4263982,-86.92743039999999,173.197,-0.22699999809265137,0.6850000023841858,-0.07999999821186066,4,13
imu,1777665305.2892706,1623291257000,1.0070381164550781,1.7726885080337524,-9.79331111907959,-0.11735710501670837,0.06733012199401855,-0.7093501091003418,40.4263982,-86.92743039999999,173.197,-0.22699999809265137,0.6850000023841858,-0.07999999821186066,4,13
imu,1777665305.297112,1623301257000,1.1183476448059082,2.303551197052002,-10.373887062072754,-0.12109996378421783,0.05080792307853699,-0.5677849650382996,40.4263982,-86.92743039999999,173.197,-0.22699999809265137,0.6850000023841858,-0.07999999821186066,4,13
imu,1777665305.315054,1623311257000,1.3524186611175537,2.8393590450286865,-10.804872512817383,-0.1481362134218216,-0.0031418658327311277,-0.5487697720527649,40.4263982,-86.92743039999999,173.197,-0.22699999809265137,0.6850000023841858,-0.07999999821186066,4,13
imu,1777665305.3181705,1623321257000,1.3148783445358276,3.236199378967285,-11.036256790161133,-0.21511369943618774,-0.07849332690238953,-0.626203715801239,40.4263982,-86.92743039999999,173.197,-0.22699999809265137,0.6850000023841858,-0.07999999821186066,4,13
imu,1777665305.3350568,1623331257000,1.4567885398864746,3.4900450706481934,-11.072171211242676,-0.2937571406364441,-0.15726472437381744,-0.7442571520805359,40.4263982,-86.92743039999999,173.197,-0.22699999809265137,0.6850000023841858,-0.07999999821186066,4,13
imu,1777665305.3395498,1623341257000,1.619573950767517,3.223388671875,-11.249177932739258,-0.2808298170566559,-0.24144203960895538,-0.8641347289085388,40.4263982,-86.92743039999999,173.197,-0.22699999809265137,0.6850000023841858,-0.07999999821186066,4,13
imu,1777665305.3485055,1623351257000,1.768187403678894,2.7999014854431152,-11.196991920471191,-0.22938883304595947,-0.28339794278144836,-0.980094313621521,40.4263982,-86.92743039999999,173.197,-0.22699999809265137,0.6850000023841858,-0.07999999821186066,4,13
imu,1777665305.3640742,1623361257000,1.9167289733886719,2.451551914215088,-11.004462242126465,-0.12616612017154694,-0.3420175611972809,-1.0329360961914062,40.4263982,-86.92743039999999,173.197,-0.22699999809265137,0.6850000023841858,-0.07999999821186066,4,13
imu,1777665305.368638,1623371257000,2.11838960647583,1.8366538286209106,-10.998684883117676,-0.09606478363275528,-0.385457843542099,-1.0510462522506714,40.4263982,-86.92743039999999,173.197,-0.22699999809265137,0.6850000023841858,-0.07999999821186066,4,13
imu,1777665305.3852696,1623381257000,2.3543221950531006,1.5133017301559448,-10.840970039367676,-0.11751411855220795,-0.42798393964767456,-1.0285626649856567,40.4263982,-86.92743039999999,173.197,-0.22699999809265137,0.6850000023841858,-0.07999999821186066,4,13
imu,1777665305.3898604,1623391257000,2.4599721431732178,1.3613029718399048,-10.667702674865723,-0.25806549191474915,-0.4568518102169037,-0.981749415397644,40.4263982,-86.92743039999999,173.197,-0.22699999809265137,0.6850000023841858,-0.07999999821186066,4,13
imu,1777665305.3987784,1623401257000,2.5689568519592285,1.7971161603927612,-10.556913375854492,-0.4358358681201935,-0.48949769139289856,-0.9385480880737305,40.4263982,-86.92743039999999,173.197,-0.22699999809265137,0.6850000023841858,-0.07999999821186066,4,13
imu,1777665305.414451,1623411257000,2.7625653743743896,2.317082643508911,-10.557881355285645,-0.5372952222824097,-0.5152940154075623,-0.9464477896690369,40.4263982,-86.92743039999999,173.197,-0.22699999809265137,0.6850000023841858,-0.07999999821186066,4,13
imu,1777665305.4190826,1623421257000,2.773430347442627,2.4529144763946533,-10.475768089294434,-0.5669918060302734,-0.5086029171943665,-0.9900478720664978,40.4263982,-86.92743039999999,173.197,-0.22699999809265137,0.6850000023841858,-0.07999999821186066,4,13
imu,1777665305.4358432,1623431257000,3.029916286468506,3.0572969913482666,-10.523883819580078,-0.4658375084400177,-0.5350104570388794,-1.0051207542419434,40.4263982,-86.92743039999999,173.197,-0.22699999809265137,0.6850000023841858,-0.07999999821186066,4,13
imu,1777665305.4391375,1623441257000,3.3004279136657715,3.214385509490967,-10.740080833435059,-0.35566994547843933,-0.5397096872329712,-1.109216570854187,40.4263982,-86.92743039999999,173.197,-0.22699999809265137,0.6850000023841858,-0.07999999821186066,4,13
imu,1777665305.4481535,1623451257000,3.513171911239624,2.8524997234344482,-10.946534156799316,-0.35767075419425964,-0.5596007704734802,-1.2182109355926514,40.426401,-86.9274295,172.434,0.17399999499320984,1.0809999704360962,0.3059999942779541,4,14
imu,1777665305.463873,1623461257000,3.740772008895874,2.440129518508911,-11.082573890686035,-0.4046803116798401,-0.6170879602432251,-1.287055492401123,40.426401,-86.9274295,172.434,0.17399999499320984,1.0809999704360962,0.3059999942779541,4,14
imu,1777665305.4684613,1623471257000,3.7499544620513916,1.9904998540878296,-11.101533889770508,-0.49360448122024536,-0.6898476481437683,-1.3153817653656006,40.426401,-86.9274295,172.434,0.17399999499320984,1.0809999704360962,0.3059999942779541,4,14
imu,1777665305.4852297,1623481257000,3.8462438583374023,2.050520896911621,-11.062190055847168,-0.5746412873268127,-0.772404670715332,-1.330467700958252,40.426401,-86.9274295,172.434,0.17399999499320984,1.0809999704360962,0.3059999942779541,4,14
imu,1777665305.4895487,1623491257000,3.721747875213623,1.917641043663025,-10.699506759643555,-0.539635419845581,-0.8804193735122681,-1.4312742948532104,40.426401,-86.9274295,172.434,0.17399999499320984,1.0809999704360962,0.3059999942779541,4,14
imu,1777665305.4985356,1623501257000,3.603607416152954,1.5059162378311157,-10.131867408752441,-0.4322214722633362,-0.9072675704956055,-1.5300110578536987,40.426401,-86.9274295,172.434,0.17399999499320984,1.0809999704360962,0.3059999942779541,4,14
imu,1777665305.514199,1623511257000,3.537977695465088,0.892313539981842,-9.801531791687012,-0.24647636711597443,-0.918959379196167,-1.5942320823669434,40.426401,-86.9274295,172.434,0.17399999499320984,1.0809999704360962,0.3059999942779541,4,14
imu,1777665305.518888,1623521257000,3.3813958168029785,0.381689190864563,-9.501880645751953,-0.13937309384346008,-0.8540036082267761,-1.601056456565857,40.426401,-86.9274295,172.434,0.17399999499320984,1.0809999704360962,0.3059999942779541,4,14
imu,1777665305.5356154,1623531257000,3.323911190032959,0.006442006677389145,-9.20563793182373,-0.10424000024795532,-0.7663328647613525,-1.5999823808670044,40.426401,-86.9274295,172.434,0.17399999499320984,1.0809999704360962,0.3059999942779541,4,14
imu,1777665305.5388112,1623541257000,3.415142774581909,-0.40965643525123596,-9.235119819641113,-0.131329745054245,-0.6657997965812683,-1.6384484767913818,40.426401,-86.9274295,172.434,0.17399999499320984,1.0809999704360962,0.3059999942779541,4,14
imu,1777665305.548859,1623551257000,3.394435167312622,-0.8226485252380371,-9.431696891784668,-0.1720387041568756,-0.5889502763748169,-1.6304810047149658,40.426401,-86.9274295,172.434,0.17399999499320984,1.0809999704360962,0.3059999942779541,4,14
imu,1777665305.564425,1623561257000,3.4879653453826904,-1.7356094121932983,-10.013168334960938,-0.2676692008972168,-0.5755858421325684,-1.588308334350586,40.426401,-86.9274295,172.434,0.17399999499320984,1.0809999704360962,0.3059999942779541,4,14
imu,1777665305.5680559,1623571257000,3.4382779598236084,-2.0919384956359863,-10.015305519104004,-0.4788810610771179,-0.5829424858093262,-1.4905730485916138,40.426401,-86.9274295,172.434,0.17399999499320984,1.0809999704360962,0.3059999942779541,4,14
imu,1777665305.5869238,1623581257000,3.237431764602661,-1.899925947189331,-9.510951042175293,-0.6072793006896973,-0.5842293500900269,-1.368638277053833,40.426401,-86.9274295,172.434,0.17399999499320984,1.0809999704360962,0.3059999942779541,4,14
imu,1777665305.5891857,1623591257000,3.1795814037323,-1.1877965927124023,-9.084991455078125,-0.5997975468635559,-0.5663366913795471,-1.2738938331604004,40.426401,-86.9274295,172.434,0.17399999499320984,1.0809999704360962,0.3059999942779541,4,14
imu,1777665305.5980973,1623601257000,2.973375082015991,-0.5186997652053833,-8.74875259399414,-0.5162662863731384,-0.51774662733078,-1.2956491708755493,40.426401,-86.9274295,172.434,0.17399999499320984,1.0809999704360962,0.3059999942779541,4,14
imu,1777665305.614877,1623611257000,2.7227509021759033,-0.3025347888469696,-8.60220718383789,-0.3544157147407532,-0.4546649754047394,-1.3839542865753174,40.426401,-86.9274295,172.434,0.17399999499320984,1.0809999704360962,0.3059999942779541,4,14
imu,1777665305.618161,1623621257000,2.8239328861236572,-0.5745750665664673,-8.31241226196289,-0.14840681850910187,-0.35023099184036255,-1.4796366691589355,40.426401,-86.9274295,172.434,0.17399999499320984,1.0809999704360962,0.3059999942779541,4,14
imu,1777665305.6361506,1623631257000,3.0149354934692383,-1.4362987279891968,-8.376812934875488,0.04217816889286041,-0.19527602195739746,-1.5386680364608765,40.426401,-86.9274295,172.434,0.17399999499320984,1.0809999704360962,0.3059999942779541,4,14
imu,1777665305.6395526,1623641257000,3.192209482192993,-2.06323504447937,-8.806527137756348,0.15788817405700684,-0.09649233520030975,-1.5384016036987305,40.426401,-86.9274295,172.434,0.17399999499320984,1.0809999704360962,0.3059999942779541,4,14
imu,1777665305.6483798,1623651257000,3.3539607524871826,-2.533508777618408,-9.220105171203613,0.040372103452682495,-0.04241112992167473,-1.483368158340454,40.4264047,-86.9274291,171.83100000000002,0.8690000176429749,0.6949999928474426,0.2630000114440918,4,13
imu,1777665305.6639776,1623661257000,3.4777252674102783,-2.157599449157715,-9.053515434265137,-0.1975337713956833,-0.026969172060489655,-1.3947749137878418,40.4264047,-86.9274291,171.83100000000002,0.8690000176429749,0.6949999928474426,0.2630000114440918,4,13
imu,1777665305.6685643,1623671257000,3.5720529556274414,-1.7322176694869995,-8.707110404968262,-0.33460095524787903,-0.03976459428668022,-1.320556402206421,40.4264047,-86.9274291,171.83100000000002,0.8690000176429749,0.6949999928474426,0.2630000114440918,4,13
imu,1777665305.6862853,1623681257000,3.398632287979126,-1.72298264503479,-8.78288459777832,-0.40789905190467834,-0.0501101128757,-1.2941956520080566,40.4264047,-86.9274291,171.83100000000002,0.8690000176429749,0.6949999928474426,0.2630000114440918,4,13
imu,1777665305.6897862,1623691257000,2.7234702110290527,-2.3297743797302246,-8.855313301086426,-0.5216994285583496,-0.013751726597547531,-1.2872873544692993,40.4264047,-86.9274291,171.83100000000002,0.8690000176429749,0.6949999928474426,0.2630000114440918,4,13
imu,1777665305.698852,1623701257000,2.0685479640960693,-2.5639071464538574,-8.841676712036133,-0.526454508304596,0.035311028361320496,-1.2516311407089233,40.4264047,-86.9274291,171.83100000000002,0.8690000176429749,0.6949999928474426,0.2630000114440918,4,13
imu,1777665305.7144766,1623711257000,1.9259265661239624,-2.5022497177124023,-9.014989852905273,-0.4524785876274109,0.059463340789079666,-1.18826425075531,40.4264047,-86.9274291,171.83100000000002,0.8690000176429749,0.6949999928474426,0.2630000114440918,4,13
imu,1777665305.7177489,1623721257000,1.9813041687011719,-2.041569232940674,-9.411528587341309,-0.33556175231933594,0.0814681202173233,-1.1698952913284302,40.4264047,-86.9274291,171.83100000000002,0.8690000176429749,0.6949999928474426,0.2630000114440918,4,13
imu,1777665305.7367215,1623731257000,2.022429943084717,-1.863516092300415,-9.64890193939209,-0.288862019777298,0.06888893991708755,-1.186209797859192,40.4264047,-86.9274291,171.83100000000002,0.8690000176429749,0.6949999928474426,0.2630000114440918,4,13
imu,1777665305.7391083,1623741257000,2.178023338317871,-1.7655649185180664,-9.657014846801758,-0.37678369879722595,0.08399990200996399,-1.1409379243850708,40.4264047,-86.9274291,171.83100000000002,0.8690000176429749,0.6949999928474426,0.2630000114440918,4,13
imu,1777665305.7479103,1623751257000,2.3004698753356934,-1.2084717750549316,-9.751237869262695,-0.4862114191055298,0.10764732211828232,-1.0848041772842407,40.4264047,-86.9274291,171.83100000000002,0.8690000176429749,0.6949999928474426,0.2630000114440918,4,13
imu,1777665305.764813,1623761257000,2.2676477432250977,-0.7012142539024353,-10.136746406555176,-0.534366250038147,0.14170120656490326,-1.0727102756500244,40.4264047,-86.9274291,171.83100000000002,0.8690000176429749,0.6949999928474426,0.2630000114440918,4,13
imu,1777665305.7681227,1623771257000,2.0650596618652344,-0.38817015290260315,-10.550183296203613,-0.5316842794418335,0.20307274162769318,-1.0605363845825195,40.4264047,-86.9274291,171.83100000000002,0.8690000176429749,0.6949999928474426,0.2630000114440918,4,13
imu,1777665305.7862122,1623781257000,1.7685784101486206,-0.3372640013694763,-11.320301055908203,-0.5848434567451477,0.2258196473121643,-1.0406537055969238,40.4264047,-86.9274291,171.83100000000002,0.8690000176429749,0.6949999928474426,0.2630000114440918,4,13
imu,1777665305.7895007,1623791257000,1.8332570791244507,-0.3458402156829834,-11.826740264892578,-0.7535631656646729,0.23704373836517334,-1.0447876453399658,40.4264047,-86.9274291,171.83100000000002,0.8690000176429749,0.6949999928474426,0.2630000114440918,4,13
imu,1777665305.7984474,1623801257000,1.7462317943572998,-0.12244924157857895,-12.310545921325684,-0.9059062004089355,0.2331872135400772,-1.0259679555892944,40.4264047,-86.9274291,171.83100000000002,0.8690000176429749,0.6949999928474426,0.2630000114440918,4,13
imu,1777665305.8143284,1623811257000,1.667651653289795,1.1389505863189697,-12.34732437133789,-0.8978772759437561,0.20173075795173645,-1.0552232265472412,40.4264047,-86.9274291,171.83100000000002,0.8690000176429749,0.6949999928474426,0.2630000114440918,4,13
imu,1777665305.81875,1623821257000,1.7168920040130615,1.787277102470398,-12.205682754516602,-0.570306122303009,0.11024095118045807,-1.1835553646087646,40.4264047,-86.9274291,171.83100000000002,0.8690000176429749,0.6949999928474426,0.2630000114440918,4,13
imu,1777665305.8366828,1623831257000,1.5568196773529053,1.0867252349853516,-12.145212173461914,-0.25294166803359985,0.018921921029686928,-1.3777506351470947,40.4264047,-86.9274291,171.83100000000002,0.8690000176429749,0.6949999928474426,0.2630000114440918,4,13
imu,1777665305.8389227,1623841257000,1.49942147731781,0.5197901725769043,-12.072051048278809,-0.04778410866856575,-0.05499836057424545,-1.5376380681991577,40.4264047,-86.9274291,171.83100000000002,0.8690000176429749,0.6949999928474426,0.2630000114440918,4,13
imu,1777665305.8478389,1623851257000,1.63485586643219,-0.3296970725059509,-11.953043937683105,0.05000936612486839,-0.12630847096443176,-1.6891180276870728,40.4264088,-86.9274301,171.42000000000002,1.0149999856948853,-0.3269999921321869,0.1979999989271164,4,13
imu,1777665305.864785,1623861257000,1.5209944248199463,-1.744961142539978,-11.671466827392578,-0.01832902804017067,-0.19471922516822815,-1.775427222251892,40.4264088,-86.9274301,171.42000000000002,1.0149999856948853,-0.3269999921321869,0.1979999989271164,4,13
imu,1777665305.8680499,1623871257000,1.6322426795959473,-2.350813388824463,-11.28846549987793,-0.1078215092420578,-0.3058013916015625,-1.7249246835708618,40.4264088,-86.9274301,171.42000000000002,1.0149999856948853,-0.3269999921321869,0.1979999989271164,4,13
imu,1777665305.8858337,1623881257000,1.7782663106918335,-2.894613027572632,-11.01742172241211,-0.2797069847583771,-0.39945241808891296,-1.6189076900482178,40.4264088,-86.9274301,171.42000000000002,1.0149999856948853,-0.3269999921321869,0.1979999989271164,4,13
imu,1777665305.8892846,1623891257000,1.8733559846878052,-2.7476887702941895,-10.643275260925293,-0.4819124639034271,-0.41362205147743225,-1.5451911687850952,40.4264088,-86.9274301,171.42000000000002,1.0149999856948853,-0.3269999921321869,0.1979999989271164,4,13
imu,1777665305.8982034,1623901257000,1.832833170890808,-2.7491445541381836,-10.420734405517578,-0.5143882036209106,-0.4224943220615387,-1.5571925640106201,40.4264088,-86.9274301,171.42000000000002,1.0149999856948853,-0.3269999921321869,0.1979999989271164,4,13
imu,1777665305.9140167,1623911257000,2.134505033493042,-3.2664122581481934,-10.512539863586426,-0.4268437325954437,-0.3996839225292206,-1.5395724773406982,40.4264088,-86.9274301,171.42000000000002,1.0149999856948853,-0.3269999921321869,0.1979999989271164,4,13
imu,1777665305.918412,1623921257000,1.762730598449707,-4.7430243492126465,-10.42873477935791,-0.3508273661136627,-0.329952597618103,-1.5469951629638672,40.4264088,-86.9274301,171.42000000000002,1.0149999856948853,-0.3269999921321869,0.1979999989271164,4,13
imu,1777665305.9365423,1623931257000,1.528972864151001,-5.704793453216553,-10.319708824157715,-0.23820199072360992,-0.3285466730594635,-1.4484375715255737,40.4264088,-86.9274301,171.42000000000002,1.0149999856948853,-0.3269999921321869,0.1979999989271164,4,13
imu,1777665305.9388025,1623941257000,1.458458423614502,-6.782308578491211,-10.43028736114502,-0.28504303097724915,-0.3696719706058502,-1.2585140466690063,40.4264088,-86.9274301,171.42000000000002,1.0149999856948853,-0.3269999921321869,0.1979999989271164,4,13
imu,1777665305.9490538,1623951257000,1.2579193115234375,-6.195583820343018,-10.081090927124023,-0.46084755659103394,-0.42377525568008423,-1.1000264883041382,40.4264088,-86.9274301,171.42000000000002,1.0149999856948853,-0.3269999921321869,0.1979999989271164,4,13
imu,1777665305.963832,1623961257000,1.255614995956421,-6.029527187347412,-9.384428024291992,-0.4933703541755676,-0.4571976065635681,-0.9525293111801147,40.4264088,-86.9274301,171.42000000000002,1.0149999856948853,-0.3269999921321869,0.1979999989271164,4,13
imu,1777665305.9682922,1623971257000,1.1139962673187256,-5.9689249992370605,-9.254608154296875,-0.437608003616333,-0.4157942831516266,-0.8169596195220947,40.4264088,-86.9274301,171.42000000000002,1.0149999856948853,-0.3269999921321869,0.1979999989271164,4,13
imu,1777665305.9863904,1623981257000,1.0115625858306885,-5.835177898406982,-9.168124198913574,-0.41009950637817383,-0.33065661787986755,-0.6997480392456055,40.4264088,-86.9274301,171.42000000000002,1.0149999856948853,-0.3269999921321869,0.1979999989271164,4,13
imu,1777665305.9897773,1623991257000,0.870353639125824,-6.429002285003662,-9.086549758911133,-0.45370912551879883,-0.24511632323265076,-0.5657758712768555,40.4264088,-86.9274301,171.42000000000002,1.0149999856948853,-0.3269999921321869,0.1979999989271164,4,13
imu,1777665305.9986782,1624001257000,0.7781522274017334,-6.421718120574951,-8.934651374816895,-0.4497631788253784,-0.20000296831130981,-0.3702875077724457,40.4264088,-86.9274301,171.42000000000002,1.0149999856948853,-0.3269999921321869,0.1979999989271164,4,13
imu,1777665306.0146382,1624011257000,0.6438429951667786,-6.204125881195068,-8.700571060180664,-0.47627508640289307,-0.16115650534629822,-0.18158164620399475,40.4264088,-86.9274301,171.42000000000002,1.0149999856948853,-0.3269999921321869,0.1979999989271164,4,13
imu,1777665306.0178356,1624021257000,0.5799315571784973,-5.89215087890625,-8.528554916381836,-0.5646124482154846,-0.06997811794281006,0.016523761674761772,40.4264088,-86.9274301,171.42000000000002,1.0149999856948853,-0.3269999921321869,0.1979999989271164,4,13
imu,1777665306.0359867,1624031257000,0.28430479764938354,-4.875838279724121,-8.29163646697998,-0.46044090390205383,-0.013806723989546299,0.19371533393859863,40.4264088,-86.9274301,171.42000000000002,1.0149999856948853,-0.3269999921321869,0.1979999989271164,4,13
imu,1777665306.0391588,1624041257000,0.3323698043823242,-4.657069206237793,-8.675127029418945,-0.40082186460494995,0.11173661798238754,0.30993735790252686,40.4264088,-86.9274301,171.42000000000002,1.0149999856948853,-0.3269999921321869,0.1979999989271164,4,13
imu,1777665306.050378,1624051257000,0.08318212628364563,-4.596009731292725,-8.876440048217773,-0.4128705561161041,0.2707759141921997,0.4422822594642639,40.4264118,-86.92743209999999,170.895,0.3720000088214874,-0.8690000176429749,0.43700000643730164,4,14
imu,1777665306.0663445,1624061257000,-0.1213625967502594,-3.9915568828582764,-8.826566696166992,-0.27677810192108154,0.3391314446926117,0.6071990132331848,40.4264118,-86.92743209999999,170.895,0.3720000088214874,-0.8690000176429749,0.43700000643730164,4,14
imu,1777665306.0708525,1624071257000,-0.31553933024406433,-3.3163938522338867,-9.066359519958496,-0.22807088494300842,0.399063378572464,0.7637664079666138,40.4264118,-86.92743209999999,170.895,0.3720000088214874,-0.8690000176429749,0.43700000643730164,4,14
imu,1777665306.0865395,1624081257000,-0.529292643070221,-2.717550277709961,-9.098472595214844,-0.19662512838840485,0.43343400955200195,0.846328854560852,40.4264118,-86.92743209999999,170.895,0.3720000088214874,-0.8690000176429749,0.43700000643730164,4,14
imu,1777665306.088674,1624091257000,-0.5523068308830261,-2.380256414413452,-8.84656810760498,-0.11809634417295456,0.4562309682369232,0.9298032522201538,40.4264118,-86.92743209999999,170.895,0.3720000088214874,-0.8690000176429749,0.43700000643730164,4,14
imu,1777665306.097568,1624101257000,-0.37267085909843445,-2.242952823638916,-8.788680076599121,0.05250002071261406,0.5166281461715698,1.046547770500183,40.4264118,-86.92743209999999,170.895,0.3720000088214874,-0.8690000176429749,0.43700000643730164,4,14
imu,1777665306.1143441,1624111257000,-0.5646947622299194,-2.363347291946411,-8.934322357177734,0.1517859846353531,0.584328830242157,1.1736198663711548,40.4264118,-86.92743209999999,170.895,0.3720000088214874,-0.8690000176429749,0.43700000643730164,4,14
imu,1777665306.1177132,1624121257000,-0.4448429048061371,-2.4828593730926514,-9.269871711730957,0.16897624731063843,0.6606107354164124,1.3214805126190186,40.4264118,-86.92743209999999,170.895,0.3720000088214874,-0.8690000176429749,0.43700000643730164,4,14
imu,1777665306.1357634,1624131257000,-0.602463960647583,-2.611029863357544,-9.20508098602295,0.07610000669956207,0.7591046094894409,1.4809472560882568,40.4264118,-86.92743209999999,170.895,0.3720000088214874,-0.8690000176429749,0.43700000643730164,4,14
imu,1777665306.1389406,1624141257000,-0.6379691362380981,-2.4773993492126465,-9.142128944396973,0.03570111095905304,0.8588846921920776,1.688570499420166,40.4264118,-86.92743209999999,170.895,0.3720000088214874,-0.8690000176429749,0.43700000643730164,4,14
imu,1777665306.147932,1624151257000,-0.5511633157730103,-1.8815150260925293,-9.452630996704102,0.022456694394350052,0.9111588597297668,1.866639494895935,40.4264118,-86.92743209999999,170.895,0.3720000088214874,-0.8690000176429749,0.43700000643730164,4,14
imu,1777665306.1637394,1624161257000,-0.8719976544380188,-1.362225890159607,-9.784093856811523,-0.05146056413650513,0.9101182222366333,1.9673105478286743,40.4264118,-86.92743209999999,170.895,0.3720000088214874,-0.8690000176429749,0.43700000643730164,4,14
imu,1777665306.168108,1624171257000,-0.6876164674758911,-1.206961989402771,-9.80075740814209,-0.10972247272729874,0.8874152898788452,2.0508410930633545,40.4264118,-86.92743209999999,170.895,0.3720000088214874,-0.8690000176429749,0.43700000643730164,4,14
imu,1777665306.1859467,1624181257000,-0.8460062146186829,-1.175034523010254,-9.650659561157227,-0.13402412831783295,0.8813250064849854,2.1409409046173096,40.4264118,-86.92743209999999,170.895,0.3720000088214874,-0.8690000176429749,0.43700000643730164,4,14
imu,1777665306.189293,1624191257000,-1.0735583305358887,-0.7067000269889832,-9.537461280822754,-0.06942625343799591,0.8812584280967712,2.248216152191162,40.4264118,-86.92743209999999,170.895,0.3720000088214874,-0.8690000176429749,0.43700000643730164,4,14
imu,1777665306.1981037,1624201257000,-0.8907344937324524,-0.6717575192451477,-9.733088493347168,-0.006101894658058882,0.9145308136940002,2.3023738861083984,40.4264118,-86.92743209999999,170.895,0.3720000088214874,-0.8690000176429749,0.43700000643730164,4,14
imu,1777665306.2137444,1624211257000,-1.156345248222351,-0.7732791304588318,-9.840618133544922,0.008181940764188766,0.9848229289054871,2.3610992431640625,40.4264118,-86.92743209999999,170.895,0.3720000088214874,-0.8690000176429749,0.43700000643730164,4,14
imu,1777665306.2182984,1624221257000,-1.2355016469955444,-0.4458942711353302,-9.882699012756348,0.07257835566997528,0.9741479158401489,2.4242613315582275,40.4264118,-86.92743209999999,170.895,0.3720000088214874,-0.8690000176429749,0.43700000643730164,4,14
imu,1777665306.236076,1624231257000,-1.2106889486312866,-0.3571895956993103,-9.906702041625977,0.15573598444461823,0.9356194138526917,2.430182933807373,40.4264118,-86.92743209999999,170.895,0.3720000088214874,-0.8690000176429749,0.43700000643730164,4,14
imu,1777665306.239503,1624241257000,-1.3543304204940796,-0.46013376116752625,-9.792201042175293,0.23303809762001038,0.897699773311615,2.4081952571868896,40.4264118,-86.92743209999999,170.895,0.3720000088214874,-0.8690000176429749,0.43700000643730164,4,14
imu,1777665306.248264,1624251257000,-1.4797935485839844,-1.0941106081008911,-9.810916900634766,0.17576800286769867,0.8311699032783508,2.4262869358062744,40.426412899999995,-86.9274344,170.59300000000002,0.16699999570846558,-1.1759999990463257,0.07900000363588333,4,13
imu,1777665306.2640643,1624261257000,-1.6122008562088013,-1.2424172163009644,-9.575936317443848,0.04774714633822441,0.7829060554504395,2.4771242141723633,40.426412899999995,-86.9274344,170.59300000000002,0.16699999570846558,-1.1759999990463257,0.07900000363588333,4,13
imu,1777665306.268758,1624271257000,-1.5483720302581787,-1.5072877407073975,-9.492205619812012,-0.013232581317424774,0.6857553124427795,2.563098907470703,40.426412899999995,-86.9274344,170.59300000000002,0.16699999570846558,-1.1759999990463257,0.07900000363588333,4,13
imu,1777665306.2855253,1624281257000,-1.5229371786117554,-1.5870964527130127,-9.587614059448242,-0.07221856713294983,0.64462810754776,2.675227165222168,40.426412899999995,-86.9274344,170.59300000000002,0.16699999570846558,-1.1759999990463257,0.07900000363588333,4,13
imu,1777665306.2888875,1624291257000,-1.5655604600906372,-1.7221183776855469,-9.591166496276855,-0.1941152811050415,0.6399765610694885,2.76556658744812,40.426412899999995,-86.9274344,170.59300000000002,0.16699999570846558,-1.1759999990463257,0.07900000363588333,4,13
imu,1777665306.2979472,1624301257000,-1.553437352180481,-1.5862693786621094,-9.675939559936523,-0.37507128715515137,0.628998339176178,2.862614393234253,40.426412899999995,-86.9274344,170.59300000000002,0.16699999570846558,-1.1759999990463257,0.07900000363588333,4,13
imu,1777665306.3137016,1624311257000,-1.5518405437469482,-1.4373352527618408,-9.972277641296387,-0.5600708723068237,0.6270929574966431,2.938037395477295,40.426412899999995,-86.9274344,170.59300000000002,0.16699999570846558,-1.1759999990463257,0.07900000363588333,4,13
imu,1777665306.3183541,1624321257000,-1.524915099143982,-0.9418803453445435,-10.712191581726074,-0.652126133441925,0.594741940498352,2.940185070037842,40.426412899999995,-86.9274344,170.59300000000002,0.16699999570846558,-1.1759999990463257,0.07900000363588333,4,13
imu,1777665306.3365338,1624331257000,-1.741249680519104,-0.24655643105506897,-11.21499252319336,-0.7617131471633911,0.5120558738708496,2.877540349960327,40.426412899999995,-86.9274344,170.59300000000002,0.16699999570846558,-1.1759999990463257,0.07900000363588333,4,13
imu,1777665306.3386984,1624341257000,-1.9197717905044556,0.17843389511108398,-11.309956550598145,-0.877981960773468,0.40630975365638733,2.7661349773406982,40.426412899999995,-86.9274344,170.59300000000002,0.16699999570846558,-1.1759999990463257,0.07900000363588333,4,13
imu,1777665306.3476572,1624351257000,-2.0887482166290283,0.6366884708404541,-11.03431510925293,-0.7633728981018066,0.2677825689315796,2.6827924251556396,40.426412899999995,-86.9274344,170.59300000000002,0.16699999570846558,-1.1759999990463257,0.07900000363588333,4,13
imu,1777665306.3644416,1624361257000,-2.0060389041900635,0.6153803467750549,-11.024940490722656,-0.45963427424430847,0.16306722164154053,2.612042188644409,40.426412899999995,-86.9274344,170.59300000000002,0.16699999570846558,-1.1759999990463257,0.07900000363588333,4,13
imu,1777665306.367974,1624371257000,-2.286350727081299,0.03208957612514496,-11.134880065917969,-0.041603442281484604,0.17442981898784637,2.590416431427002,40.426412899999995,-86.9274344,170.59300000000002,0.16699999570846558,-1.1759999990463257,0.07900000363588333,4,13
imu,1777665306.3858542,1624381257000,-2.4573190212249756,0.68537837266922,-11.38888931274414,0.35337933897972107,0.13845525681972504,2.614046335220337,40.426412899999995,-86.9274344,170.59300000000002,0.16699999570846558,-1.1759999990463257,0.07900000363588333,4,13
imu,1777665306.389132,1624391257000,-2.5293149948120117,1.404799222946167,-11.381735801696777,0.5301696062088013,0.09841438382863998,2.5127334594726562,40.426412899999995,-86.9274344,170.59300000000002,0.16699999570846558,-1.1759999990463257,0.07900000363588333,4,13
imu,1777665306.3980289,1624401257000,-2.6407272815704346,1.70205819606781,-11.065032958984375,0.574036717414856,0.04715409874916077,2.3210856914520264,40.426412899999995,-86.9274344,170.59300000000002,0.16699999570846558,-1.1759999990463257,0.07900000363588333,4,13
imu,1777665306.4138107,1624411257000,-2.880876302719116,1.9327813386917114,-10.654178619384766,0.5287567973136902,0.005455237813293934,2.119568109512329,40.426412899999995,-86.9274344,170.59300000000002,0.16699999570846558,-1.1759999990463257,0.07900000363588333,4,13
imu,1777665306.4182265,1624421257000,-3.225268840789795,2.342278003692627,-10.308320045471191,0.5176767706871033,-0.047994762659072876,1.924206256866455,40.426412899999995,-86.9274344,170.59300000000002,0.16699999570846558,-1.1759999990463257,0.07900000363588333,4,13
imu,1777665306.4362056,1624431257000,-3.39581561088562,1.9356848001480103,-10.030689239501953,0.5452671051025391,-0.06460369378328323,1.6979314088821411,40.426412899999995,-86.9274344,170.59300000000002,0.16699999570846558,-1.1759999990463257,0.07900000363588333,4,13
imu,1777665306.4396343,1624441257000,-3.6398847103118896,0.9120062589645386,-9.786565780639648,0.6432713866233826,-0.006342058070003986,1.6206543445587158,40.426412899999995,-86.9274344,170.59300000000002,0.16699999570846558,-1.1759999990463257,0.07900000363588333,4,13
imu,1777665306.4485605,1624451257000,-3.6999239921569824,1.2228962182998657,-9.937975883483887,0.9293244481086731,0.040654778480529785,1.6303359270095825,40.4264138,-86.92743589999999,170.076,-0.9240000247955322,-0.5929999947547913,0.014000000432133675,4,11
imu,1777665306.4640493,1624461257000,-3.638474941253662,1.2925994396209717,-9.954153060913086,1.2110899686813354,0.08449288457632065,1.5774977207183838,40.4264138,-86.92743589999999,170.076,-0.9240000247955322,-0.5929999947547913,0.014000000432133675,4,11
imu,1777665306.4686866,1624471257000,-3.5868377685546875,1.6781823635101318,-9.948408126831055,1.4805608987808228,0.07370839267969131,1.4324371814727783,40.4264138,-86.92743589999999,170.076,-0.9240000247955322,-0.5929999947547913,0.014000000432133675,4,11
imu,1777665306.4864976,1624481257000,-3.652865409851074,1.5755760669708252,-9.882943153381348,1.6023216247558594,0.06427602469921112,1.246519684791565,40.4264138,-86.92743589999999,170.076,-0.9240000247955322,-0.5929999947547913,0.014000000432133675,4,11
imu,1777665306.4887965,1624491257000,-3.4895737171173096,0.4738551378250122,-9.98421859741211,1.374169945716858,-0.019194534048438072,1.0464991331100464,40.4264138,-86.92743589999999,170.076,-0.9240000247955322,-0.5929999947547913,0.014000000432133675,4,11
imu,1777665306.4978058,1624501257000,-4.107947826385498,0.40039700269699097,-9.769997596740723,0.904028058052063,0.044904135167598724,1.0623948574066162,40.4264138,-86.92743589999999,170.076,-0.9240000247955322,-0.5929999947547913,0.014000000432133675,4,11
imu,1777665306.514525,1624511257000,-3.7103190422058105,1.4496517181396484,-9.862744331359863,0.6307898759841919,-0.14080150425434113,1.0801873207092285,40.4264138,-86.92743589999999,170.076,-0.9240000247955322,-0.5929999947547913,0.014000000432133675,4,11
imu,1777665306.5178168,1624521257000,-3.1653661727905273,0.831977128982544,-9.522969245910645,0.22292762994766235,-0.13021689653396606,1.0347154140472412,40.4264138,-86.92743589999999,170.076,-0.9240000247955322,-0.5929999947547913,0.014000000432133675,4,11
imu,1777665306.5358126,1624531257000,-3.4012603759765625,0.46285662055015564,-9.094475746154785,0.24233677983283997,0.001682719448581338,1.172702670097351,40.4264138,-86.92743589999999,170.076,-0.9240000247955322,-0.5929999947547913,0.014000000432133675,4,11
imu,1777665306.539245,1624541257000,-3.043078899383545,1.5322226285934448,-9.462924003601074,0.6015793681144714,0.05937260761857033,1.2455781698226929,40.4264138,-86.92743589999999,170.076,-0.9240000247955322,-0.5929999947547913,0.014000000432133675,4,11
imu,1777665306.548055,1624551257000,-2.816710948944092,2.2010269165039062,-10.220677375793457,0.7722837328910828,0.1629931777715683,1.1632943153381348,40.4264138,-86.92743589999999,170.076,-0.9240000247955322,-0.5929999947547913,0.014000000432133675,4,11
imu,1777665306.5637093,1624561257000,-2.64396595954895,2.689033031463623,-11.142484664916992,0.7726110816001892,0.21202927827835083,1.059139609336853,40.4264138,-86.92743589999999,170.076,-0.9240000247955322,-0.5929999947547913,0.014000000432133675,4,11
imu,1777665306.5682197,1624571257000,-2.699981212615967,3.0021777153015137,-11.313264846801758,0.7831329107284546,0.12463721632957458,0.9412484169006348,40.4264138,-86.92743589999999,170.076,-0.9240000247955322,-0.5929999947547913,0.014000000432133675,4,11
imu,1777665306.5863717,1624581257000,-2.292998790740967,2.656949043273926,-11.40156078338623,0.6869922280311584,-0.023346735164523125,0.8152270317077637,40.4264138,-86.92743589999999,170.076,-0.9240000247955322,-0.5929999947547913,0.014000000432133675,4,11
imu,1777665306.5885906,1624591257000,-2.2462706565856934,2.7689175605773926,-11.496291160583496,0.2708704471588135,-0.15485143661499023,0.7541152834892273,40.4264138,-86.92743589999999,170.076,-0.9240000247955322,-0.5929999947547913,0.014000000432133675,4,11
imu,1777665306.5975673,1624601257000,-1.9402893781661987,3.289620876312256,-11.36501407623291,-0.13985060155391693,-0.29612302780151367,0.7171897292137146,40.4264138,-86.92743589999999,170.076,-0.9240000247955322,-0.5929999947547913,0.014000000432133675,4,11
imu,1777665306.6143749,1624611257000,-1.7426546812057495,2.882877826690674,-11.083909034729004,-0.23494477570056915,-0.3247763216495514,0.7250412106513977,40.4264138,-86.92743589999999,170.076,-0.9240000247955322,-0.5929999947547913,0.014000000432133675,4,11
imu,1777665306.6177673,1624621257000,-1.542003870010376,3.3706462383270264,-10.959309577941895,-0.07801186293363571,-0.3316727876663208,0.8272303342819214,40.4264138,-86.92743589999999,170.076,-0.9240000247955322,-0.5929999947547913,0.014000000432133675,4,11
imu,1777665306.63718,1624631257000,-1.4790949821472168,3.3651628494262695,-11.353717803955078,0.07680732756853104,-0.270147442817688,0.902951180934906,40.4264138,-86.92743589999999,170.076,-0.9240000247955322,-0.5929999947547913,0.014000000432133675,4,11
imu,1777665306.639274,1624641257000,-1.25753653049469,4.009461402893066,-11.946959495544434,0.07159530371427536,-0.25858572125434875,0.9485232830047607,40.4264138,-86.92743589999999,170.076,-0.9240000247955322,-0.5929999947547913,0.014000000432133675,4,11
imu,1777665306.648507,1624651257000,-1.2306991815567017,4.917303562164307,-12.602924346923828,-0.09575716406106949,-0.33130621910095215,0.911339521408081,40.426413,-86.92743709999999,169.701,-1.3079999685287476,0.29499998688697815,-0.24199999868869781,4,14
imu,1777665306.6641417,1624661257000,-1.0222976207733154,5.756839752197266,-12.617804527282715,-0.12258818000555038,-0.5318850874900818,0.7558577060699463,40.426413,-86.92743709999999,169.701,-1.3079999685287476,0.29499998688697815,-0.24199999868869781,4,14
imu,1777665306.6676064,1624671257000,-0.8914508819580078,5.6828694343566895,-12.420820236206055,-0.1324242800474167,-0.779571533203125,0.5632906556129456,40.426413,-86.92743709999999,169.701,-1.3079999685287476,0.29499998688697815,-0.24199999868869781,4,14
imu,1777665306.6864588,1624681257000,-0.8357604146003723,5.337691307067871,-12.195347785949707,-0.3160240054130554,-0.9707446098327637,0.3918084502220154,40.426413,-86.92743709999999,169.701,-1.3079999685287476,0.29499998688697815,-0.24199999868869781,4,14
imu,1777665306.6885967,1624691257000,-0.7698085904121399,5.1538567543029785,-12.084885597229004,-0.6051151752471924,-1.1411174535751343,0.28826141357421875,40.426413,-86.92743709999999,169.701,-1.3079999685287476,0.29499998688697815,-0.24199999868869781,4,14
imu,1777665306.697639,1624701257000,-0.5327738523483276,4.082611083984375,-11.874589920043945,-0.8055222034454346,-1.2481064796447754,0.26270097494125366,40.426413,-86.92743709999999,169.701,-1.3079999685287476,0.29499998688697815,-0.24199999868869781,4,14
imu,1777665306.7142308,1624711257000,-0.544532060623169,3.4758284091949463,-10.99156379699707,-0.756263256072998,-1.2840580940246582,0.42150169610977173,40.426413,-86.92743709999999,169.701,-1.3079999685287476,0.29499998688697815,-0.24199999868869781,4,14
imu,1777665306.7176154,1624721257000,-0.2761339247226715,3.4361634254455566,-10.876060485839844,-0.5533777475357056,-1.3034546375274658,0.623091995716095,40.426413,-86.92743709999999,169.701,-1.3079999685287476,0.29499998688697815,-0.24199999868869781,4,14
imu,1777665306.7356045,1624731257000,-0.18555991351604462,3.7127203941345215,-10.997825622558594,-0.5190415382385254,-1.2968343496322632,0.7650552988052368,40.426413,-86.92743709999999,169.701,-1.3079999685287476,0.29499998688697815,-0.24199999868869781,4,14
imu,1777665306.7388446,1624741257000,-0.014457181096076965,4.244777202606201,-11.307894706726074,-0.5864067673683167,-1.3664511442184448,0.8253449201583862,40.426413,-86.92743709999999,169.701,-1.3079999685287476,0.29499998688697815,-0.24199999868869781,4,14
imu,1777665306.747794,1624751257000,0.3452305793762207,4.623507022857666,-11.44765567779541,-0.7412122488021851,-1.480778455734253,0.8391610980033875,40.426413,-86.92743709999999,169.701,-1.3079999685287476,0.29499998688697815,-0.24199999868869781,4,14
imu,1777665306.7644289,1624761257000,0.7543371319770813,4.7043914794921875,-11.339048385620117,-0.9491086006164551,-1.712274193763733,0.8416009545326233,40.426413,-86.92743709999999,169.701,-1.3079999685287476,0.29499998688697815,-0.24199999868869781,4,14
imu,1777665306.7677479,1624771257000,0.7278022766113281,4.680624485015869,-10.960201263427734,-1.1954256296157837,-1.7906110286712646,0.794668972492218,40.426413,-86.92743709999999,169.701,-1.3079999685287476,0.29499998688697815,-0.24199999868869781,4,14
imu,1777665306.7856886,1624781257000,1.1380661725997925,5.187697887420654,-10.880885124206543,-1.5495514869689941,-1.9306954145431519,0.8946837782859802,40.426413,-86.92743709999999,169.701,-1.3079999685287476,0.29499998688697815,-0.24199999868869781,4,14
imu,1777665306.7889206,1624791257000,1.0954922437667847,5.382737636566162,-10.588123321533203,-1.8445234298706055,-2.041908025741577,0.9210948348045349,40.426413,-86.92743709999999,169.701,-1.3079999685287476,0.29499998688697815,-0.24199999868869781,4,14
imu,1777665306.7978425,1624801257000,1.2549322843551636,5.749751091003418,-10.020963668823242,-2.009995222091675,-2.170011281967163,0.9805322289466858,40.426413,-86.92743709999999,169.701,-1.3079999685287476,0.29499998688697815,-0.24199999868869781,4,14
imu,1777665306.8137605,1624811257000,0.9767696857452393,5.723435878753662,-9.970770835876465,-1.8315294981002808,-2.2143566608428955,0.9934488534927368,40.426413,-86.92743709999999,169.701,-1.3079999685287476,0.29499998688697815,-0.24199999868869781,4,14
imu,1777665306.818178,1624821257000,1.1602612733840942,5.631603240966797,-10.300762176513672,-1.5750038623809814,-2.1438353061676025,1.0050804615020752,40.426413,-86.92743709999999,169.701,-1.3079999685287476,0.29499998688697815,-0.24199999868869781,4,14
imu,1777665306.8361168,1624831257000,0.9413116574287415,5.969625949859619,-10.75059700012207,-1.3733289241790771,-2.13606333732605,1.0053870677947998,40.426413,-86.92743709999999,169.701,-1.3079999685287476,0.29499998688697815,-0.24199999868869781,4,14
imu,1777665306.8384216,1624841257000,0.7633436322212219,6.451986789703369,-11.27684211730957,-1.2899905443191528,-2.1543264389038086,0.9199430346488953,40.426413,-86.92743709999999,169.701,-1.3079999685287476,0.29499998688697815,-0.24199999868869781,4,14
imu,1777665306.8473206,1624851257000,0.8558229804039001,6.392569065093994,-11.968634605407715,-1.2240270376205444,-2.128633737564087,0.7635884881019592,40.4264119,-86.9274367,169.577,-0.9240000247955322,1.253000020980835,-0.3310000002384186,4,13
imu,1777665306.864297,1624861257000,0.506125271320343,6.34335994720459,-12.550962448120117,-1.1425222158432007,-2.109804630279541,0.549858808517456,40.4264119,-86.9274367,169.577,-0.9240000247955322,1.253000020980835,-0.3310000002384186,4,13
imu,1777665306.8677077,1624871257000,0.18354886770248413,6.276401519775391,-12.551761627197266,-1.0922470092773438,-2.1331558227539062,0.3331664800643921,40.4264119,-86.9274367,169.577,-0.9240000247955322,1.253000020980835,-0.3310000002384186,4,13
imu,1777665306.8854759,1624881257000,0.2203485369682312,6.605767250061035,-12.468313217163086,-0.9774408340454102,-2.158684730529785,0.13016852736473083,40.4264119,-86.9274367,169.577,-0.9240000247955322,1.253000020980835,-0.3310000002384186,4,13
imu,1777665306.888835,1624891257000,0.30019453167915344,6.944124698638916,-12.731450080871582,-0.7867976427078247,-2.2148449420928955,-0.09499657154083252,40.4264119,-86.9274367,169.577,-0.9240000247955322,1.253000020980835,-0.3310000002384186,4,13
imu,1777665306.8980265,1624901257000,0.07034135609865189,6.349531173706055,-13.090036392211914,-0.7273178100585938,-2.2874715328216553,-0.3155846893787384,40.4264119,-86.9274367,169.577,-0.9240000247955322,1.253000020980835,-0.3310000002384186,4,13
imu,1777665306.9137156,1624911257000,0.08928026258945465,5.600715637207031,-13.366097450256348,-0.9527263045310974,-2.3443329334259033,-0.4195544719696045,40.4264119,-86.9274367,169.577,-0.9240000247955322,1.253000020980835,-0.3310000002384186,4,13
imu,1777665306.9180834,1624921257000,0.12246238440275192,5.200567722320557,-13.403095245361328,-1.173190951347351,-2.440537929534912,-0.5196865200996399,40.4264119,-86.9274367,169.577,-0.9240000247955322,1.253000020980835,-0.3310000002384186,4,13
imu,1777665306.9360788,1624931257000,0.14875492453575134,4.403960704803467,-13.42896842956543,-1.464528203010559,-2.513878107070923,-0.5759512782096863,40.4264119,-86.9274367,169.577,-0.9240000247955322,1.253000020980835,-0.3310000002384186,4,13
imu,1777665306.939472,1624941257000,-0.1402980089187622,3.8478822708129883,-12.711885452270508,-1.7441682815551758,-2.5073137283325195,-0.5682219862937927,40.4264119,-86.9274367,169.577,-0.9240000247955322,1.253000020980835,-0.3310000002384186,4,13
imu,1777665306.9484782,1624951257000,0.1124018058180809,4.149039268493652,-11.597704887390137,-1.8509521484375,-2.5031466484069824,-0.6796756982803345,40.4264119,-86.9274367,169.577,-0.9240000247955322,1.253000020980835,-0.3310000002384186,4,13
imu,1777665306.9640958,1624961257000,-0.5106086730957031,4.529191017150879,-11.295354843139648,-1.9364365339279175,-2.4738621711730957,-0.7585656642913818,40.4264119,-86.9274367,169.577,-0.9240000247955322,1.253000020980835,-0.3310000002384186,4,13
imu,1777665306.967483,1624971257000,-0.5130821466445923,4.791851997375488,-11.14841365814209,-1.839514970779419,-2.4656898975372314,-0.9573280811309814,40.4264119,-86.9274367,169.577,-0.9240000247955322,1.253000020980835,-0.3310000002384186,4,13
imu,1777665306.9854567,1624981257000,-0.6830766797065735,4.2592010498046875,-11.270679473876953,-1.6474794149398804,-2.539052724838257,-1.1869522333145142,40.4264119,-86.9274367,169.577,-0.9240000247955322,1.253000020980835,-0.3310000002384186,4,13
imu,1777665306.9888663,1624991257000,-0.8115713596343994,3.166510581970215,-11.85562801361084,-1.6922845840454102,-2.6624648571014404,-1.2371068000793457,40.4264119,-86.9274367,169.577,-0.9240000247955322,1.253000020980835,-0.3310000002384186,4,13
imu,1777665306.9976518,1625001257000,-0.8170666694641113,2.3202996253967285,-12.03778076171875,-1.9735004901885986,-2.781046152114868,-1.186293363571167,40.4264119,-86.9274367,169.577,-0.9240000247955322,1.253000020980835,-0.3310000002384186,4,13
imu,1777665307.0132554,1625011257000,-0.6689528226852417,2.498952865600586,-11.855947494506836,-2.22879695892334,-2.9004151821136475,-1.1169871091842651,40.4264119,-86.9274367,169.577,-0.9240000247955322,1.253000020980835,-0.3310000002384186,4,13
imu,1777665307.0178955,1625021257000,-0.556297779083252,3.0853281021118164,-11.2664213180542,-2.371774911880493,-3.0198817253112793,-1.1123371124267578,40.4264119,-86.9274367,169.577,-0.9240000247955322,1.253000020980835,-0.3310000002384186,4,13
imu,1777665307.0356615,1625031257000,-0.4294380843639374,4.206128120422363,-10.514374732971191,-2.3290529251098633,-3.108412265777588,-1.245865821838379,40.4264119,-86.9274367,169.577,-0.9240000247955322,1.253000020980835,-0.3310000002384186,4,13
imu,1777665307.0389984,1625041257000,-0.6441143155097961,4.359601974487305,-9.755353927612305,-2.160581111907959,-3.101823091506958,-1.4781438112258911,40.4264119,-86.9274367,169.577,-0.9240000247955322,1.253000020980835,-0.3310000002384186,4,13
imu,1777665307.0480359,1625051257000,-0.8939166069030762,3.459908962249756,-9.609999656677246,-1.866375207901001,-3.0188682079315186,-1.799739956855774,40.4264126,-86.92743519999999,169.649,0.4729999899864197,1.2039999961853027,-0.8939999938011169,4,14
imu,1777665307.064067,1625061257000,-1.5695210695266724,1.9661836624145508,-9.95139217376709,-1.7648669481277466,-2.995065450668335,-1.922548532485962,40.4264126,-86.92743519999999,169.649,0.4729999899864197,1.2039999961853027,-0.8939999938011169,4,14
imu,1777665307.067397,1625071257000,-2.2204580307006836,0.8744438886642456,-9.681716918945312,-2.0411152839660645,-2.9065351486206055,-1.7383188009262085,40.4264126,-86.92743519999999,169.649,0.4729999899864197,1.2039999961853027,-0.8939999938011169,4,14
imu,1777665307.0854666,1625081257000,-2.47802472114563,0.29886892437934875,-9.382173538208008,-2.2511398792266846,-2.788085460662842,-1.6011489629745483,40.4264126,-86.92743519999999,169.649,0.4729999899864197,1.2039999961853027,-0.8939999938011169,4,14
imu,1777665307.0887544,1625091257000,-3.0272603034973145,-0.3615289628505707,-9.080103874206543,-2.389425277709961,-2.6888437271118164,-1.3698979616165161,40.4264126,-86.92743519999999,169.649,0.4729999899864197,1.2039999961853027,-0.8939999938011169,4,14
imu,1777665307.097742,1625101257000,-3.2389461994171143,0.06337938457727432,-8.670307159423828,-2.621098756790161,-2.5461864471435547,-1.1152064800262451,40.4264126,-86.92743519999999,169.649,0.4729999899864197,1.2039999961853027,-0.8939999938011169,4,14
imu,1777665307.113509,1625111257000,-3.224393367767334,0.8782386779785156,-8.203585624694824,-2.6884427070617676,-2.342817783355713,-0.9805691242218018,40.4264126,-86.92743519999999,169.649,0.4729999899864197,1.2039999961853027,-0.8939999938011169,4,14
imu,1777665307.1178186,1625121257000,-3.440584659576416,1.3792959451675415,-7.747698783874512,-2.5666496753692627,-2.2293474674224854,-0.888248860836029,40.4264126,-86.92743519999999,169.649,0.4729999899864197,1.2039999961853027,-0.8939999938011169,4,14
imu,1777665307.135937,1625131257000,-3.690748929977417,1.6772271394729614,-7.280374526977539,-2.481262683868408,-2.142178773880005,-0.8128131628036499,40.4264126,-86.92743519999999,169.649,0.4729999899864197,1.2039999961853027,-0.8939999938011169,4,14
imu,1777665307.1403499,1625141257000,-4.158294200897217,2.0177273750305176,-6.841801643371582,-2.50950026512146,-2.0002479553222656,-0.7560376524925232,40.4264126,-86.92743519999999,169.649,0.4729999899864197,1.2039999961853027,-0.8939999938011169,4,14
imu,1777665307.1482685,1625151257000,-4.461981773376465,2.458841562271118,-6.9107561111450195,-2.56615948677063,-1.8057475090026855,-0.7900301814079285,40.4264126,-86.92743519999999,169.649,0.4729999899864197,1.2039999961853027,-0.8939999938011169,4,14
imu,1777665307.1638594,1625161257000,-4.684662818908691,2.7144532203674316,-7.016354084014893,-2.540436267852783,-1.6563482284545898,-0.9606833457946777,40.4264126,-86.92743519999999,169.649,0.4729999899864197,1.2039999961853027,-0.8939999938011169,4,14
imu,1777665307.1683095,1625171257000,-4.842016696929932,2.168015718460083,-6.290905952453613,-2.4094789028167725,-1.5099140405654907,-1.1829955577850342,40.4264126,-86.92743519999999,169.649,0.4729999899864197,1.2039999961853027,-0.8939999938011169,4,14
imu,1777665307.18623,1625181257000,-5.186886310577393,1.307576298713684,-6.109049320220947,-2.2974917888641357,-1.3439445495605469,-1.281847596168518,40.4264126,-86.92743519999999,169.649,0.4729999899864197,1.2039999961853027,-0.8939999938011169,4,14
imu,1777665307.1897285,1625191257000,-5.424896717071533,0.8232427835464478,-6.544454574584961,-2.371431350708008,-1.1313657760620117,-1.2622346878051758,40.4264126,-86.92743519999999,169.649,0.4729999899864197,1.2039999961853027,-0.8939999938011169,4,14
imu,1777665307.1976948,1625201257000,-5.935099124908447,0.5976036787033081,-6.67413330078125,-2.3269338607788086,-0.9877021312713623,-1.1743475198745728,40.4264126,-86.92743519999999,169.649,0.4729999899864197,1.2039999961853027,-0.8939999938011169,4,14
imu,1777665307.2134764,1625211257000,-6.341047763824463,0.3948664367198944,-7.553112983703613,-2.2982187271118164,-0.9388626217842102,-0.9656798839569092,40.4264126,-86.92743519999999,169.649,0.4729999899864197,1.2039999961853027,-0.8939999938011169,4,14
imu,1777665307.2178762,1625221257000,-6.4696269035339355,0.8158248066902161,-7.493003845214844,-2.412853956222534,-0.947571873664856,-0.7683346271514893,40.4264126,-86.92743519999999,169.649,0.4729999899864197,1.2039999961853027,-0.8939999938011169,4,14
imu,1777665307.2359433,1625231257000,-6.677380084991455,1.7336398363113403,-6.207508563995361,-2.4582996368408203,-0.8815944194793701,-0.6749622225761414,40.4264126,-86.92743519999999,169.649,0.4729999899864197,1.2039999961853027,-0.8939999938011169,4,14
imu,1777665307.2404048,1625241257000,-6.853368282318115,2.695112466812134,-5.0154218673706055,-2.3088369369506836,-0.7917435169219971,-0.7220039367675781,40.4264126,-86.92743519999999,169.649,0.4729999899864197,1.2039999961853027,-0.8939999938011169,4,14
imu,1777665307.248323,1625251257000,-7.152091026306152,3.254974842071533,-3.964005708694458,-2.082885980606079,-0.583595871925354,-1.030202031135559,40.4264158,-86.9274353,169.174,1.1540000438690186,0.14800000190734863,0.7129999995231628,4,14
imu,1777665307.2641058,1625261257000,-7.5996198654174805,2.368443727493286,-3.567964792251587,-1.6963125467300415,-0.34120965003967285,-1.458338975906372,40.4264158,-86.9274353,169.174,1.1540000438690186,0.14800000190734863,0.7129999995231628,4,14
imu,1777665307.267543,1625271257000,-8.181173324584961,1.0349122285842896,-4.484335899353027,-1.428173542022705,-0.13899029791355133,-1.6939390897750854,40.4264158,-86.9274353,169.174,1.1540000438690186,0.14800000190734863,0.7129999995231628,4,14
imu,1777665307.2854226,1625281257000,-8.573866844177246,-0.6249611377716064,-6.123276710510254,-1.41627037525177,-0.1009935662150383,-1.7037010192871094,40.4264158,-86.9274353,169.174,1.1540000438690186,0.14800000190734863,0.7129999995231628,4,14
imu,1777665307.2897851,1625291257000,-8.722305297851562,-1.703224539756775,-7.44632625579834,-1.5878976583480835,-0.09829597175121307,-1.5404729843139648,40.4264158,-86.9274353,169.174,1.1540000438690186,0.14800000190734863,0.7129999995231628,4,14
imu,1777665307.2978067,1625301257000,-8.674284934997559,-1.8164305686950684,-7.382833003997803,-1.7734999656677246,-0.23974405229091644,-1.2603615522384644,40.4264158,-86.9274353,169.174,1.1540000438690186,0.14800000190734863,0.7129999995231628,4,14
imu,1777665307.3134718,1625311257000,-8.629868507385254,-0.9658319354057312,-6.824081897735596,-1.8454116582870483,-0.34274449944496155,-1.0074481964111328,40.4264158,-86.9274353,169.174,1.1540000438690186,0.14800000190734863,0.7129999995231628,4,14
imu,1777665307.3179116,1625321257000,-8.741609573364258,0.024437252432107925,-5.237666130065918,-1.8310627937316895,-0.31246495246887207,-0.892388641834259,40.4264158,-86.9274353,169.174,1.1540000438690186,0.14800000190734863,0.7129999995231628,4,14
imu,1777665307.3359022,1625331257000,-8.8355712890625,0.6965336799621582,-4.4818644523620605,-1.52461838722229,-0.16863133013248444,-0.9515089988708496,40.4264158,-86.9274353,169.174,1.1540000438690186,0.14800000190734863,0.7129999995231628,4,14
imu,1777665307.3393002,1625341257000,-9.238460540771484,0.12230253219604492,-5.317893981933594,-1.3772484064102173,0.03629302605986595,-1.094401240348816,40.4264158,-86.9274353,169.174,1.1540000438690186,0.14800000190734863,0.7129999995231628,4,14
imu,1777665307.348283,1625351257000,-9.646187782287598,-0.4930111765861511,-6.094724178314209,-1.1995769739151,0.13779404759407043,-1.2309049367904663,40.4264158,-86.9274353,169.174,1.1540000438690186,0.14800000190734863,0.7129999995231628,4,14
imu,1777665307.3639846,1625361257000,-9.748454093933105,-1.485451579093933,-6.730352401733398,-1.0231633186340332,0.12767323851585388,-1.195464015007019,40.4264158,-86.9274353,169.174,1.1540000438690186,0.14800000190734863,0.7129999995231628,4,14
imu,1777665307.3673363,1625371257000,-9.689263343811035,-2.108126401901245,-7.30030632019043,-1.1102137565612793,0.08103449642658234,-1.0030299425125122,40.4264158,-86.9274353,169.174,1.1540000438690186,0.14800000190734863,0.7129999995231628,4,14
imu,1777665307.3852127,1625381257000,-9.579218864440918,-2.155789375305176,-7.515092849731445,-1.2031915187835693,-0.06017133966088295,-0.7868726253509521,40.4264158,-86.9274353,169.174,1.1540000438690186,0.14800000190734863,0.7129999995231628,4,14
imu,1777665307.3897922,1625391257000,-9.451872825622559,-1.9587314128875732,-6.639691352844238,-1.2482895851135254,-0.18601173162460327,-0.5482226610183716,40.4264158,-86.9274353,169.174,1.1540000438690186,0.14800000190734863,0.7129999995231628,4,14
imu,1777665307.3975217,1625401257000,-9.606513977050781,-1.2744559049606323,-4.950107574462891,-1.1678807735443115,-0.1342141330242157,-0.36976394057273865,40.4264158,-86.9274353,169.174,1.1540000438690186,0.14800000190734863,0.7129999995231628,4,14
imu,1777665307.4141402,1625411257000,-9.952893257141113,-0.18637897074222565,-3.983928918838501,-0.9950860142707825,0.1344168782234192,-0.2925395965576172,40.4264158,-86.9274353,169.174,1.1540000438690186,0.14800000190734863,0.7129999995231628,4,14
imu,1777665307.4175503,1625421257000,-10.242980003356934,1.0083307027816772,-4.480129241943359,-0.6265647411346436,0.456112802028656,-0.5026606321334839,40.4264158,-86.9274353,169.174,1.1540000438690186,0.14800000190734863,0.7129999995231628,4,14
imu,1777665307.4353843,1625431257000,-10.10099983215332,0.941903293132782,-6.67473030090332,-0.35174745321273804,0.5451101660728455,-0.9587732553482056,40.4264158,-86.9274353,169.174,1.1540000438690186,0.14800000190734863,0.7129999995231628,4,14
imu,1777665307.4397275,1625441257000,-9.996286392211914,-0.2346738874912262,-7.734800338745117,-0.2535877525806427,0.43711143732070923,-1.3939515352249146,40.4264158,-86.9274353,169.174,1.1540000438690186,0.14800000190734863,0.7129999995231628,4,14
imu,1777665307.447548,1625451257000,-9.942835807800293,-2.350034713745117,-7.806487083435059,-0.1597689986228943,0.14388754963874817,-1.6689670085906982,40.426417699999995,-86.9274391,168.964,0.824999988079071,-0.5080000162124634,-0.42800000309944153,4,13
imu,1777665307.4641697,1625461257000,-10.059886932373047,-4.886716842651367,-6.499897003173828,-0.2355068027973175,-0.13869412243366241,-1.645593523979187,40.426417699999995,-86.9274391,168.964,0.824999988079071,-0.5080000162124634,-0.42800000309944153,4,13
imu,1777665307.467594,1625471257000,-10.315339088439941,-6.3827104568481445,-4.68755578994751,-0.39065492153167725,-0.2917986810207367,-1.3317208290100098,40.426417699999995,-86.9274391,168.964,0.824999988079071,-0.5080000162124634,-0.42800000309944153,4,13
imu,1777665307.4854136,1625481257000,-10.301811218261719,-6.075785160064697,-3.4893410205841064,-0.5672155022621155,-0.32142874598503113,-0.8712683916091919,40.426417699999995,-86.9274391,168.964,0.824999988079071,-0.5080000162124634,-0.42800000309944153,4,13
imu,1777665307.4897354,1625491257000,-9.946600914001465,-4.890448570251465,-2.289071559906006,-0.5782462358474731,-0.3030327260494232,-0.5857247114181519,40.426417699999995,-86.9274391,168.964,0.824999988079071,-0.5080000162124634,-0.42800000309944153,4,13
imu,1777665307.4976692,1625501257000,-9.831879615783691,-4.112504959106445,-1.465415358543396,-0.4482084810733795,-0.21611106395721436,-0.4472057521343231,40.426417699999995,-86.9274391,168.964,0.824999988079071,-0.5080000162124634,-0.42800000309944153,4,13
imu,1777665307.5131001,1625511257000,-9.887500762939453,-3.852257251739502,-0.7808469533920288,-0.3782843351364136,-0.05905686691403389,-0.3721165657043457,40.426417699999995,-86.9274391,168.964,0.824999988079071,-0.5080000162124634,-0.42800000309944153,4,13
imu,1777665307.5176883,1625521257000,-9.905879974365234,-3.5151565074920654,-0.44056326150894165,-0.21378786861896515,0.08040385693311691,-0.3354607820510864,40.426417699999995,-86.9274391,168.964,0.824999988079071,-0.5080000162124634,-0.42800000309944153,4,13
imu,1777665307.535289,1625531257000,-9.845267295837402,-3.603933334350586,-0.8358523845672607,-0.06829259544610977,0.13097943365573883,-0.3464449942111969,40.426417699999995,-86.9274391,168.964,0.824999988079071,-0.5080000162124634,-0.42800000309944153,4,13
imu,1777665307.5398476,1625541257000,-9.978084564208984,-4.18350076675415,-1.0302726030349731,-0.007549634203314781,0.1517331451177597,-0.34347549080848694,40.426417699999995,-86.9274391,168.964,0.824999988079071,-0.5080000162124634,-0.42800000309944153,4,13
imu,1777665307.5476315,1625551257000,-10.096301078796387,-4.171590805053711,-1.4103766679763794,0.09172537177801132,0.07836990058422089,-0.3318668007850647,40.426417699999995,-86.9274391,168.964,0.824999988079071,-0.5080000162124634,-0.42800000309944153,4,13
imu,1777665307.563246,1625561257000,-10.068706512451172,-3.694640636444092,-1.6949007511138916,0.18274517357349396,-0.031454991549253464,-0.34981438517570496,40.426417699999995,-86.9274391,168.964,0.824999988079071,-0.5080000162124634,-0.42800000309944153,4,13
imu,1777665307.567625,1625571257000,-9.939940452575684,-3.533233404159546,-1.4233394861221313,0.38608914613723755,-0.16934603452682495,-0.436960905790329,40.426417699999995,-86.9274391,168.964,0.824999988079071,-0.5080000162124634,-0.42800000309944153,4,13
imu,1777665307.5856395,1625581257000,-10.065529823303223,-3.5036416053771973,-0.8299193978309631,0.4763738512992859,-0.1723039448261261,-0.4441674053668976,40.426417699999995,-86.9274391,168.964,0.824999988079071,-0.5080000162124634,-0.42800000309944153,4,13
imu,1777665307.590034,1625591257000,-9.97717571258545,-3.4167826175689697,-0.13446220755577087,0.6470960974693298,-0.14285381138324738,-0.5023605823516846,40.426417699999995,-86.9274391,168.964,0.824999988079071,-0.5080000162124634,-0.42800000309944153,4,13
imu,1777665307.5978885,1625601257000,-10.168961524963379,-3.3654046058654785,-0.15578895807266235,0.832455575466156,-0.08692755550146103,-0.5609472393989563,40.426417699999995,-86.9274391,168.964,0.824999988079071,-0.5080000162124634,-0.42800000309944153,4,13
imu,1777665307.6132646,1625611257000,-9.841595649719238,-2.8981332778930664,-0.5495917797088623,0.935775101184845,-0.07192946970462799,-0.6289508938789368,40.426417699999995,-86.9274391,168.964,0.824999988079071,-0.5080000162124634,-0.42800000309944153,4,13
imu,1777665307.6190405,1625621257000,-9.672348976135254,-2.6379337310791016,-0.5594251751899719,1.170352578163147,-0.08694504201412201,-0.6940735578536987,40.426417699999995,-86.9274391,168.964,0.824999988079071,-0.5080000162124634,-0.42800000309944153,4,13
imu,1777665307.6359823,1625631257000,-9.163228034973145,-2.282806158065796,-0.1470205932855606,1.3102062940597534,-0.021090790629386902,-0.8800198435783386,40.426417699999995,-86.9274391,168.964,0.824999988079071,-0.5080000162124634,-0.42800000309944153,4,13
imu,1777665307.639248,1625641257000,-9.26034927368164,-1.9249298572540283,0.2577207684516907,1.491470456123352,0.0040563964284956455,-1.1660550832748413,40.426417699999995,-86.9274391,168.964,0.824999988079071,-0.5080000162124634,-0.42800000309944153,4,13
imu,1777665307.648188,1625651257000,-9.411267280578613,-1.8298909664154053,0.5869836211204529,1.6583375930786133,0.13977660238742828,-1.31973135471344,40.4264185,-86.92744139999999,168.964,0.2590000033378601,-1.1230000257492065,-0.30300000309944153,4,13
imu,1777665307.6640873,1625661257000,-9.379877090454102,-1.9225445985794067,0.7482179403305054,1.8430657386779785,0.2157789021730423,-1.501558542251587,40.4264185,-86.92744139999999,168.964,0.2590000033378601,-1.1230000257492065,-0.30300000309944153,4,13
imu,1777665307.6672542,1625671257000,-9.256509780883789,-2.414353132247925,0.23572427034378052,2.084864377975464,0.39770016074180603,-1.615765929222107,40.4264185,-86.92744139999999,168.964,0.2590000033378601,-1.1230000257492065,-0.30300000309944153,4,13
imu,1777665307.6851387,1625681257000,-9.925127029418945,-2.4922444820404053,0.5757728815078735,2.3062174320220947,0.518002986907959,-1.6953150033950806,40.4264185,-86.92744139999999,168.964,0.2590000033378601,-1.1230000257492065,-0.30300000309944153,4,13
imu,1777665307.6895585,1625691257000,-9.437440872192383,-3.0668728351593018,0.10230845212936401,2.5604989528656006,0.6501087546348572,-1.8172240257263184,40.4264185,-86.92744139999999,168.964,0.2590000033378601,-1.1230000257492065,-0.30300000309944153,4,13
imu,1777665307.6984453,1625701257000,-10.51761245727539,-3.4161667823791504,0.033496081829071045,2.6187500953674316,0.7899227738380432,-1.7446256875991821,40.4264185,-86.92744139999999,168.964,0.2590000033378601,-1.1230000257492065,-0.30300000309944153,4,13
imu,1777665307.7141693,1625711257000,-10.048383712768555,-3.399374485015869,-0.22204047441482544,2.58195424079895,0.8803620934486389,-1.7632997035980225,40.4264185,-86.92744139999999,168.964,0.2590000033378601,-1.1230000257492065,-0.30300000309944153,4,13
imu,1777665307.717533,1625721257000,-9.779740333557129,-3.545891284942627,-0.09951989352703094,2.541682481765747,1.050560712814331,-1.5865535736083984,40.4264185,-86.92744139999999,168.964,0.2590000033378601,-1.1230000257492065,-0.30300000309944153,4,13
imu,1777665307.7354052,1625731257000,-10.265606880187988,-3.8689002990722656,-0.552687406539917,2.4743010997772217,1.0709043741226196,-1.1527762413024902,40.4264185,-86.92744139999999,168.964,0.2590000033378601,-1.1230000257492065,-0.30300000309944153,4,13
imu,1777665307.7400062,1625741257000,-10.010658264160156,-3.6416823863983154,-0.36585068702697754,2.4733357429504395,0.9785059690475464,-1.1280475854873657,40.4264185,-86.92744139999999,168.964,0.2590000033378601,-1.1230000257492065,-0.30300000309944153,4,13
imu,1777665307.7478209,1625751257000,-9.521288871765137,-3.6698358058929443,0.6149756908416748,2.5933611392974854,1.0952476263046265,-1.028146743774414,40.4264185,-86.92744139999999,168.964,0.2590000033378601,-1.1230000257492065,-0.30300000309944153,4,13
imu,1777665307.7634478,1625761257000,-10.02977466583252,-4.024075031280518,0.9488117694854736,2.6071627140045166,1.1765906810760498,-0.808333158493042,40.4264185,-86.92744139999999,168.964,0.2590000033378601,-1.1230000257492065,-0.30300000309944153,4,13
imu,1777665307.7677524,1625771257000,-9.691229820251465,-2.865834951400757,1.5501405000686646,2.6491940021514893,1.273556113243103,-0.757813572883606,40.4264185,-86.92744139999999,168.964,0.2590000033378601,-1.1230000257492065,-0.30300000309944153,4,13
imu,1777665307.7858443,1625781257000,-10.339775085449219,-2.931384563446045,1.0211268663406372,2.7151248455047607,1.3371955156326294,-0.42080968618392944,40.4264185,-86.92744139999999,168.964,0.2590000033378601,-1.1230000257492065,-0.30300000309944153,4,13
imu,1777665307.7891326,1625791257000,-9.11126708984375,-2.7493629455566406,0.05979786813259125,2.623176336288452,1.4153445959091187,-0.4776764214038849,40.4264185,-86.92744139999999,168.964,0.2590000033378601,-1.1230000257492065,-0.30300000309944153,4,13
imu,1777665307.798008,1625801257000,-8.748462677001953,-3.2328953742980957,0.5229695439338684,2.73134446144104,1.36857008934021,-0.5390000939369202,40.4264185,-86.92744139999999,168.964,0.2590000033378601,-1.1230000257492065,-0.30300000309944153,4,13
imu,1777665307.8148458,1625811257000,-9.16341495513916,-5.204833030700684,0.684304416179657,2.7335760593414307,1.4252697229385376,-0.491996169090271,40.4264185,-86.92744139999999,168.964,0.2590000033378601,-1.1230000257492065,-0.30300000309944153,4,13
imu,1777665307.818161,1625821257000,-9.501269340515137,-5.735605239868164,-0.056967973709106445,2.65079402923584,1.4268780946731567,-0.3317433297634125,40.4264185,-86.92744139999999,168.964,0.2590000033378601,-1.1230000257492065,-0.30300000309944153,4,13
imu,1777665307.8359954,1625831257000,-9.54236888885498,-5.85056209564209,-1.3430051803588867,2.673542022705078,1.237303376197815,-0.055103570222854614,40.4264185,-86.92744139999999,168.964,0.2590000033378601,-1.1230000257492065,-0.30300000309944153,4,13
imu,1777665307.8393815,1625841257000,-8.357575416564941,-4.328004837036133,-1.7553761005401611,2.586678981781006,0.9676512479782104,-0.19255350530147552,40.4264185,-86.92744139999999,168.964,0.2590000033378601,-1.1230000257492065,-0.30300000309944153,4,13
imu,1777665307.848373,1625851257000,-10.14873218536377,-4.437983512878418,-0.8249577283859253,2.7216503620147705,0.6934415102005005,-0.09511054307222366,40.4264181,-86.927444,169.043,-0.515999972820282,-0.843999981880188,-0.421999990940094,4,12
imu,1777665307.8639574,1625861257000,-9.42162799835205,-4.871495723724365,-0.0791214182972908,2.6052608489990234,0.6086951494216919,0.33751460909843445,40.4264181,-86.927444,169.043,-0.515999972820282,-0.843999981880188,-0.421999990940094,4,12
imu,1777665307.8675225,1625871257000,-9.45182991027832,-4.519960403442383,0.25416088104248047,2.6063144207000732,0.5482010245323181,0.4273053705692291,40.4264181,-86.927444,169.043,-0.515999972820282,-0.843999981880188,-0.421999990940094,4,12
imu,1777665307.8854427,1625881257000,-9.719362258911133,-4.572485446929932,-0.3812689185142517,2.524210214614868,0.43079081177711487,0.5178958773612976,40.4264181,-86.927444,169.043,-0.515999972820282,-0.843999981880188,-0.421999990940094,4,12
imu,1777665307.8900998,1625891257000,-9.754781723022461,-3.8237967491149902,-0.7549566626548767,2.3208632469177246,0.22523333132266998,0.629717230796814,40.4264181,-86.927444,169.043,-0.515999972820282,-0.843999981880188,-0.421999990940094,4,12
imu,1777665307.8978794,1625901257000,-9.890665054321289,-2.9828593730926514,-0.6315858960151672,2.22601056098938,-0.06920501589775085,0.6230202317237854,40.4264181,-86.927444,169.043,-0.515999972820282,-0.843999981880188,-0.421999990940094,4,12
imu,1777665307.9146712,1625911257000,-10.218696594238281,-1.9654557704925537,0.2322220355272293,2.2611851692199707,-0.2658839225769043,0.6462889909744263,40.4264181,-86.927444,169.043,-0.515999972820282,-0.843999981880188,-0.421999990940094,4,12
imu,1777665307.9180224,1625921257000,-10.577860832214355,-1.8571958541870117,1.1040284633636475,2.435999631881714,-0.369035005569458,0.5960175395011902,40.4264181,-86.927444,169.043,-0.515999972820282,-0.843999981880188,-0.421999990940094,4,12
imu,1777665307.9359019,1625931257000,-10.907501220703125,-1.9522572755813599,1.2793737649917603,2.448969841003418,-0.38096851110458374,0.4960692226886749,40.4264181,-86.927444,169.043,-0.515999972820282,-0.843999981880188,-0.421999990940094,4,12
imu,1777665307.9390628,1625941257000,-10.997788429260254,-2.0839531421661377,1.0276023149490356,2.440922260284424,-0.40654948353767395,0.3873332738876343,40.4264181,-86.927444,169.043,-0.515999972820282,-0.843999981880188,-0.421999990940094,4,12
imu,1777665307.9481936,1625951257000,-11.307975769042969,-2.532585859298706,0.8647500276565552,2.411820411682129,-0.4884711503982544,0.3576178252696991,40.4264181,-86.927444,169.043,-0.515999972820282,-0.843999981880188,-0.421999990940094,4,12
imu,1777665307.964954,1625961257000,-11.181442260742188,-2.707946538925171,0.5771480798721313,2.302196741104126,-0.6201894879341125,0.39265161752700806,40.4264181,-86.927444,169.043,-0.515999972820282,-0.843999981880188,-0.421999990940094,4,12
imu,1777665307.9682329,1625971257000,-10.87273120880127,-2.4511592388153076,0.14777670800685883,2.0897812843322754,-0.8387418389320374,0.4820091426372528,40.4264181,-86.927444,169.043,-0.515999972820282,-0.843999981880188,-0.421999990940094,4,12
imu,1777665307.9860394,1625981257000,-10.352603912353516,-2.069084405899048,0.0972566157579422,1.8130933046340942,-1.1058969497680664,0.6768295764923096,40.4264181,-86.927444,169.043,-0.515999972820282,-0.843999981880188,-0.421999990940094,4,12
imu,1777665307.9893048,1625991257000,-10.152355194091797,-1.9589366912841797,1.1500884294509888,1.5862325429916382,-1.3003764152526855,0.8660659193992615,40.4264181,-86.927444,169.043,-0.515999972820282,-0.843999981880188,-0.421999990940094,4,12
imu,1777665307.9982822,1626001257000,-10.190102577209473,-1.9112884998321533,3.1117653846740723,1.6069964170455933,-1.3042817115783691,0.9756348133087158,40.4264181,-86.927444,169.043,-0.515999972820282,-0.843999981880188,-0.421999990940094,4,12
imu,1777665308.0148284,1626011257000,-10.549861907958984,-1.893572449684143,3.8415751457214355,1.5919374227523804,-1.1447492837905884,1.1246687173843384,40.4264181,-86.927444,169.043,-0.515999972820282,-0.843999981880188,-0.421999990940094,4,12
imu,1777665308.018274,1626021257000,-10.800827980041504,-1.0620195865631104,3.491428852081299,1.5808950662612915,-0.9579414129257202,1.2408524751663208,40.4264181,-86.927444,169.043,-0.515999972820282,-0.843999981880188,-0.421999990940094,4,12
imu,1777665308.034867,1626031257000,-10.89094066619873,0.30121704936027527,1.9488667249679565,1.506608009338379,-0.9494855999946594,1.3032619953155518,40.4264181,-86.927444,169.043,-0.515999972820282,-0.843999981880188,-0.421999990940094,4,12
imu,1777665308.039281,1626041257000,-10.706600189208984,1.7303192615509033,1.404699444770813,1.3712489604949951,-1.0721436738967896,1.2640033960342407,40.4264181,-86.927444,169.043,-0.515999972820282,-0.843999981880188,-0.421999990940094,4,12
imu,1777665308.0482147,1626051257000,-10.106616020202637,2.2138423919677734,2.096365213394165,1.2373024225234985,-1.1963586807250977,1.1668612957000732,40.4264183,-86.9274466,168.63400000000001,-0.7940000295639038,-0.20000000298023224,0.09000000357627869,4,12
imu,1777665308.0639129,1626061257000,-9.644824028015137,2.087636709213257,2.499645471572876,0.9570375680923462,-1.2518290281295776,1.1107803583145142,40.4264183,-86.9274466,168.63400000000001,-0.7940000295639038,-0.20000000298023224,0.09000000357627869,4,12
imu,1777665308.0683916,1626071257000,-9.764854431152344,2.1668500900268555,3.6193323135375977,0.8419990539550781,-1.2066316604614258,1.0486564636230469,40.4264183,-86.9274466,168.63400000000001,-0.7940000295639038,-0.20000000298023224,0.09000000357627869,4,12
imu,1777665308.0864897,1626081257000,-9.786595344543457,1.967242956161499,3.050469398498535,0.7740485072135925,-1.1418355703353882,1.028904676437378,40.4264183,-86.9274466,168.63400000000001,-0.7940000295639038,-0.20000000298023224,0.09000000357627869,4,12
imu,1777665308.0898507,1626091257000,-10.025872230529785,2.7857160568237305,2.5936620235443115,0.5733742713928223,-1.0813673734664917,0.9607926607131958,40.4264183,-86.9274466,168.63400000000001,-0.7940000295639038,-0.20000000298023224,0.09000000357627869,4,12
imu,1777665308.098781,1626101257000,-9.746777534484863,1.6100388765335083,3.344115734100342,0.4547319710254669,-1.0352625846862793,0.949661135673523,40.4264183,-86.9274466,168.63400000000001,-0.7940000295639038,-0.20000000298023224,0.09000000357627869,4,12
imu,1777665308.114507,1626111257000,-9.20905590057373,1.925404667854309,3.7646563053131104,0.3573077619075775,-0.9413242340087891,0.9615615606307983,40.4264183,-86.9274466,168.63400000000001,-0.7940000295639038,-0.20000000298023224,0.09000000357627869,4,12
imu,1777665308.117777,1626121257000,-9.199958801269531,2.731851100921631,4.211451053619385,0.3241957724094391,-0.7930594682693481,0.8667325973510742,40.4264183,-86.9274466,168.63400000000001,-0.7940000295639038,-0.20000000298023224,0.09000000357627869,4,12
imu,1777665308.1367552,1626131257000,-9.125665664672852,3.2170960903167725,4.677397727966309,0.3562149703502655,-0.5697986483573914,0.700880765914917,40.4264183,-86.9274466,168.63400000000001,-0.7940000295639038,-0.20000000298023224,0.09000000357627869,4,12
imu,1777665308.1391182,1626141257000,-8.952064514160156,3.132321834564209,4.23218297958374,0.24433216452598572,-0.32313209772109985,0.55690598487854,40.4264183,-86.9274466,168.63400000000001,-0.7940000295639038,-0.20000000298023224,0.09000000357627869,4,12
imu,1777665308.14797,1626151257000,-9.211188316345215,2.734973430633545,3.066520929336548,0.15012791752815247,-0.18519507348537445,0.5103775858879089,40.4264183,-86.9274466,168.63400000000001,-0.7940000295639038,-0.20000000298023224,0.09000000357627869,4,12
imu,1777665308.1647043,1626161257000,-9.567049026489258,2.1516287326812744,1.6364177465438843,-0.03966597467660904,-0.17301754653453827,0.5970563292503357,40.4264183,-86.9274466,168.63400000000001,-0.7940000295639038,-0.20000000298023224,0.09000000357627869,4,12
imu,1777665308.1681008,1626171257000,-9.686629295349121,2.644864082336426,0.980298638343811,-0.2202615588903427,-0.2892727851867676,0.7705572843551636,40.4264183,-86.9274466,168.63400000000001,-0.7940000295639038,-0.20000000298023224,0.09000000357627869,4,12
imu,1777665308.185795,1626181257000,-9.478018760681152,2.734556198120117,1.280929446220398,-0.5006541609764099,-0.33835890889167786,0.8462833762168884,40.4264183,-86.9274466,168.63400000000001,-0.7940000295639038,-0.20000000298023224,0.09000000357627869,4,12
imu,1777665308.189096,1626191257000,-9.54065990447998,3.878767490386963,2.9741737842559814,-0.3567889630794525,-0.29555782675743103,0.7780585289001465,40.4264183,-86.9274466,168.63400000000001,-0.7940000295639038,-0.20000000298023224,0.09000000357627869,4,12
imu,1777665308.19808,1626201257000,-9.275579452514648,3.2371726036071777,3.2270467281341553,-0.6002916693687439,-0.04949210211634636,0.7718455791473389,40.4264183,-86.9274466,168.63400000000001,-0.7940000295639038,-0.20000000298023224,0.09000000357627869,4,12
imu,1777665308.2138495,1626211257000,-8.747145652770996,4.480297565460205,2.9079885482788086,-0.6560128331184387,0.10919459909200668,0.7006486654281616,40.4264183,-86.9274466,168.63400000000001,-0.7940000295639038,-0.20000000298023224,0.09000000357627869,4,12
imu,1777665308.2182994,1626221257000,-8.378564834594727,3.189544439315796,2.3421592712402344,-0.6358435153961182,0.164901003241539,0.45869553089141846,40.4264183,-86.9274466,168.63400000000001,-0.7940000295639038,-0.20000000298023224,0.09000000357627869,4,12
imu,1777665308.2362707,1626231257000,-8.044425964355469,3.4405336380004883,2.9324324131011963,-0.8213338851928711,0.35141241550445557,0.372494637966156,40.4264183,-86.9274466,168.63400000000001,-0.7940000295639038,-0.20000000298023224,0.09000000357627869,4,12
imu,1777665308.239556,1626241257000,-8.609502792358398,2.795731782913208,3.5008108615875244,-0.7144581079483032,0.606315553188324,0.2769131064414978,40.4264183,-86.9274466,168.63400000000001,-0.7940000295639038,-0.20000000298023224,0.09000000357627869,4,12
imu,1777665308.248559,1626251257000,-9.229470252990723,2.2754383087158203,2.740021228790283,-0.7388235926628113,0.8776383996009827,0.3596535325050354,40.4264169,-86.9274466,168.687,-0.47999998927116394,0.29899999499320984,0.11699999868869781,4,14
imu,1777665308.2646658,1626261257000,-9.712660789489746,3.3797359466552734,0.9115039110183716,-0.8031789660453796,0.9916503429412842,0.40715938806533813,40.4264169,-86.9274466,168.687,-0.47999998927116394,0.29899999499320984,0.11699999868869781,4,14
imu,1777665308.268178,1626271257000,-10.034357070922852,4.367903709411621,-0.6558024883270264,-0.8625159859657288,0.9435559511184692,0.36319053173065186,40.4264169,-86.9274466,168.687,-0.47999998927116394,0.29899999499320984,0.11699999868869781,4,14
imu,1777665308.285861,1626281257000,-10.224335670471191,4.216487884521484,-1.4591995477676392,-0.9645448327064514,0.8259184956550598,0.2614734470844269,40.4264169,-86.9274466,168.687,-0.47999998927116394,0.29899999499320984,0.11699999868869781,4,14
imu,1777665308.2891934,1626291257000,-10.221674919128418,3.5991458892822266,-1.7503056526184082,-1.161404013633728,0.6628978848457336,0.2528232932090759,40.4264169,-86.9274466,168.687,-0.47999998927116394,0.29899999499320984,0.11699999868869781,4,14
imu,1777665308.298337,1626301257000,-10.115063667297363,4.005664825439453,-0.9852427244186401,-1.192266583442688,0.5566391348838806,0.25179722905158997,40.4264169,-86.9274466,168.687,-0.47999998927116394,0.29899999499320984,0.11699999868869781,4,14
imu,1777665308.3138657,1626311257000,-10.23569393157959,3.8416123390197754,-0.33874988555908203,-1.110840082168579,0.6202797889709473,0.14045263826847076,40.4264169,-86.9274466,168.687,-0.47999998927116394,0.29899999499320984,0.11699999868869781,4,14
imu,1777665308.3184862,1626321257000,-10.257162094116211,3.475841999053955,-0.8683010935783386,-1.184572458267212,0.7162708044052124,0.09925655275583267,40.4264169,-86.9274466,168.687,-0.47999998927116394,0.29899999499320984,0.11699999868869781,4,14
imu,1777665308.3364077,1626331257000,-9.951942443847656,3.8333656787872314,-1.3797187805175781,-1.192741870880127,0.7418426871299744,0.02082536742091179,40.4264169,-86.9274466,168.687,-0.47999998927116394,0.29899999499320984,0.11699999868869781,4,14
imu,1777665308.339704,1626341257000,-9.900108337402344,3.5626325607299805,-1.4507170915603638,-1.1863563060760498,0.7545884251594543,-0.07098589837551117,40.4264169,-86.9274466,168.687,-0.47999998927116394,0.29899999499320984,0.11699999868869781,4,14
imu,1777665308.3485298,1626351257000,-9.78946590423584,3.0274131298065186,-1.8662850856781006,-1.2560670375823975,0.7637723684310913,-0.07452525943517685,40.4264169,-86.9274466,168.687,-0.47999998927116394,0.29899999499320984,0.11699999868869781,4,14
imu,1777665308.364373,1626361257000,-9.809829711914062,2.7653579711914062,-2.3447022438049316,-1.3309098482131958,0.7147924900054932,-0.00476992130279541,40.4264169,-86.9274466,168.687,-0.47999998927116394,0.29899999499320984,0.11699999868869781,4,14
imu,1777665308.368724,1626371257000,-9.793773651123047,2.5046567916870117,-2.692587375640869,-1.391800045967102,0.6283065676689148,0.09594511985778809,40.4264169,-86.9274466,168.687,-0.47999998927116394,0.29899999499320984,0.11699999868869781,4,14
imu,1777665308.385879,1626381257000,-9.609933853149414,2.6356115341186523,-3.2503485679626465,-1.5463162660598755,0.513415515422821,0.2033156454563141,40.4264169,-86.9274466,168.687,-0.47999998927116394,0.29899999499320984,0.11699999868869781,4,14
imu,1777665308.3894017,1626391257000,-9.732269287109375,2.8365583419799805,-2.9698286056518555,-1.645730972290039,0.3992159068584442,0.28338623046875,40.4264169,-86.9274466,168.687,-0.47999998927116394,0.29899999499320984,0.11699999868869781,4,14
imu,1777665308.398216,1626401257000,-9.842585563659668,3.358757495880127,-2.054227352142334,-1.6601026058197021,0.4048355221748352,0.27553120255470276,40.4264169,-86.9274466,168.687,-0.47999998927116394,0.29899999499320984,0.11699999868869781,4,14
imu,1777665308.4140084,1626411257000,-9.916101455688477,3.7348215579986572,-2.330855369567871,-1.6199615001678467,0.49396324157714844,0.19017234444618225,40.4264169,-86.9274466,168.687,-0.47999998927116394,0.29899999499320984,0.11699999868869781,4,14
imu,1777665308.4185138,1626421257000,-10.128734588623047,4.038957118988037,-2.8888301849365234,-1.5052299499511719,0.5840492844581604,0.045627184212207794,40.4264169,-86.9274466,168.687,-0.47999998927116394,0.29899999499320984,0.11699999868869781,4,14
imu,1777665308.4364896,1626431257000,-10.185383796691895,3.7597694396972656,-3.8487730026245117,-1.430543065071106,0.6114919781684875,-0.08341012895107269,40.4264169,-86.9274466,168.687,-0.47999998927116394,0.29899999499320984,0.11699999868869781,4,14
imu,1777665308.438752,1626441257000,-10.062095642089844,3.3730223178863525,-4.865047454833984,-1.5313358306884766,0.5715245604515076,-0.18609759211540222,40.4264169,-86.9274466,168.687,-0.47999998927116394,0.29899999499320984,0.11699999868869781,4,14
imu,1777665308.4475954,1626451257000,-10.039083480834961,3.082491636276245,-5.177478313446045,-1.5704138278961182,0.3907148838043213,-0.22085458040237427,40.4264173,-86.9274459,168.573,0.29899999499320984,1.0269999504089355,0.5429999828338623,4,13
imu,1777665308.4643998,1626461257000,-9.984130859375,2.513986825942993,-4.853245258331299,-1.674824595451355,0.257947713136673,-0.21195271611213684,40.4264173,-86.9274459,168.573,0.29899999499320984,1.0269999504089355,0.5429999828338623,4,13
imu,1777665308.4677556,1626471257000,-9.90553092956543,2.0615346431732178,-4.602080345153809,-1.7220773696899414,0.15535429120063782,-0.16592246294021606,40.4264173,-86.9274459,168.573,0.29899999499320984,1.0269999504089355,0.5429999828338623,4,13
imu,1777665308.4867535,1626481257000,-9.893027305603027,1.7264772653579712,-4.728075981140137,-1.7711548805236816,0.08190714567899704,-0.09624643623828888,40.4264173,-86.9274459,168.573,0.29899999499320984,1.0269999504089355,0.5429999828338623,4,13
imu,1777665308.4889715,1626491257000,-9.981935501098633,1.8618464469909668,-4.668546199798584,-1.826463222503662,0.02335476316511631,-0.031648095697164536,40.4264173,-86.9274459,168.573,0.29899999499320984,1.0269999504089355,0.5429999828338623,4,13
imu,1777665308.4977539,1626501257000,-10.09865665435791,2.1345632076263428,-4.6665143966674805,-1.8233996629714966,0.008110102266073227,0.0008107200264930725,40.4264173,-86.9274459,168.573,0.29899999499320984,1.0269999504089355,0.5429999828338623,4,13
imu,1777665308.5145469,1626511257000,-10.296041488647461,2.443941831588745,-4.915248394012451,-1.8186790943145752,0.0016933733131736517,0.01734468899667263,40.4264173,-86.9274459,168.573,0.29899999499320984,1.0269999504089355,0.5429999828338623,4,13
imu,1777665308.5179176,1626521257000,-10.327280044555664,2.9853122234344482,-5.1734113693237305,-1.856144905090332,0.0018362957052886486,-0.028040343895554543,40.4264173,-86.9274459,168.573,0.29899999499320984,1.0269999504089355,0.5429999828338623,4,13
imu,1777665308.5360668,1626531257000,-10.39819622039795,3.063995361328125,-5.835365295410156,-1.8252487182617188,-0.044330865144729614,-0.08165445923805237,40.4264173,-86.9274459,168.573,0.29899999499320984,1.0269999504089355,0.5429999828338623,4,13
imu,1777665308.539245,1626541257000,-10.48365592956543,2.887808084487915,-6.335394859313965,-1.8688417673110962,-0.10797801613807678,-0.1407567709684372,40.4264173,-86.9274459,168.573,0.29899999499320984,1.0269999504089355,0.5429999828338623,4,13
imu,1777665308.5482378,1626551257000,-10.501587867736816,2.5198564529418945,-6.6785888671875,-1.8747119903564453,-0.22143001854419708,-0.19090013206005096,40.4264173,-86.9274459,168.573,0.29899999499320984,1.0269999504089355,0.5429999828338623,4,13
imu,1777665308.5637252,1626561257000,-10.410541534423828,1.9545683860778809,-6.897306442260742,-1.9207179546356201,-0.3491212725639343,-0.20870272815227509,40.4264173,-86.9274459,168.573,0.29899999499320984,1.0269999504089355,0.5429999828338623,4,13
imu,1777665308.568182,1626571257000,-10.208404541015625,1.9018561840057373,-6.379764556884766,-1.9679508209228516,-0.45689383149147034,-0.20694680511951447,40.4264173,-86.9274459,168.573,0.29899999499320984,1.0269999504089355,0.5429999828338623,4,13
imu,1777665308.5861232,1626581257000,-9.78518009185791,1.6887242794036865,-5.6248064041137695,-1.9667214155197144,-0.5199947357177734,-0.232564315199852,40.4264173,-86.9274459,168.573,0.29899999499320984,1.0269999504089355,0.5429999828338623,4,13
imu,1777665308.5895524,1626591257000,-9.51632308959961,1.604958415031433,-5.177737712860107,-2.0225229263305664,-0.523888111114502,-0.23851022124290466,40.4264173,-86.9274459,168.573,0.29899999499320984,1.0269999504089355,0.5429999828338623,4,13
imu,1777665308.5985115,1626601257000,-9.341168403625488,1.4238901138305664,-4.822185516357422,-2.0232808589935303,-0.5202654600143433,-0.23149864375591278,40.4264173,-86.9274459,168.573,0.29899999499320984,1.0269999504089355,0.5429999828338623,4,13
imu,1777665308.6140938,1626611257000,-9.150430679321289,1.3669542074203491,-4.745943069458008,-2.0248661041259766,-0.4828393757343292,-0.26576554775238037,40.4264173,-86.9274459,168.573,0.29899999499320984,1.0269999504089355,0.5429999828338623,4,13
imu,1777665308.6185389,1626621257000,-8.992340087890625,1.1177881956100464,-5.051033973693848,-2.005908489227295,-0.45427775382995605,-0.3388378322124481,40.4264173,-86.9274459,168.573,0.29899999499320984,1.0269999504089355,0.5429999828338623,4,13
imu,1777665308.6363504,1626631257000,-8.779656410217285,0.6794641613960266,-5.292617321014404,-1.9905575513839722,-0.45240843296051025,-0.40027788281440735,40.4264173,-86.9274459,168.573,0.29899999499320984,1.0269999504089355,0.5429999828338623,4,13
imu,1777665308.6386034,1626641257000,-8.767216682434082,0.03527228906750679,-5.3474249839782715,-2.0221924781799316,-0.47567176818847656,-0.3864718973636627,40.4264173,-86.9274459,168.573,0.29899999499320984,1.0269999504089355,0.5429999828338623,4,13
imu,1777665308.648727,1626651257000,-8.749804496765137,-0.25339823961257935,-5.140750885009766,-2.0405843257904053,-0.5017390251159668,-0.3069247901439667,40.426418999999996,-86.92744549999999,168.46,0.4519999921321869,0.7310000061988831,-0.574999988079071,4,14
imu,1777665308.6641755,1626661257000,-8.634506225585938,-0.19462499022483826,-5.069646835327148,-2.0708673000335693,-0.5071216821670532,-0.2699362337589264,40.426418999999996,-86.92744549999999,168.46,0.4519999921321869,0.7310000061988831,-0.574999988079071,4,14
imu,1777665308.668679,1626671256000,-8.721449851989746,-0.3650660514831543,-4.848374366760254,-2.083153486251831,-0.47564777731895447,-0.2726823687553406,40.426418999999996,-86.92744549999999,168.46,0.4519999921321869,0.7310000061988831,-0.574999988079071,4,14
imu,1777665308.6864974,1626681257000,-8.817885398864746,-0.7493162751197815,-4.813365459442139,-2.0555455684661865,-0.4338376224040985,-0.2730671465396881,40.426418999999996,-86.92744549999999,168.46,0.4519999921321869,0.7310000061988831,-0.574999988079071,4,14
imu,1777665308.688714,1626691257000,-8.746718406677246,-0.7196157574653625,-4.960194110870361,-2.1154611110687256,-0.4335583746433258,-0.25984466075897217,40.426418999999996,-86.92744549999999,168.46,0.4519999921321869,0.7310000061988831,-0.574999988079071,4,14
imu,1777665308.6987967,1626701257000,-8.848641395568848,-0.4345896542072296,-4.133985996246338,-2.1425418853759766,-0.45229372382164,-0.2669086456298828,40.426418999999996,-86.92744549999999,168.46,0.4519999921321869,0.7310000061988831,-0.574999988079071,4,14
imu,1777665308.7143564,1626711257000,-8.879108428955078,-0.27044108510017395,-3.674583673477173,-2.1208691596984863,-0.39167147874832153,-0.3202556371688843,40.426418999999996,-86.92744549999999,168.46,0.4519999921321869,0.7310000061988831,-0.574999988079071,4,14
imu,1777665308.717635,1626721257000,-8.804611206054688,-0.11503484100103378,-3.933401584625244,-2.0757505893707275,-0.2873808741569519,-0.4418589472770691,40.426418999999996,-86.92744549999999,168.46,0.4519999921321869,0.7310000061988831,-0.574999988079071,4,14
imu,1777665308.7365994,1626731257000,-8.985953330993652,-0.9247114062309265,-4.494863033294678,-2.0204296112060547,-0.18313699960708618,-0.5912070870399475,40.426418999999996,-86.92744549999999,168.46,0.4519999921321869,0.7310000061988831,-0.574999988079071,4,14
imu,1777665308.7386975,1626741257000,-9.192279815673828,-1.792437195777893,-5.40590763092041,-1.9404503107070923,-0.1420842707157135,-0.7157993316650391,40.426418999999996,-86.92744549999999,168.46,0.4519999921321869,0.7310000061988831,-0.574999988079071,4,14
imu,1777665308.7476199,1626751257000,-9.258540153503418,-2.7571332454681396,-6.734583854675293,-1.8825856447219849,-0.20954130589962006,-0.7855197191238403,40.426418999999996,-86.92744549999999,168.46,0.4519999921321869,0.7310000061988831,-0.574999988079071,4,14
imu,1777665308.7644858,1626761257000,-9.394859313964844,-3.3238942623138428,-6.830517292022705,-1.9535040855407715,-0.3340940475463867,-0.7034953832626343,40.426418999999996,-86.92744549999999,168.46,0.4519999921321869,0.7310000061988831,-0.574999988079071,4,14
imu,1777665308.7678776,1626771257000,-9.410712242126465,-3.6232051849365234,-6.161668300628662,-1.886934518814087,-0.4929288923740387,-0.4938703179359436,40.426418999999996,-86.92744549999999,168.46,0.4519999921321869,0.7310000061988831,-0.574999988079071,4,14
imu,1777665308.785796,1626781257000,-9.252490043640137,-3.4517831802368164,-5.371079444885254,-1.967642903327942,-0.5906045436859131,-0.23985974490642548,40.426418999999996,-86.92744549999999,168.46,0.4519999921321869,0.7310000061988831,-0.574999988079071,4,14
imu,1777665308.7890563,1626791257000,-9.291605949401855,-2.903247117996216,-4.440078258514404,-2.002904176712036,-0.6233231425285339,-0.051302358508110046,40.426418999999996,-86.92744549999999,168.46,0.4519999921321869,0.7310000061988831,-0.574999988079071,4,14
imu,1777665308.797916,1626801257000,-9.382769584655762,-2.366344690322876,-3.690383195877075,-1.973371982574463,-0.5652545094490051,0.020871123299002647,40.426418999999996,-86.92744549999999,168.46,0.4519999921321869,0.7310000061988831,-0.574999988079071,4,14
imu,1777665308.8146646,1626811257000,-9.316230773925781,-1.8737189769744873,-3.6513023376464844,-1.9002186059951782,-0.47193777561187744,-0.06260445713996887,40.426418999999996,-86.92744549999999,168.46,0.4519999921321869,0.7310000061988831,-0.574999988079071,4,14
imu,1777665308.817981,1626821257000,-9.246715545654297,-1.6988117694854736,-3.5052080154418945,-1.8054040670394897,-0.3409408926963806,-0.2187964767217636,40.426418999999996,-86.92744549999999,168.46,0.4519999921321869,0.7310000061988831,-0.574999988079071,4,14
imu,1777665308.8356955,1626831257000,-9.106852531433105,-2.064478635787964,-3.673095226287842,-1.638822317123413,-0.19489170610904694,-0.42182981967926025,40.426418999999996,-86.92744549999999,168.46,0.4519999921321869,0.7310000061988831,-0.574999988079071,4,14
imu,1777665308.8390155,1626841257000,-9.143383026123047,-3.170048236846924,-4.210869312286377,-1.475304126739502,-0.06724900007247925,-0.5839789509773254,40.426418999999996,-86.92744549999999,168.46,0.4519999921321869,0.7310000061988831,-0.574999988079071,4,14
imu,1777665308.8479774,1626851257000,-9.051299095153809,-4.542989253997803,-5.0298848152160645,-1.4129968881607056,-0.04046321660280228,-0.5793531537055969,40.4264211,-86.9274456,168.31,0.9399999976158142,0.12999999523162842,0.00800000037997961,4,14
imu,1777665308.8638856,1626861257000,-8.996233940124512,-5.211512565612793,-5.327063083648682,-1.4652965068817139,-0.12500807642936707,-0.36064615845680237,40.4264211,-86.9274456,168.31,0.9399999976158142,0.12999999523162842,0.00800000037997961,4,14
imu,1777665308.868406,1626871257000,-8.905940055847168,-5.285402297973633,-4.863590717315674,-1.5594770908355713,-0.26048678159713745,-0.023278608918190002,40.4264211,-86.9274456,168.31,0.9399999976158142,0.12999999523162842,0.00800000037997961,4,14
imu,1777665308.8862283,1626881257000,-8.984643936157227,-4.387234210968018,-3.5193355083465576,-1.6530239582061768,-0.32569223642349243,0.32950499653816223,40.4264211,-86.9274456,168.31,0.9399999976158142,0.12999999523162842,0.00800000037997961,4,14
imu,1777665308.8896306,1626891257000,-9.015053749084473,-3.1698241233825684,-2.786389112472534,-1.5990679264068604,-0.27546730637550354,0.4634893834590912,40.4264211,-86.9274456,168.31,0.9399999976158142,0.12999999523162842,0.00800000037997961,4,14
imu,1777665308.8984149,1626901257000,-9.348408699035645,-2.468240261077881,-3.1507437229156494,-1.4285839796066284,-0.10316774994134903,0.3033677041530609,40.4264211,-86.9274456,168.31,0.9399999976158142,0.12999999523162842,0.00800000037997961,4,14
imu,1777665308.9141598,1626911257000,-9.696234703063965,-3.2438318729400635,-4.014596939086914,-1.1664401292800903,0.0345923937857151,0.03586916625499725,40.4264211,-86.9274456,168.31,0.9399999976158142,0.12999999523162842,0.00800000037997961,4,14
imu,1777665308.9186602,1626921257000,-9.878973007202148,-4.163904666900635,-5.24920129776001,-0.994340181350708,0.02206328511238098,-0.13294410705566406,40.4264211,-86.9274456,168.31,0.9399999976158142,0.12999999523162842,0.00800000037997961,4,14
imu,1777665308.9355984,1626931257000,-9.778470039367676,-5.1887383460998535,-5.732879161834717,-0.8555629253387451,-0.10841266065835953,-0.20655742287635803,40.4264211,-86.9274456,168.31,0.9399999976158142,0.12999999523162842,0.00800000037997961,4,14
imu,1777665308.9388404,1626941257000,-9.521300315856934,-5.97005033493042,-5.227426528930664,-0.8175994157791138,-0.3077006936073303,-0.1619543433189392,40.4264211,-86.9274456,168.31,0.9399999976158142,0.12999999523162842,0.00800000037997961,4,14
imu,1777665308.9477515,1626951257000,-9.256232261657715,-6.265229225158691,-3.9281833171844482,-0.7652628421783447,-0.43476876616477966,0.030410680919885635,40.4264211,-86.9274456,168.31,0.9399999976158142,0.12999999523162842,0.00800000037997961,4,14
imu,1777665308.9645402,1626961257000,-8.975534439086914,-6.281824111938477,-2.957634210586548,-0.773101806640625,-0.4738062024116516,0.27039235830307007,40.4264211,-86.9274456,168.31,0.9399999976158142,0.12999999523162842,0.00800000037997961,4,14
imu,1777665308.9678175,1626971257000,-8.891190528869629,-5.497947692871094,-2.367464542388916,-0.7796163558959961,-0.4754669666290283,0.4582689106464386,40.4264211,-86.9274456,168.31,0.9399999976158142,0.12999999523162842,0.00800000037997961,4,14
imu,1777665308.9858935,1626981257000,-8.95455551147461,-4.531757831573486,-2.045440673828125,-0.6460825800895691,-0.41819390654563904,0.4749014675617218,40.4264211,-86.9274456,168.31,0.9399999976158142,0.12999999523162842,0.00800000037997961,4,14
imu,1777665308.9891539,1626991257000,-9.048714637756348,-4.4911627769470215,-1.584219217300415,-0.4236346483230591,-0.3157248795032501,0.38943764567375183,40.4264211,-86.9274456,168.31,0.9399999976158142,0.12999999523162842,0.00800000037997961,4,14
imu,1777665308.9982097,1627001257000,-9.26499080657959,-4.784154891967773,-1.49684739112854,-0.26909857988357544,-0.16785047948360443,0.33799225091934204,40.4264211,-86.9274456,168.31,0.9399999976158142,0.12999999523162842,0.00800000037997961,4,14
imu,1777665309.013618,1627011257000,-9.411810874938965,-4.910452365875244,-1.7105611562728882,-0.064166359603405,-0.0492878332734108,0.33090507984161377,40.4264211,-86.9274456,168.31,0.9399999976158142,0.12999999523162842,0.00800000037997961,4,14
imu,1777665309.0182207,1627021257000,-9.439099311828613,-5.11812162399292,-2.51743483543396,0.003913621883839369,-0.005121197551488876,0.394461452960968,40.4264211,-86.9274456,168.31,0.9399999976158142,0.12999999523162842,0.00800000037997961,4,14
imu,1777665309.036008,1627031257000,-9.387547492980957,-4.778083324432373,-3.0370895862579346,0.06198408827185631,-0.04490640014410019,0.4672675132751465,40.4264211,-86.9274456,168.31,0.9399999976158142,0.12999999523162842,0.00800000037997961,4,14
imu,1777665309.039434,1627041257000,-9.409749984741211,-4.63224983215332,-3.1017866134643555,0.13784785568714142,-0.11094076186418533,0.5160918235778809,40.4264211,-86.9274456,168.31,0.9399999976158142,0.12999999523162842,0.00800000037997961,4,14
imu,1777665309.0482697,1627051257000,-9.483522415161133,-4.619368076324463,-2.5127809047698975,0.20573629438877106,-0.14058104157447815,0.5642019510269165,40.426422699999996,-86.92744689999999,168.409,0.010999999940395355,-0.5019999742507935,-0.39800000190734863,4,15
imu,1777665309.0637376,1627061257000,-9.406224250793457,-4.0361714363098145,-2.3170838356018066,0.2662487328052521,-0.14258526265621185,0.6282659769058228,40.426422699999996,-86.92744689999999,168.409,0.010999999940395355,-0.5019999742507935,-0.39800000190734863,4,15
imu,1777665309.0682106,1627071257000,-9.226312637329102,-3.10684871673584,-2.2227818965911865,0.36873337626457214,-0.1503440886735916,0.5949205160140991,40.426422699999996,-86.92744689999999,168.409,0.010999999940395355,-0.5019999742507935,-0.39800000190734863,4,15
imu,1777665309.085999,1627081257000,-9.073421478271484,-2.502225160598755,-1.41548490524292,0.4694209098815918,-0.11222851276397705,0.47101476788520813,40.426422699999996,-86.92744689999999,168.409,0.010999999940395355,-0.5019999742507935,-0.39800000190734863,4,15
imu,1777665309.0892408,1627091257000,-8.908954620361328,-2.4095969200134277,-0.5350645184516907,0.6655107140541077,-0.02690167911350727,0.30878350138664246,40.426422699999996,-86.92744689999999,168.409,0.010999999940395355,-0.5019999742507935,-0.39800000190734863,4,15
imu,1777665309.0980036,1627101257000,-8.889057159423828,-2.4258010387420654,-0.49428296089172363,0.700037956237793,0.12021281570196152,0.19220171868801117,40.426422699999996,-86.92744689999999,168.409,0.010999999940395355,-0.5019999742507935,-0.39800000190734863,4,15
imu,1777665309.113909,1627111257000,-8.912494659423828,-2.376917839050293,-0.24866411089897156,0.8646999001502991,0.26462098956108093,0.04446858912706375,40.426422699999996,-86.92744689999999,168.409,0.010999999940395355,-0.5019999742507935,-0.39800000190734863,4,15
imu,1777665309.1183317,1627121257000,-9.168601989746094,-2.805000066757202,-0.05265176296234131,1.0504920482635498,0.4128153622150421,-0.051183655858039856,40.426422699999996,-86.92744689999999,168.409,0.010999999940395355,-0.5019999742507935,-0.39800000190734863,4,15
imu,1777665309.1360745,1627131257000,-9.232860565185547,-2.7995617389678955,-0.25706860423088074,1.1838349103927612,0.5663016438484192,-0.14798711240291595,40.426422699999996,-86.92744689999999,168.409,0.010999999940395355,-0.5019999742507935,-0.39800000190734863,4,15
imu,1777665309.1395226,1627141257000,-9.257342338562012,-2.916572332382202,-0.5634179711341858,1.3740588426589966,0.660558819770813,-0.2521781921386719,40.426422699999996,-86.92744689999999,168.409,0.010999999940395355,-0.5019999742507935,-0.39800000190734863,4,15
imu,1777665309.14819,1627151257000,-9.247328758239746,-3.231977701187134,-0.787534773349762,1.4893851280212402,0.706391453742981,-0.30219417810440063,40.426422699999996,-86.92744689999999,168.409,0.010999999940395355,-0.5019999742507935,-0.39800000190734863,4,15
imu,1777665309.1639717,1627161257000,-9.176833152770996,-3.368666648864746,-0.6876777410507202,1.5966973304748535,0.7390254139900208,-0.3111618459224701,40.426422699999996,-86.92744689999999,168.409,0.010999999940395355,-0.5019999742507935,-0.39800000190734863,4,15
imu,1777665309.1683428,1627171257000,-9.294479370117188,-3.6066224575042725,0.0025207847356796265,1.7144798040390015,0.8044974207878113,-0.28681713342666626,40.426422699999996,-86.92744689999999,168.409,0.010999999940395355,-0.5019999742507935,-0.39800000190734863,4,15
imu,1777665309.1864297,1627181257000,-9.509354591369629,-4.118283748626709,0.5854277014732361,1.8962550163269043,0.9197924733161926,-0.18687385320663452,40.426422699999996,-86.92744689999999,168.409,0.010999999940395355,-0.5019999742507935,-0.39800000190734863,4,15
imu,1777665309.1886957,1627191257000,-9.73238468170166,-4.148910045623779,0.2052777260541916,2.0132949352264404,1.0290299654006958,-0.007706617936491966,40.426422699999996,-86.92744689999999,168.409,0.010999999940395355,-0.5019999742507935,-0.39800000190734863,4,15
imu,1777665309.1975102,1627201257000,-9.896612167358398,-3.2178471088409424,0.1931464821100235,2.21685528755188,1.0659500360488892,0.1636687070131302,40.426422699999996,-86.92744689999999,168.409,0.010999999940395355,-0.5019999742507935,-0.39800000190734863,4,15
imu,1777665309.2142897,1627211257000,-10.157028198242188,-3.6059749126434326,-0.792588472366333,2.3540568351745605,1.0640619993209839,0.2944410443305969,40.426422699999996,-86.92744689999999,168.409,0.010999999940395355,-0.5019999742507935,-0.39800000190734863,4,15
imu,1777665309.2175553,1627221257000,-10.608078002929688,-2.7263526916503906,-1.4730738401412964,2.2657814025878906,1.0307024717330933,0.4357401728630066,40.426422699999996,-86.92744689999999,168.409,0.010999999940395355,-0.5019999742507935,-0.39800000190734863,4,15
imu,1777665309.2354498,1627231257000,-10.897647857666016,-1.837512493133545,-1.8347731828689575,2.347923517227173,0.9017493724822998,0.46127691864967346,40.426422699999996,-86.92744689999999,168.409,0.010999999940395355,-0.5019999742507935,-0.39800000190734863,4,15
imu,1777665309.2388883,1627241257000,-10.99301528930664,-1.1708790063858032,-1.2551156282424927,2.4079771041870117,0.8097665905952454,0.4094584882259369,40.426422699999996,-86.92744689999999,168.409,0.010999999940395355,-0.5019999742507935,-0.39800000190734863,4,15
imu,1777665309.2478676,1627251257000,-10.906737327575684,-0.2777913808822632,-0.5036579370498657,2.548677682876587,0.7307812571525574,0.289837509393692,40.426421,-86.9274476,168.907,-0.6669999957084656,-0.6140000224113464,-0.43799999356269836,4,15
imu,1777665309.2634926,1627261257000,-10.87938404083252,-0.2824718952178955,-0.2787652909755707,2.640449285507202,0.7291751503944397,0.09087931364774704,40.426421,-86.9274476,168.907,-0.6669999957084656,-0.6140000224113464,-0.43799999356269836,4,15
imu,1777665309.2679021,1627271257000,-10.908533096313477,-0.4973631799221039,0.22188860177993774,2.6873860359191895,0.759480357170105,-0.09162823855876923,40.426421,-86.9274476,168.907,-0.6669999957084656,-0.6140000224113464,-0.43799999356269836,4,15
imu,1777665309.2858517,1627281257000,-10.9773588180542,-1.081950068473816,0.6442566514015198,2.8026487827301025,0.7795324921607971,-0.20694226026535034,40.426421,-86.9274476,168.907,-0.6669999957084656,-0.6140000224113464,-0.43799999356269836,4,15
imu,1777665309.2903244,1627291257000,-10.986038208007812,-1.47182297706604,1.0751371383666992,2.8656277656555176,0.7778063416481018,-0.23337092995643616,40.426421,-86.9274476,168.907,-0.6669999957084656,-0.6140000224113464,-0.43799999356269836,4,15
imu,1777665309.2980626,1627301257000,-11.010744094848633,-1.3671704530715942,1.424578070640564,2.9478721618652344,0.7566898465156555,-0.2232789695262909,40.426421,-86.9274476,168.907,-0.6669999957084656,-0.6140000224113464,-0.43799999356269836,4,15
imu,1777665309.313656,1627311257000,-10.826430320739746,-1.2600377798080444,1.281066656112671,2.9596354961395264,0.7163378000259399,-0.2723160684108734,40.426421,-86.9274476,168.907,-0.6669999957084656,-0.6140000224113464,-0.43799999356269836,4,15
imu,1777665309.3180256,1627321257000,-10.734397888183594,-1.2073149681091309,1.380954623222351,2.9644417762756348,0.6406465172767639,-0.3207753598690033,40.426421,-86.9274476,168.907,-0.6669999957084656,-0.6140000224113464,-0.43799999356269836,4,15
imu,1777665309.3358338,1627331257000,-10.713549613952637,-1.5938866138458252,1.5158936977386475,2.9304699897766113,0.5806930065155029,-0.3889080882072449,40.426421,-86.9274476,168.907,-0.6669999957084656,-0.6140000224113464,-0.43799999356269836,4,15
imu,1777665309.3402092,1627341257000,-10.879966735839844,-2.0615744590759277,1.9174020290374756,2.934605121612549,0.528102695941925,-0.39370912313461304,40.426421,-86.9274476,168.907,-0.6669999957084656,-0.6140000224113464,-0.43799999356269836,4,15
imu,1777665309.3481264,1627351257000,-10.94734001159668,-2.554685354232788,2.0773653984069824,2.9409353733062744,0.47404056787490845,-0.3866572380065918,40.426421,-86.9274476,168.907,-0.6669999957084656,-0.6140000224113464,-0.43799999356269836,4,15
imu,1777665309.363678,1627361257000,-11.143003463745117,-2.3420310020446777,2.0047969818115234,2.9200220108032227,0.3880273103713989,-0.3310513198375702,40.426421,-86.9274476,168.907,-0.6669999957084656,-0.6140000224113464,-0.43799999356269836,4,15
imu,1777665309.3680136,1627371257000,-11.055304527282715,-1.7920523881912231,1.533853530883789,2.9121341705322266,0.27549076080322266,-0.3121618330478668,40.426421,-86.9274476,168.907,-0.6669999957084656,-0.6140000224113464,-0.43799999356269836,4,15
imu,1777665309.3860424,1627381257000,-11.061074256896973,-1.6349166631698608,1.3353615999221802,2.902587652206421,0.13684707880020142,-0.3389239013195038,40.426421,-86.9274476,168.907,-0.6669999957084656,-0.6140000224113464,-0.43799999356269836,4,15
imu,1777665309.3894281,1627391257000,-11.148384094238281,-1.668945074081421,0.8264919519424438,2.829209089279175,-0.026166647672653198,-0.41105198860168457,40.426421,-86.9274476,168.907,-0.6669999957084656,-0.6140000224113464,-0.43799999356269836,4,15
imu,1777665309.3982406,1627401256000,-11.000036239624023,-1.5634623765945435,0.7009904384613037,2.747500419616699,-0.23337872326374054,-0.47546836733818054,40.426421,-86.9274476,168.907,-0.6669999957084656,-0.6140000224113464,-0.43799999356269836,4,15
imu,1777665309.4138563,1627411257000,-10.813955307006836,-1.7676981687545776,1.1580740213394165,2.671117067337036,-0.4170297384262085,-0.5355236530303955,40.426421,-86.9274476,168.907,-0.6669999957084656,-0.6140000224113464,-0.43799999356269836,4,15
imu,1777665309.418395,1627421257000,-10.687328338623047,-2.0227010250091553,2.120163917541504,2.6343042850494385,-0.5382855534553528,-0.5445411205291748,40.426421,-86.9274476,168.907,-0.6669999957084656,-0.6140000224113464,-0.43799999356269836,4,15
imu,1777665309.4362345,1627431257000,-10.603963851928711,-2.2072572708129883,2.940152645111084,2.614287853240967,-0.5754950046539307,-0.5023639798164368,40.426421,-86.9274476,168.907,-0.6669999957084656,-0.6140000224113464,-0.43799999356269836,4,15
imu,1777665309.439769,1627441257000,-10.430408477783203,-2.043994188308716,3.0230000019073486,2.603386402130127,-0.5949292778968811,-0.45564085245132446,40.426421,-86.9274476,168.907,-0.6669999957084656,-0.6140000224113464,-0.43799999356269836,4,15
imu,1777665309.447585,1627451257000,-10.212008476257324,-1.519543170928955,2.8559045791625977,2.5048465728759766,-0.6531872749328613,-0.43515515327453613,40.4264195,-86.9274494,169.094,-0.628000020980835,-0.7009999752044678,-0.6859999895095825,4,14
imu,1777665309.464538,1627461257000,-10.237456321716309,-0.9591888189315796,3.325556993484497,2.4324357509613037,-0.6934130787849426,-0.46955326199531555,40.4264195,-86.9274494,169.094,-0.628000020980835,-0.7009999752044678,-0.6859999895095825,4,14
imu,1777665309.4677148,1627471257000,-10.309223175048828,-1.1114751100540161,3.7424068450927734,2.3777520656585693,-0.6984594464302063,-0.49568817019462585,40.4264195,-86.9274494,169.094,-0.628000020980835,-0.7009999752044678,-0.6859999895095825,4,14
imu,1777665309.4857323,1627481257000,-10.129081726074219,-0.41218143701553345,3.576305866241455,2.217151403427124,-0.6961756348609924,-0.4849628508090973,40.4264195,-86.9274494,169.094,-0.628000020980835,-0.7009999752044678,-0.6859999895095825,4,14
imu,1777665309.4900923,1627491257000,-10.22001838684082,-0.2868278920650482,3.8841421604156494,2.1439297199249268,-0.6712722182273865,-0.5075632929801941,40.4264195,-86.9274494,169.094,-0.628000020980835,-0.7009999752044678,-0.6859999895095825,4,14
imu,1777665309.49782,1627501257000,-10.368867874145508,-0.5740052461624146,4.236469745635986,2.0750017166137695,-0.6405404210090637,-0.47654080390930176,40.4264195,-86.9274494,169.094,-0.628000020980835,-0.7009999752044678,-0.6859999895095825,4,14
imu,1777665309.5136092,1627511257000,-10.32659912109375,-0.23516187071800232,4.163987636566162,1.9665188789367676,-0.589340090751648,-0.45435428619384766,40.4264195,-86.9274494,169.094,-0.628000020980835,-0.7009999752044678,-0.6859999895095825,4,14
imu,1777665309.518207,1627521257000,-10.448609352111816,-0.43219923973083496,4.576725482940674,1.9475123882293701,-0.5214366316795349,-0.45410239696502686,40.4264195,-86.9274494,169.094,-0.628000020980835,-0.7009999752044678,-0.6859999895095825,4,14
imu,1777665309.5360305,1627531257000,-10.369502067565918,-0.4043988585472107,4.146605968475342,1.840278148651123,-0.4775172770023346,-0.372435063123703,40.4264195,-86.9274494,169.094,-0.628000020980835,-0.7009999752044678,-0.6859999895095825,4,14
imu,1777665309.5393403,1627541257000,-10.01598072052002,0.30556178092956543,3.2778351306915283,1.7008715867996216,-0.47634652256965637,-0.3529120683670044,40.4264195,-86.9274494,169.094,-0.628000020980835,-0.7009999752044678,-0.6859999895095825,4,14
imu,1777665309.5481954,1627551257000,-9.797985076904297,-0.09646181762218475,3.0417087078094482,1.5424087047576904,-0.5294901132583618,-0.3382745385169983,40.4264195,-86.9274494,169.094,-0.628000020980835,-0.7009999752044678,-0.6859999895095825,4,14
imu,1777665309.5637877,1627561257000,-9.482559204101562,-0.4599086046218872,3.3160507678985596,1.3488597869873047,-0.5940172076225281,-0.24450713396072388,40.4264195,-86.9274494,169.094,-0.628000020980835,-0.7009999752044678,-0.6859999895095825,4,14
imu,1777665309.5682302,1627571257000,-9.202733039855957,-0.7448901534080505,3.615993022918701,1.2354716062545776,-0.5888353586196899,-0.1756303608417511,40.4264195,-86.9274494,169.094,-0.628000020980835,-0.7009999752044678,-0.6859999895095825,4,14
imu,1777665309.5861814,1627581257000,-9.202219009399414,-1.4548892974853516,4.29917573928833,1.2120435237884521,-0.5293267369270325,-0.019954271614551544,40.4264195,-86.9274494,169.094,-0.628000020980835,-0.7009999752044678,-0.6859999895095825,4,14
imu,1777665309.5896468,1627591257000,-9.015180587768555,-1.3231396675109863,4.313516139984131,1.1260936260223389,-0.4428439736366272,0.17832060158252716,40.4264195,-86.9274494,169.094,-0.628000020980835,-0.7009999752044678,-0.6859999895095825,4,14
imu,1777665309.5972452,1627601257000,-8.846899032592773,-0.6609580516815186,4.40714693069458,1.0811861753463745,-0.32205235958099365,0.31568485498428345,40.4264195,-86.9274494,169.094,-0.628000020980835,-0.7009999752044678,-0.6859999895095825,4,14
imu,1777665309.6140432,1627611257000,-8.812005996704102,-0.17707152664661407,4.273658275604248,0.9653131365776062,-0.18027979135513306,0.3124280273914337,40.4264195,-86.9274494,169.094,-0.628000020980835,-0.7009999752044678,-0.6859999895095825,4,14
imu,1777665309.6173937,1627621257000,-8.854333877563477,0.26693177223205566,3.753978729248047,0.8610730767250061,-0.0569361075758934,0.37257999181747437,40.4264195,-86.9274494,169.094,-0.628000020980835,-0.7009999752044678,-0.6859999895095825,4,14
imu,1777665309.6354508,1627631257000,-8.638226509094238,0.5326184034347534,2.814969778060913,0.7403562664985657,-0.005888601765036583,0.41232550144195557,40.4264195,-86.9274494,169.094,-0.628000020980835,-0.7009999752044678,-0.6859999895095825,4,14
imu,1777665309.6397629,1627641257000,-8.647150993347168,-0.108016237616539,2.3501570224761963,0.5638073682785034,-0.01779719814658165,0.4395989775657654,40.4264195,-86.9274494,169.094,-0.628000020980835,-0.7009999752044678,-0.6859999895095825,4,14
imu,1777665309.647565,1627651257000,-8.813166618347168,0.7704296112060547,2.9879887104034424,0.5501865744590759,-0.047061800956726074,0.5333956480026245,40.4264194,-86.9274518,169.195,-0.5120000243186951,0.29899999499320984,-0.4959999918937683,4,14
imu,1777665309.6632926,1627661257000,-8.629042625427246,0.09778227657079697,3.18294095993042,0.4947642385959625,0.002186489524319768,0.6527583599090576,40.4264194,-86.9274518,169.195,-0.5120000243186951,0.29899999499320984,-0.4959999918937683,4,14
imu,1777665309.6676779,1627671257000,-9.068632125854492,0.2512959837913513,3.994265079498291,0.3956816792488098,0.13850250840187073,0.767264723777771,40.4264194,-86.9274518,169.195,-0.5120000243186951,0.29899999499320984,-0.4959999918937683,4,14
imu,1777665309.6858132,1627681257000,-9.176528930664062,0.925147294998169,3.083259105682373,0.28675025701522827,0.2509925663471222,0.9246375560760498,40.4264194,-86.9274518,169.195,-0.5120000243186951,0.29899999499320984,-0.4959999918937683,4,14
imu,1777665309.6903856,1627691257000,-9.018526077270508,2.207606077194214,2.299326181411743,0.19735437631607056,0.30441737174987793,0.898328959941864,40.4264194,-86.9274518,169.195,-0.5120000243186951,0.29899999499320984,-0.4959999918937683,4,14
imu,1777665309.6982288,1627701257000,-9.353739738464355,2.67118501663208,2.049654483795166,0.11206692457199097,0.31857073307037354,0.7298293709754944,40.4264194,-86.9274518,169.195,-0.5120000243186951,0.29899999499320984,-0.4959999918937683,4,14
imu,1777665309.7138517,1627711257000,-9.020773887634277,3.0238735675811768,1.9220187664031982,0.006094435695558786,0.34123754501342773,0.5576131939888,40.4264194,-86.9274518,169.195,-0.5120000243186951,0.29899999499320984,-0.4959999918937683,4,14
imu,1777665309.7172663,1627721257000,-8.639098167419434,2.984654664993286,2.3962502479553223,-0.0354386605322361,0.41073378920555115,0.362162709236145,40.4264194,-86.9274518,169.195,-0.5120000243186951,0.29899999499320984,-0.4959999918937683,4,14
imu,1777665309.736076,1627731257000,-8.52810001373291,1.903444766998291,2.469367027282715,-0.20882481336593628,0.5281355381011963,0.31127414107322693,40.4264194,-86.9274518,169.195,-0.5120000243186951,0.29899999499320984,-0.4959999918937683,4,14
imu,1777665309.7395291,1627741257000,-8.575132369995117,1.7967489957809448,2.1060104370117188,-0.3436126410961151,0.6393338441848755,0.31163495779037476,40.4264194,-86.9274518,169.195,-0.5120000243186951,0.29899999499320984,-0.4959999918937683,4,14
imu,1777665309.747154,1627751257000,-8.730812072753906,1.5297619104385376,2.060732841491699,-0.34125956892967224,0.7265239357948303,0.34434014558792114,40.4264194,-86.9274518,169.195,-0.5120000243186951,0.29899999499320984,-0.4959999918937683,4,14
imu,1777665309.76391,1627761257000,-8.771707534790039,1.6194679737091064,1.312229871749878,-0.49727001786231995,0.8039138317108154,0.4323393702507019,40.4264194,-86.9274518,169.195,-0.5120000243186951,0.29899999499320984,-0.4959999918937683,4,14
imu,1777665309.767296,1627771257000,-8.73138427734375,1.655633568763733,1.2597160339355469,-0.4834589660167694,0.8650544285774231,0.4605626165866852,40.4264194,-86.9274518,169.195,-0.5120000243186951,0.29899999499320984,-0.4959999918937683,4,14
imu,1777665309.7860937,1627781257000,-9.04787540435791,1.1637741327285767,0.2658769488334656,-0.5781185030937195,0.9126813411712646,0.5526993870735168,40.4264194,-86.9274518,169.195,-0.5120000243186951,0.29899999499320984,-0.4959999918937683,4,14
imu,1777665309.7894864,1627791257000,-8.861786842346191,1.9517080783843994,-1.1790391206741333,-0.6739099025726318,0.807687520980835,0.6606654524803162,40.4264194,-86.9274518,169.195,-0.5120000243186951,0.29899999499320984,-0.4959999918937683,4,14
imu,1777665309.7973351,1627801257000,-8.70518684387207,2.0975852012634277,-1.0557180643081665,-0.8057301640510559,0.6884006261825562,0.6416405439376831,40.4264194,-86.9274518,169.195,-0.5120000243186951,0.29899999499320984,-0.4959999918937683,4,14
imu,1777665309.8142383,1627811257000,-8.926438331604004,1.8367724418640137,-0.6686966419219971,-0.9183859825134277,0.6102080345153809,0.6681888699531555,40.4264194,-86.9274518,169.195,-0.5120000243186951,0.29899999499320984,-0.4959999918937683,4,14
imu,1777665309.8175733,1627821257000,-8.845097541809082,2.4966676235198975,-0.8452121019363403,-1.0159499645233154,0.5376071333885193,0.7022109627723694,40.4264194,-86.9274518,169.195,-0.5120000243186951,0.29899999499320984,-0.4959999918937683,4,14
imu,1777665309.8355427,1627831257000,-8.968486785888672,2.460867404937744,0.3831571638584137,-0.8901031017303467,0.6194652915000916,0.610002338886261,40.4264194,-86.9274518,169.195,-0.5120000243186951,0.29899999499320984,-0.4959999918937683,4,14
imu,1777665309.840068,1627841257000,-9.500207901000977,1.7632219791412354,0.9781327247619629,-0.9034333229064941,0.8439592123031616,0.6506062150001526,40.4264194,-86.9274518,169.195,-0.5120000243186951,0.29899999499320984,-0.4959999918937683,4,14
imu,1777665309.8480709,1627851257000,-9.522183418273926,3.046717882156372,0.5094631910324097,-0.8192670345306396,1.0740350484848022,0.6781752109527588,40.4264187,-86.92745149999999,169.38,-0.6729999780654907,0.7070000171661377,-0.7649999856948853,4,14
imu,1777665309.863619,1627861257000,-9.62435531616211,3.5936834812164307,-1.0952895879745483,-0.7225989699363708,1.1980853080749512,0.6128097772598267,40.4264187,-86.92745149999999,169.38,-0.6729999780654907,0.7070000171661377,-0.7649999856948853,4,14
imu,1777665309.8679876,1627871257000,-9.635939598083496,3.697089433670044,-2.5477774143218994,-0.7640876173973083,1.1445562839508057,0.5247582793235779,40.4264187,-86.92745149999999,169.38,-0.6729999780654907,0.7070000171661377,-0.7649999856948853,4,14
imu,1777665309.886094,1627881257000,-9.474574089050293,4.012081146240234,-3.2015604972839355,-0.9199905395507812,1.0174344778060913,0.4688251316547394,40.4264187,-86.92745149999999,169.38,-0.6729999780654907,0.7070000171661377,-0.7649999856948853,4,14
imu,1777665309.8894262,1627891257000,-9.59697151184082,3.34511137008667,-3.1993465423583984,-1.036178708076477,0.8643402457237244,0.45361435413360596,40.4264187,-86.92745149999999,169.38,-0.6729999780654907,0.7070000171661377,-0.7649999856948853,4,14
imu,1777665309.8983588,1627901257000,-9.840950965881348,2.9697299003601074,-3.4891676902770996,-1.2123093605041504,0.6982966065406799,0.5662888884544373,40.4264187,-86.92745149999999,169.38,-0.6729999780654907,0.7070000171661377,-0.7649999856948853,4,14
imu,1777665309.9141157,1627911257000,-10.285200119018555,3.5582618713378906,-3.30673885345459,-1.3474172353744507,0.5867143273353577,0.6674314141273499,40.4264187,-86.92745149999999,169.38,-0.6729999780654907,0.7070000171661377,-0.7649999856948853,4,14
imu,1777665309.917527,1627921257000,-10.710699081420898,3.5882081985473633,-2.2082724571228027,-1.2460049390792847,0.6965408325195312,0.6194412112236023,40.4264187,-86.92745149999999,169.38,-0.6729999780654907,0.7070000171661377,-0.7649999856948853,4,14
imu,1777665309.935255,1627931257000,-10.979915618896484,3.8539178371429443,-3.2564897537231445,-1.2546141147613525,0.7890880703926086,0.6289954781532288,40.4264187,-86.92745149999999,169.38,-0.6729999780654907,0.7070000171661377,-0.7649999856948853,4,14
imu,1777665309.9398167,1627941257000,-11.064233779907227,5.13183069229126,-4.433613300323486,-1.2471050024032593,0.7849936485290527,0.48327502608299255,40.4264187,-86.92745149999999,169.38,-0.6729999780654907,0.7070000171661377,-0.7649999856948853,4,14
imu,1777665309.9476278,1627951257000,-11.176153182983398,4.9849066734313965,-5.267153739929199,-1.2592076063156128,0.7019227743148804,0.31475791335105896,40.4264187,-86.92745149999999,169.38,-0.6729999780654907,0.7070000171661377,-0.7649999856948853,4,14
imu,1777665309.9631844,1627961257000,-10.979364395141602,5.012816429138184,-5.87671422958374,-1.3722277879714966,0.559258222579956,0.20528744161128998,40.4264187,-86.92745149999999,169.38,-0.6729999780654907,0.7070000171661377,-0.7649999856948853,4,14
imu,1777665309.9675553,1627971257000,-10.78695297241211,4.852797508239746,-6.288731098175049,-1.4870065450668335,0.37950679659843445,0.10265564918518066,40.4264187,-86.92745149999999,169.38,-0.6729999780654907,0.7070000171661377,-0.7649999856948853,4,14
imu,1777665309.9854357,1627981257000,-10.752840042114258,4.5857768058776855,-6.100831031799316,-1.6397863626480103,0.2138737291097641,0.06204787641763687,40.4264187,-86.92745149999999,169.38,-0.6729999780654907,0.7070000171661377,-0.7649999856948853,4,14
imu,1777665309.9899917,1627991257000,-10.79483413696289,4.980038166046143,-5.7779541015625,-1.7290462255477905,0.12195081263780594,0.027042049914598465,40.4264187,-86.92745149999999,169.38,-0.6729999780654907,0.7070000171661377,-0.7649999856948853,4,14
imu,1777665309.9975684,1628001257000,-10.698771476745605,4.929290294647217,-5.620945930480957,-1.774524450302124,0.09459953010082245,-0.03468655049800873,40.4264187,-86.92745149999999,169.38,-0.6729999780654907,0.7070000171661377,-0.7649999856948853,4,14
imu,1777665310.013486,1628011257000,-10.700416564941406,4.871407985687256,-6.032044410705566,-1.8517718315124512,0.06513670831918716,-0.09501487016677856,40.4264187,-86.92745149999999,169.38,-0.6729999780654907,0.7070000171661377,-0.7649999856948853,4,14
imu,1777665310.0179286,1628021257000,-10.524185180664062,5.060828685760498,-6.708026885986328,-1.9231212139129639,-0.007603390142321587,-0.19278188049793243,40.4264187,-86.92745149999999,169.38,-0.6729999780654907,0.7070000171661377,-0.7649999856948853,4,14
imu,1777665310.0358427,1628031257000,-10.369491577148438,4.7386155128479,-7.231766223907471,-1.9517688751220703,-0.12216774374246597,-0.33722472190856934,40.4264187,-86.92745149999999,169.38,-0.6729999780654907,0.7070000171661377,-0.7649999856948853,4,14
imu,1777665310.0390942,1628041257000,-10.120379447937012,3.9375009536743164,-7.4145050048828125,-2.002937078475952,-0.2537645101547241,-0.47654926776885986,40.4264187,-86.92745149999999,169.38,-0.6729999780654907,0.7070000171661377,-0.7649999856948853,4,14
imu,1777665310.0479832,1628051257000,-10.049586296081543,2.998115301132202,-7.0126471519470215,-2.034166097640991,-0.3654123842716217,-0.5351558327674866,40.4264199,-86.9274511,169.061,-0.010999999940395355,1.1549999713897705,0.16200000047683716,4,13
imu,1777665310.0647235,1628061257000,-9.851752281188965,2.3149633407592773,-6.228591442108154,-2.0754401683807373,-0.41561129689216614,-0.526656985282898,40.4264199,-86.9274511,169.061,-0.010999999940395355,1.1549999713897705,0.16200000047683716,4,13
imu,1777665310.0681334,1628071257000,-9.670886039733887,1.7644985914230347,-6.082348823547363,-2.0428626537323,-0.4502890706062317,-0.48281633853912354,40.4264199,-86.9274511,169.061,-0.010999999940395355,1.1549999713897705,0.16200000047683716,4,13
imu,1777665310.0859492,1628081257000,-9.40881633758545,1.719980001449585,-6.450697422027588,-2.056971549987793,-0.5023072957992554,-0.48404988646507263,40.4264199,-86.9274511,169.061,-0.010999999940395355,1.1549999713897705,0.16200000047683716,4,13
imu,1777665310.0892255,1628091257000,-9.203186988830566,1.7830575704574585,-6.845735549926758,-2.0846621990203857,-0.5950461030006409,-0.5204579830169678,40.4264199,-86.9274511,169.061,-0.010999999940395355,1.1549999713897705,0.16200000047683716,4,13
imu,1777665310.0972605,1628101257000,-9.086623191833496,1.329441785812378,-6.649265766143799,-2.134915590286255,-0.7151453495025635,-0.527813732624054,40.4264199,-86.9274511,169.061,-0.010999999940395355,1.1549999713897705,0.16200000047683716,4,13
imu,1777665310.1142147,1628111257000,-9.061147689819336,1.0799400806427002,-5.9695305824279785,-2.14896297454834,-0.7707664370536804,-0.49232709407806396,40.4264199,-86.9274511,169.061,-0.010999999940395355,1.1549999713897705,0.16200000047683716,4,13
imu,1777665310.1174777,1628121257000,-8.868659973144531,1.0688872337341309,-5.564277648925781,-2.1342761516571045,-0.7839874625205994,-0.48151761293411255,40.4264199,-86.9274511,169.061,-0.010999999940395355,1.1549999713897705,0.16200000047683716,4,13
imu,1777665310.135956,1628131257000,-8.761961936950684,0.9197347164154053,-5.215254306793213,-2.130434036254883,-0.7688885927200317,-0.5035423040390015,40.4264199,-86.9274511,169.061,-0.010999999940395355,1.1549999713897705,0.16200000047683716,4,13
imu,1777665310.139631,1628141257000,-8.697491645812988,0.37290918827056885,-4.725860595703125,-2.0925047397613525,-0.715713381767273,-0.5336499214172363,40.4264199,-86.9274511,169.061,-0.010999999940395355,1.1549999713897705,0.16200000047683716,4,13
imu,1777665310.1475968,1628151257000,-8.554133415222168,-0.030571162700653076,-4.625421047210693,-2.02062726020813,-0.6246139407157898,-0.5664696097373962,40.4264199,-86.9274511,169.061,-0.010999999940395355,1.1549999713897705,0.16200000047683716,4,13
imu,1777665310.1635482,1628161257000,-8.534120559692383,-0.4564836919307709,-5.2154717445373535,-1.963667392730713,-0.5548075437545776,-0.560307502746582,40.4264199,-86.9274511,169.061,-0.010999999940395355,1.1549999713897705,0.16200000047683716,4,13
imu,1777665310.1681035,1628171256000,-8.438013076782227,-0.7645034193992615,-5.653686046600342,-1.9102665185928345,-0.5299367904663086,-0.5196743607521057,40.4264199,-86.9274511,169.061,-0.010999999940395355,1.1549999713897705,0.16200000047683716,4,13
imu,1777665310.1860518,1628181257000,-8.363617897033691,-1.2406690120697021,-6.136157989501953,-1.8996857404708862,-0.5567220449447632,-0.40153801441192627,40.4264199,-86.9274511,169.061,-0.010999999940395355,1.1549999713897705,0.16200000047683716,4,13
imu,1777665310.1894205,1628191257000,-8.504525184631348,-1.1370582580566406,-6.195605754852295,-1.938523769378662,-0.6246708035469055,-0.21659235656261444,40.4264199,-86.9274511,169.061,-0.010999999940395355,1.1549999713897705,0.16200000047683716,4,13
imu,1777665310.198137,1628201257000,-8.74478816986084,-0.7858412265777588,-5.8046183586120605,-1.9893734455108643,-0.7524771094322205,-0.028206922113895416,40.4264199,-86.9274511,169.061,-0.010999999940395355,1.1549999713897705,0.16200000047683716,4,13
imu,1777665310.2148726,1628211257000,-8.994927406311035,-0.26797059178352356,-4.495574474334717,-2.0832207202911377,-0.7992308139801025,0.048557739704847336,40.4264199,-86.9274511,169.061,-0.010999999940395355,1.1549999713897705,0.16200000047683716,4,13
imu,1777665310.217072,1628221257000,-9.188496589660645,-0.01958315446972847,-3.2744245529174805,-2.047032117843628,-0.7137479186058044,-0.008245855569839478,40.4264199,-86.9274511,169.061,-0.010999999940395355,1.1549999713897705,0.16200000047683716,4,13
imu,1777665310.2349808,1628231257000,-9.417586326599121,0.006876444444060326,-3.327139377593994,-1.9771687984466553,-0.5723403692245483,-0.16890889406204224,40.4264199,-86.9274511,169.061,-0.010999999940395355,1.1549999713897705,0.16200000047683716,4,13
imu,1777665310.2394547,1628241257000,-9.506035804748535,-0.3314467966556549,-3.956035614013672,-1.8822968006134033,-0.4698767364025116,-0.3687627911567688,40.4264199,-86.9274511,169.061,-0.010999999940395355,1.1549999713897705,0.16200000047683716,4,13
imu,1777665310.2483506,1628251257000,-9.578980445861816,-1.303705096244812,-4.575019836425781,-1.813703179359436,-0.4273011088371277,-0.4854598343372345,40.4264215,-86.9274511,168.862,1.1050000190734863,0.05900000035762787,0.24799999594688416,4,14
imu,1777665310.2642078,1628261257000,-9.568099975585938,-2.1329333782196045,-5.038315296173096,-1.7818986177444458,-0.419135719537735,-0.5099890232086182,40.4264215,-86.9274511,168.862,1.1050000190734863,0.05900000035762787,0.24799999594688416,4,14
imu,1777665310.2691061,1628271257000,-9.616902351379395,-2.9437789916992188,-5.516799449920654,-1.7534288167953491,-0.46751970052719116,-0.5031030178070068,40.4264215,-86.9274511,168.862,1.1050000190734863,0.05900000035762787,0.24799999594688416,4,14
imu,1777665310.285681,1628281257000,-9.793025016784668,-3.3011600971221924,-5.688282012939453,-1.7342052459716797,-0.553193211555481,-0.3113696575164795,40.4264215,-86.9274511,168.862,1.1050000190734863,0.05900000035762787,0.24799999594688416,4,14
imu,1777665310.2891119,1628291257000,-9.951908111572266,-2.999056816101074,-5.5556254386901855,-1.763976812362671,-0.6661127805709839,-0.07395468652248383,40.4264215,-86.9274511,168.862,1.1050000190734863,0.05900000035762787,0.24799999594688416,4,14
imu,1777665310.299071,1628301257000,-10.045621871948242,-2.4765169620513916,-4.577143669128418,-1.79854154586792,-0.7437790632247925,0.056141242384910583,40.4264215,-86.9274511,168.862,1.1050000190734863,0.05900000035762787,0.24799999594688416,4,14
imu,1777665310.3148696,1628311257000,-10.160179138183594,-1.9231666326522827,-3.2878994941711426,-1.7718433141708374,-0.6990805864334106,0.04238511621952057,40.4264215,-86.9274511,168.862,1.1050000190734863,0.05900000035762787,0.24799999594688416,4,14
imu,1777665310.3182225,1628321257000,-10.043136596679688,-1.6209849119186401,-2.8458199501037598,-1.6425796747207642,-0.5553393959999084,-0.1858597844839096,40.4264215,-86.9274511,168.862,1.1050000190734863,0.05900000035762787,0.24799999594688416,4,14
imu,1777665310.3361375,1628331257000,-9.932613372802734,-2.349294662475586,-3.145718812942505,-1.5177958011627197,-0.4222078323364258,-0.4461032450199127,40.4264215,-86.9274511,168.862,1.1050000190734863,0.05900000035762787,0.24799999594688416,4,14
imu,1777665310.3393865,1628341257000,-9.919161796569824,-3.3565120697021484,-3.6640026569366455,-1.4305075407028198,-0.32550448179244995,-0.5921528935432434,40.4264215,-86.9274511,168.862,1.1050000190734863,0.05900000035762787,0.24799999594688416,4,14
imu,1777665310.3483248,1628351257000,-9.5549898147583,-4.332098960876465,-4.478943347930908,-1.3235325813293457,-0.32528871297836304,-0.6731032133102417,40.4264215,-86.9274511,168.862,1.1050000190734863,0.05900000035762787,0.24799999594688416,4,14
imu,1777665310.3640924,1628361257000,-9.317527770996094,-5.413136005401611,-5.091756343841553,-1.324682354927063,-0.4389650225639343,-0.6605355739593506,40.4264215,-86.9274511,168.862,1.1050000190734863,0.05900000035762787,0.24799999594688416,4,14
imu,1777665310.3685818,1628371257000,-9.214681625366211,-5.73388147354126,-4.272996425628662,-1.34147310256958,-0.5601418018341064,-0.41418614983558655,40.4264215,-86.9274511,168.862,1.1050000190734863,0.05900000035762787,0.24799999594688416,4,14
imu,1777665310.3853917,1628381257000,-9.11294174194336,-5.879629135131836,-3.718564748764038,-1.3577361106872559,-0.6235523819923401,-0.09118162095546722,40.4264215,-86.9274511,168.862,1.1050000190734863,0.05900000035762787,0.24799999594688416,4,14
imu,1777665310.3896203,1628391257000,-9.221251487731934,-4.900532245635986,-3.4609813690185547,-1.4186526536941528,-0.6573440432548523,0.2727539837360382,40.4264215,-86.9274511,168.862,1.1050000190734863,0.05900000035762787,0.24799999594688416,4,14
imu,1777665310.398597,1628401257000,-9.409139633178711,-3.5930304527282715,-3.072319269180298,-1.3575036525726318,-0.5907962322235107,0.4071822762489319,40.4264215,-86.9274511,168.862,1.1050000190734863,0.05900000035762787,0.24799999594688416,4,14
imu,1777665310.4143226,1628411257000,-9.574238777160645,-2.677396059036255,-3.3346707820892334,-1.238240361213684,-0.4977506399154663,0.31739088892936707,40.4264215,-86.9274511,168.862,1.1050000190734863,0.05900000035762787,0.24799999594688416,4,14
imu,1777665310.4189932,1628421257000,-9.716076850891113,-2.416400194168091,-3.5522587299346924,-1.0856376886367798,-0.3927968144416809,0.055158182978630066,40.4264215,-86.9274511,168.862,1.1050000190734863,0.05900000035762787,0.24799999594688416,4,14
imu,1777665310.435843,1628431257000,-9.53635025024414,-3.079472780227661,-3.428729295730591,-0.9252967834472656,-0.3018965721130371,-0.23119477927684784,40.4264215,-86.9274511,168.862,1.1050000190734863,0.05900000035762787,0.24799999594688416,4,14
imu,1777665310.439146,1628441257000,-9.323676109313965,-3.811239242553711,-3.66384220123291,-0.8192816376686096,-0.2691097557544708,-0.4268384277820587,40.4264215,-86.9274511,168.862,1.1050000190734863,0.05900000035762787,0.24799999594688416,4,14
imu,1777665310.4480238,1628451257000,-8.924880981445312,-4.4236674308776855,-4.0269341468811035,-0.7395341396331787,-0.2847077548503876,-0.4985867738723755,40.426423299999996,-86.9274523,168.898,0.7900000214576721,-0.1720000058412552,-0.46700000762939453,4,14
imu,1777665310.464789,1628461257000,-8.678953170776367,-5.483615398406982,-3.706704616546631,-0.7089326977729797,-0.33875173330307007,-0.45442402362823486,40.426423299999996,-86.9274523,168.898,0.7900000214576721,-0.1720000058412552,-0.46700000762939453,4,14
imu,1777665310.4681726,1628471257000,-8.497175216674805,-6.163645267486572,-2.832740068435669,-0.7425848245620728,-0.3449205458164215,-0.2894204258918762,40.426423299999996,-86.9274523,168.898,0.7900000214576721,-0.1720000058412552,-0.46700000762939453,4,14
imu,1777665310.4860168,1628481257000,-8.4663667678833,-6.271450519561768,-2.283090114593506,-0.7169955372810364,-0.3048804700374603,-0.056362710893154144,40.426423299999996,-86.9274523,168.898,0.7900000214576721,-0.1720000058412552,-0.46700000762939453,4,14
imu,1777665310.4894867,1628491257000,-8.439269065856934,-5.714791297912598,-1.9470226764678955,-0.6719502210617065,-0.24507245421409607,0.1557677984237671,40.426423299999996,-86.9274523,168.898,0.7900000214576721,-0.1720000058412552,-0.46700000762939453,4,14
imu,1777665310.4983428,1628501257000,-8.530295372009277,-4.68747091293335,-1.4294285774230957,-0.6236650943756104,-0.13504065573215485,0.24805158376693726,40.426423299999996,-86.9274523,168.898,0.7900000214576721,-0.1720000058412552,-0.46700000762939453,4,14
imu,1777665310.5137742,1628511257000,-8.70894718170166,-3.7566158771514893,-0.8848011493682861,-0.4966132938861847,0.04774528741836548,0.15800924599170685,40.426423299999996,-86.9274523,168.898,0.7900000214576721,-0.1720000058412552,-0.46700000762939453,4,14
imu,1777665310.518357,1628521257000,-8.818721771240234,-4.126598834991455,-1.2094806432724,-0.32952815294265747,0.2349688559770584,-0.021932605654001236,40.426423299999996,-86.9274523,168.898,0.7900000214576721,-0.1720000058412552,-0.46700000762939453,4,14
imu,1777665310.536327,1628531257000,-9.039891242980957,-4.719015598297119,-1.5853968858718872,-0.24929048120975494,0.37010177969932556,-0.1054142415523529,40.426423299999996,-86.9274523,168.898,0.7900000214576721,-0.1720000058412552,-0.46700000762939453,4,14
imu,1777665310.539621,1628541257000,-9.111271858215332,-5.013751983642578,-1.4887669086456299,-0.10170641541481018,0.4864964485168457,-0.20176011323928833,40.426423299999996,-86.9274523,168.898,0.7900000214576721,-0.1720000058412552,-0.46700000762939453,4,14
imu,1777665310.5486655,1628551257000,-9.104094505310059,-5.86122989654541,-1.5079818964004517,0.06576666235923767,0.5478335618972778,-0.24581769108772278,40.426423299999996,-86.9274523,168.898,0.7900000214576721,-0.1720000058412552,-0.46700000762939453,4,14
imu,1777665310.5643797,1628561257000,-9.195740699768066,-6.147489070892334,-1.409719467163086,0.19916358590126038,0.6042014360427856,-0.20619073510169983,40.426423299999996,-86.9274523,168.898,0.7900000214576721,-0.1720000058412552,-0.46700000762939453,4,14
imu,1777665310.5688686,1628571257000,-9.080634117126465,-6.499804496765137,-0.9709469676017761,0.39236804842948914,0.6918520927429199,-0.1773255616426468,40.426423299999996,-86.9274523,168.898,0.7900000214576721,-0.1720000058412552,-0.46700000762939453,4,14
imu,1777665310.5850394,1628581257000,-9.083661079406738,-6.602467060089111,-1.2385144233703613,0.5195566415786743,0.7218421101570129,-0.06665044277906418,40.426423299999996,-86.9274523,168.898,0.7900000214576721,-0.1720000058412552,-0.46700000762939453,4,14
imu,1777665310.5894377,1628591257000,-9.043025970458984,-6.453436851501465,-1.6761136054992676,0.5711662173271179,0.7091454863548279,-0.008616982027888298,40.426423299999996,-86.9274523,168.898,0.7900000214576721,-0.1720000058412552,-0.46700000762939453,4,14
imu,1777665310.5982962,1628601257000,-9.348763465881348,-7.018501281738281,-1.6727676391601562,0.632135808467865,0.6604326963424683,0.11040432751178741,40.426423299999996,-86.9274523,168.898,0.7900000214576721,-0.1720000058412552,-0.46700000762939453,4,14
imu,1777665310.614094,1628611257000,-9.492735862731934,-6.583066940307617,-1.8766088485717773,0.6516368389129639,0.5375863313674927,0.316781222820282,40.426423299999996,-86.9274523,168.898,0.7900000214576721,-0.1720000058412552,-0.46700000762939453,4,14
imu,1777665310.618547,1628621257000,-9.625590324401855,-5.539848804473877,-1.7398655414581299,0.7686247825622559,0.4572174549102783,0.41712686419487,40.426423299999996,-86.9274523,168.898,0.7900000214576721,-0.1720000058412552,-0.46700000762939453,4,14
imu,1777665310.636467,1628631257000,-9.678231239318848,-4.9673333168029785,-0.7661184668540955,0.9874808192253113,0.45374593138694763,0.4040430188179016,40.426423299999996,-86.9274523,168.898,0.7900000214576721,-0.1720000058412552,-0.46700000762939453,4,14
imu,1777665310.6398833,1628641257000,-9.706378936767578,-4.541614055633545,-0.19917747378349304,1.1312477588653564,0.5264454483985901,0.3550567924976349,40.426423299999996,-86.9274523,168.898,0.7900000214576721,-0.1720000058412552,-0.46700000762939453,4,14
imu,1777665310.6490984,1628651257000,-9.7106294631958,-3.969768762588501,-0.037339985370635986,1.3373206853866577,0.6153206825256348,0.2588263750076294,40.4264237,-86.9274538,169.019,0.014000000432133675,-0.7450000047683716,-0.16899999976158142,4,15
imu,1777665310.6645024,1628661257000,-9.747661590576172,-4.048249244689941,-0.009181156754493713,1.541144609451294,0.6962239742279053,0.15230679512023926,40.4264237,-86.9274538,169.019,0.014000000432133675,-0.7450000047683716,-0.16899999976158142,4,15
imu,1777665310.6679,1628671257000,-10.00670051574707,-4.5487847328186035,-0.05904780328273773,1.699172019958496,0.7379701733589172,0.1280815750360489,40.4264237,-86.9274538,169.019,0.014000000432133675,-0.7450000047683716,-0.16899999976158142,4,15
imu,1777665310.6864338,1628681257000,-10.254380226135254,-4.3816986083984375,-0.31569385528564453,1.8465611934661865,0.7513010501861572,0.16813693940639496,40.4264237,-86.9274538,169.019,0.014000000432133675,-0.7450000047683716,-0.16899999976158142,4,15
imu,1777665310.689669,1628691257000,-10.471936225891113,-3.8933424949645996,0.2001148909330368,2.113178253173828,0.8139141201972961,0.1358226239681244,40.4264237,-86.9274538,169.019,0.014000000432133675,-0.7450000047683716,-0.16899999976158142,4,15
imu,1777665310.6985106,1628701257000,-10.46803092956543,-3.6439597606658936,0.5156852602958679,2.3209662437438965,0.9127228260040283,0.11075634509325027,40.4264237,-86.9274538,169.019,0.014000000432133675,-0.7450000047683716,-0.16899999976158142,4,15
imu,1777665310.7142055,1628711257000,-10.237434387207031,-2.6232502460479736,0.3597831130027771,2.4380815029144287,0.9721031188964844,0.021120529621839523,40.4264237,-86.9274538,169.019,0.014000000432133675,-0.7450000047683716,-0.16899999976158142,4,15
imu,1777665310.7186682,1628721257000,-10.241474151611328,-2.772062301635742,-0.10741959512233734,2.6179327964782715,0.987664520740509,-0.12771345674991608,40.4264237,-86.9274538,169.019,0.014000000432133675,-0.7450000047683716,-0.16899999976158142,4,15
imu,1777665310.7365599,1628731257000,-10.4154052734375,-2.913334846496582,-0.4154810309410095,2.620037794113159,0.9494914412498474,-0.20797163248062134,40.4264237,-86.9274538,169.019,0.014000000432133675,-0.7450000047683716,-0.16899999976158142,4,15
imu,1777665310.7398481,1628741257000,-10.385542869567871,-2.510770320892334,-0.5144707560539246,2.689979076385498,0.8337145447731018,-0.2566106617450714,40.4264237,-86.9274538,169.019,0.014000000432133675,-0.7450000047683716,-0.16899999976158142,4,15
imu,1777665310.7486813,1628751257000,-10.306205749511719,-2.4102890491485596,-0.10323197394609451,2.74381160736084,0.7205279469490051,-0.31351882219314575,40.4264237,-86.9274538,169.019,0.014000000432133675,-0.7450000047683716,-0.16899999976158142,4,15
imu,1777665310.764195,1628761257000,-10.24938678741455,-2.401155471801758,0.15194109082221985,2.733823776245117,0.6161420941352844,-0.36367085576057434,40.4264237,-86.9274538,169.019,0.014000000432133675,-0.7450000047683716,-0.16899999976158142,4,15
imu,1777665310.7687318,1628771257000,-10.378663063049316,-2.2023658752441406,0.639491856098175,2.7424936294555664,0.5111474990844727,-0.41063058376312256,40.4264237,-86.9274538,169.019,0.014000000432133675,-0.7450000047683716,-0.16899999976158142,4,15
imu,1777665310.7866607,1628781257000,-10.5430908203125,-2.2609705924987793,2.024535655975342,2.8189663887023926,0.5640069246292114,-0.5088227391242981,40.4264237,-86.9274538,169.019,0.014000000432133675,-0.7450000047683716,-0.16899999976158142,4,15
imu,1777665310.7888682,1628791257000,-10.491567611694336,-2.6019790172576904,2.8214011192321777,2.9795970916748047,0.6755015254020691,-0.5710151195526123,40.4264237,-86.9274538,169.019,0.014000000432133675,-0.7450000047683716,-0.16899999976158142,4,15
imu,1777665310.798757,1628801257000,-10.407632827758789,-2.3121774196624756,3.3090291023254395,3.054577350616455,0.8306230902671814,-0.6433804035186768,40.4264237,-86.9274538,169.019,0.014000000432133675,-0.7450000047683716,-0.16899999976158142,4,15
imu,1777665310.8145847,1628811257000,-10.361793518066406,-2.351105213165283,3.204868793487549,3.203465700149536,0.9400719404220581,-0.7604212760925293,40.4264237,-86.9274538,169.019,0.014000000432133675,-0.7450000047683716,-0.16899999976158142,4,15
imu,1777665310.8180866,1628821257000,-10.501988410949707,-2.3503177165985107,2.3503501415252686,3.2377257347106934,0.9807652235031128,-0.8676553964614868,40.4264237,-86.9274538,169.019,0.014000000432133675,-0.7450000047683716,-0.16899999976158142,4,15
imu,1777665310.8358178,1628831257000,-10.446187019348145,-2.197639226913452,1.674983263015747,3.247709274291992,0.8881410956382751,-0.9516152739524841,40.4264237,-86.9274538,169.019,0.014000000432133675,-0.7450000047683716,-0.16899999976158142,4,15
imu,1777665310.8392718,1628841257000,-10.438149452209473,-2.313194751739502,1.3989474773406982,3.1947247982025146,0.7023029327392578,-1.0631721019744873,40.4264237,-86.9274538,169.019,0.014000000432133675,-0.7450000047683716,-0.16899999976158142,4,15
imu,1777665310.8480458,1628851257000,-10.511837005615234,-2.0496909618377686,1.7468619346618652,3.0917892456054688,0.5501749515533447,-1.093695878982544,40.4264222,-86.9274562,169.248,-0.9369999766349792,-0.8539999723434448,-0.4429999887943268,4,15
imu,1777665310.8637547,1628861257000,-10.51535701751709,-2.2112772464752197,2.3646488189697266,3.033365488052368,0.46098819375038147,-1.0743871927261353,40.4264222,-86.9274562,169.248,-0.9369999766349792,-0.8539999723434448,-0.4429999887943268,4,15
imu,1777665310.868106,1628871257000,-10.353400230407715,-2.2968392372131348,2.7329118251800537,2.948488473892212,0.4189722537994385,-1.054033637046814,40.4264222,-86.9274562,169.248,-0.9369999766349792,-0.8539999723434448,-0.4429999887943268,4,15
imu,1777665310.8860805,1628881257000,-10.282864570617676,-2.4752261638641357,2.6998445987701416,2.872105121612549,0.3481401205062866,-1.006358027458191,40.4264222,-86.9274562,169.248,-0.9369999766349792,-0.8539999723434448,-0.4429999887943268,4,15
imu,1777665310.8894532,1628891257000,-10.362445831298828,-2.8583011627197266,2.7413580417633057,2.7428581714630127,0.2898625135421753,-0.9496164321899414,40.4264222,-86.9274562,169.248,-0.9369999766349792,-0.8539999723434448,-0.4429999887943268,4,15
imu,1777665310.898246,1628901257000,-10.477714538574219,-2.889073610305786,2.4328184127807617,2.643275022506714,0.1928638368844986,-0.8376741409301758,40.4264222,-86.9274562,169.248,-0.9369999766349792,-0.8539999723434448,-0.4429999887943268,4,15
imu,1777665310.9137232,1628911257000,-10.345861434936523,-2.4263088703155518,2.2893621921539307,2.535006284713745,0.056878894567489624,-0.7329004406929016,40.4264222,-86.9274562,169.248,-0.9369999766349792,-0.8539999723434448,-0.4429999887943268,4,15
imu,1777665310.918244,1628921257000,-10.021099090576172,-2.079444169998169,2.6213552951812744,2.3835601806640625,-0.061878010630607605,-0.6996535062789917,40.4264222,-86.9274562,169.248,-0.9369999766349792,-0.8539999723434448,-0.4429999887943268,4,15
imu,1777665310.9360256,1628931257000,-9.826480865478516,-2.0205588340759277,3.0901200771331787,2.272231340408325,-0.11969529092311859,-0.7170308232307434,40.4264222,-86.9274562,169.248,-0.9369999766349792,-0.8539999723434448,-0.4429999887943268,4,15
imu,1777665310.9392428,1628941257000,-9.796148300170898,-2.3218319416046143,3.152021884918213,2.1746017932891846,-0.15311963856220245,-0.7135170698165894,40.4264222,-86.9274562,169.248,-0.9369999766349792,-0.8539999723434448,-0.4429999887943268,4,15
imu,1777665310.9482489,1628951257000,-9.754783630371094,-2.4473769664764404,3.2289459705352783,2.069317102432251,-0.18147853016853333,-0.6682963371276855,40.4264222,-86.9274562,169.248,-0.9369999766349792,-0.8539999723434448,-0.4429999887943268,4,15
imu,1777665310.9638276,1628961257000,-9.626806259155273,-2.4485414028167725,3.428557872772217,1.96329665184021,-0.19024764001369476,-0.6051260828971863,40.4264222,-86.9274562,169.248,-0.9369999766349792,-0.8539999723434448,-0.4429999887943268,4,15
imu,1777665310.9682088,1628971257000,-9.745627403259277,-2.755283832550049,3.8424837589263916,1.8574740886688232,-0.14145983755588531,-0.5121749639511108,40.4264222,-86.9274562,169.248,-0.9369999766349792,-0.8539999723434448,-0.4429999887943268,4,15
imu,1777665310.9860437,1628981257000,-9.859339714050293,-2.8076117038726807,4.0198655128479,1.7899755239486694,-0.08160702139139175,-0.34655511379241943,40.4264222,-86.9274562,169.248,-0.9369999766349792,-0.8539999723434448,-0.4429999887943268,4,15
imu,1777665310.9894695,1628991257000,-9.837883949279785,-2.1554784774780273,3.617192268371582,1.723007082939148,-0.06193552538752556,-0.19283360242843628,40.4264222,-86.9274562,169.248,-0.9369999766349792,-0.8539999723434448,-0.4429999887943268,4,15
imu,1777665310.9985638,1629001257000,-9.764437675476074,-1.7104827165603638,2.8998899459838867,1.5723620653152466,-0.08702787756919861,-0.11539848148822784,40.4264222,-86.9274562,169.248,-0.9369999766349792,-0.8539999723434448,-0.4429999887943268,4,15
imu,1777665311.0140972,1629011257000,-9.840738296508789,-1.5394703149795532,2.559993028640747,1.3943068981170654,-0.13080660998821259,-0.056140705943107605,40.4264222,-86.9274562,169.248,-0.9369999766349792,-0.8539999723434448,-0.4429999887943268,4,15
imu,1777665311.0174286,1629021257000,-9.982004165649414,-1.4377011060714722,2.3531723022460938,1.2462579011917114,-0.18994054198265076,0.01687217503786087,40.4264222,-86.9274562,169.248,-0.9369999766349792,-0.8539999723434448,-0.4429999887943268,4,15
imu,1777665311.036286,1629031257000,-9.982809066772461,-1.3766388893127441,2.504714250564575,1.1159248352050781,-0.21605896949768066,0.08299602568149567,40.4264222,-86.9274562,169.248,-0.9369999766349792,-0.8539999723434448,-0.4429999887943268,4,15
imu,1777665311.0385723,1629041257000,-10.208063125610352,-1.5724079608917236,2.945969820022583,1.008786678314209,-0.20875892043113708,0.17746931314468384,40.4264222,-86.9274562,169.248,-0.9369999766349792,-0.8539999723434448,-0.4429999887943268,4,15
imu,1777665311.0496595,1629051257000,-10.137447357177734,-1.307318925857544,3.0000927448272705,0.9249621033668518,-0.198298841714859,0.2815808653831482,40.4264217,-86.92745839999999,169.317,-0.36399999260902405,-0.2150000035762787,-0.20900000631809235,4,15
imu,1777665311.066653,1629061257000,-10.200478553771973,-0.5602712631225586,3.3512866497039795,0.829674243927002,-0.15863482654094696,0.30412599444389343,40.4264217,-86.92745839999999,169.317,-0.36399999260902405,-0.2150000035762787,-0.20900000631809235,4,15
imu,1777665311.0699997,1629071257000,-10.313638687133789,-0.1204911395907402,3.2353286743164062,0.732535719871521,-0.11216922849416733,0.2643697261810303,40.4264217,-86.92745839999999,169.317,-0.36399999260902405,-0.2150000035762787,-0.20900000631809235,4,15
imu,1777665311.0867,1629081257000,-10.275521278381348,0.7310433387756348,3.2043004035949707,0.6315467357635498,-0.03566833212971687,0.17842209339141846,40.4264217,-86.92745839999999,169.317,-0.36399999260902405,-0.2150000035762787,-0.20900000631809235,4,15
imu,1777665311.0889304,1629091257000,-9.829596519470215,1.0259143114089966,2.8048579692840576,0.572058379650116,0.014997786842286587,-0.01823040470480919,40.4264217,-86.92745839999999,169.317,-0.36399999260902405,-0.2150000035762787,-0.20900000631809235,4,15
imu,1777665311.0978487,1629101257000,-9.603140830993652,0.4858461320400238,3.346173048019409,0.5199977159500122,0.09215699881315231,-0.19201627373695374,40.4264217,-86.92745839999999,169.317,-0.36399999260902405,-0.2150000035762787,-0.20900000631809235,4,15
imu,1777665311.1134417,1629111257000,-9.548747062683105,-0.22249342501163483,3.2376861572265625,0.4379408061504364,0.16769281029701233,-0.3083406686782837,40.4264217,-86.92745839999999,169.317,-0.36399999260902405,-0.2150000035762787,-0.20900000631809235,4,15
imu,1777665311.1179857,1629121257000,-9.540792465209961,-0.7923063635826111,2.546297550201416,0.31655076146125793,0.21895599365234375,-0.3199673295021057,40.4264217,-86.92745839999999,169.317,-0.36399999260902405,-0.2150000035762787,-0.20900000631809235,4,15
imu,1777665311.1357405,1629131257000,-9.819273948669434,-1.6530389785766602,1.921013593673706,0.21242520213127136,0.1474214792251587,-0.19479067623615265,40.4264217,-86.92745839999999,169.317,-0.36399999260902405,-0.2150000035762787,-0.20900000631809235,4,15
imu,1777665311.1391685,1629141257000,-9.706107139587402,-1.4122508764266968,1.747724175453186,0.055680327117443085,0.0496407151222229,-0.012313876301050186,40.4264217,-86.92745839999999,169.317,-0.36399999260902405,-0.2150000035762787,-0.20900000631809235,4,15
imu,1777665311.1483133,1629151257000,-9.513458251953125,-0.9152644276618958,2.230867385864258,-0.005440854467451572,-0.01597185805439949,0.16040271520614624,40.4264217,-86.92745839999999,169.317,-0.36399999260902405,-0.2150000035762787,-0.20900000631809235,4,15
imu,1777665311.1640844,1629161257000,-9.15805721282959,-0.13878682255744934,2.856948137283325,-0.11235085129737854,0.04209411144256592,0.30570611357688904,40.4264217,-86.92745839999999,169.317,-0.36399999260902405,-0.2150000035762787,-0.20900000631809235,4,15
imu,1777665311.16734,1629171257000,-8.846122741699219,-0.02708382159471512,3.201890707015991,-0.1041804850101471,0.16713504493236542,0.254553884267807,40.4264217,-86.92745839999999,169.317,-0.36399999260902405,-0.2150000035762787,-0.20900000631809235,4,15
imu,1777665311.1865408,1629181257000,-8.770471572875977,-0.303803950548172,3.138700246810913,-0.1211702972650528,0.32024624943733215,0.16323991119861603,40.4264217,-86.92745839999999,169.317,-0.36399999260902405,-0.2150000035762787,-0.20900000631809235,4,15
imu,1777665311.1887527,1629191257000,-8.747140884399414,-0.6203501224517822,2.2745344638824463,-0.1652759313583374,0.38973376154899597,0.06118618696928024,40.4264217,-86.92745839999999,169.317,-0.36399999260902405,-0.2150000035762787,-0.20900000631809235,4,15
imu,1777665311.197803,1629201257000,-9.171624183654785,-0.9330474138259888,1.3929443359375,-0.2294764369726181,0.38097551465034485,0.009791877120733261,40.4264217,-86.92745839999999,169.317,-0.36399999260902405,-0.2150000035762787,-0.20900000631809235,4,15
imu,1777665311.2135544,1629211257000,-9.472579956054688,-1.0270394086837769,0.7720271348953247,-0.2984726130962372,0.2934108376502991,0.07532040029764175,40.4264217,-86.92745839999999,169.317,-0.36399999260902405,-0.2150000035762787,-0.20900000631809235,4,15
imu,1777665311.2180555,1629221257000,-9.867191314697266,-0.5104937553405762,1.282720685005188,-0.34604498744010925,0.2866356670856476,0.20478978753089905,40.4264217,-86.92745839999999,169.317,-0.36399999260902405,-0.2150000035762787,-0.20900000631809235,4,15
imu,1777665311.2358286,1629231257000,-9.771505355834961,-0.18635669350624084,1.8098351955413818,-0.32692772150039673,0.3817480504512787,0.33225691318511963,40.4264217,-86.92745839999999,169.317,-0.36399999260902405,-0.2150000035762787,-0.20900000631809235,4,15
imu,1777665311.2392762,1629241257000,-9.530860900878906,0.5785397291183472,1.8890197277069092,-0.42936331033706665,0.5270906090736389,0.42037948966026306,40.4264217,-86.92745839999999,169.317,-0.36399999260902405,-0.2150000035762787,-0.20900000631809235,4,15
imu,1777665311.2482479,1629251257000,-9.54762077331543,0.8056387901306152,1.571351170539856,-0.4693824052810669,0.6156988739967346,0.36553317308425903,40.426420799999995,-86.92745889999999,169.602,-0.5789999961853027,0.5260000228881836,-0.47699999809265137,4,15
imu,1777665311.2640636,1629261257000,-9.202343940734863,1.6360958814620972,1.159744143486023,-0.5441465377807617,0.6576187014579773,0.2494657039642334,40.426420799999995,-86.92745889999999,169.602,-0.5789999961853027,0.5260000228881836,-0.47699999809265137,4,15
imu,1777665311.2675161,1629271257000,-9.192438125610352,1.1349493265151978,0.8393442630767822,-0.6382500529289246,0.7126801013946533,0.1035601943731308,40.426420799999995,-86.92745889999999,169.602,-0.5789999961853027,0.5260000228881836,-0.47699999809265137,4,15
imu,1777665311.28542,1629281257000,-9.578176498413086,-0.03338896855711937,0.23723874986171722,-0.7487062811851501,0.7158148288726807,0.13861539959907532,40.426420799999995,-86.92745889999999,169.602,-0.5789999961853027,0.5260000228881836,-0.47699999809265137,4,15
imu,1777665311.2887273,1629291257000,-9.731244087219238,-0.06409277766942978,-0.7518187165260315,-0.7815754413604736,0.6430701613426208,0.285175085067749,40.426420799999995,-86.92745889999999,169.602,-0.5789999961853027,0.5260000228881836,-0.47699999809265137,4,15
imu,1777665311.2975888,1629301257000,-9.99145221710205,0.16927620768547058,-0.9353193640708923,-0.8519353866577148,0.5610708594322205,0.41937997937202454,40.426420799999995,-86.92745889999999,169.602,-0.5789999961853027,0.5260000228881836,-0.47699999809265137,4,15
imu,1777665311.3142743,1629311257000,-10.153528213500977,0.6376744508743286,-0.9464941620826721,-0.9127740263938904,0.5217894911766052,0.562198281288147,40.426420799999995,-86.92745889999999,169.602,-0.5789999961853027,0.5260000228881836,-0.47699999809265137,4,15
imu,1777665311.317791,1629321257000,-9.968612670898438,1.7363879680633545,-1.0027501583099365,-0.9335095882415771,0.5118595361709595,0.5490493774414062,40.426420799999995,-86.92745889999999,169.602,-0.5789999961853027,0.5260000228881836,-0.47699999809265137,4,15
imu,1777665311.3356318,1629331257000,-9.921951293945312,2.126277446746826,-0.61954265832901,-0.9194700717926025,0.5611158609390259,0.40163809061050415,40.426420799999995,-86.92745889999999,169.602,-0.5789999961853027,0.5260000228881836,-0.47699999809265137,4,15
imu,1777665311.3401892,1629341257000,-9.816549301147461,2.0971157550811768,-0.6384040713310242,-0.8861933946609497,0.6543528437614441,0.25079503655433655,40.426420799999995,-86.92745889999999,169.602,-0.5789999961853027,0.5260000228881836,-0.47699999809265137,4,15
imu,1777665311.3479352,1629351257000,-9.507807731628418,2.1892380714416504,-1.1668123006820679,-0.8909794092178345,0.7185795307159424,0.10621587187051773,40.426420799999995,-86.92745889999999,169.602,-0.5789999961853027,0.5260000228881836,-0.47699999809265137,4,15
imu,1777665311.363626,1629361257000,-9.476235389709473,1.7248347997665405,-1.3981478214263916,-0.9321035146713257,0.7540162205696106,-0.01781153492629528,40.426420799999995,-86.92745889999999,169.602,-0.5789999961853027,0.5260000228881836,-0.47699999809265137,4,15
imu,1777665311.368196,1629371257000,-9.696493148803711,1.1669952869415283,-2.087979793548584,-0.9865759611129761,0.7238536477088928,-0.01919807493686676,40.426420799999995,-86.92745889999999,169.602,-0.5789999961853027,0.5260000228881836,-0.47699999809265137,4,15
imu,1777665311.385979,1629381257000,-10.004948616027832,1.077807903289795,-2.7160754203796387,-1.0618900060653687,0.6467005610466003,0.04987294599413872,40.426420799999995,-86.92745889999999,169.602,-0.5789999961853027,0.5260000228881836,-0.47699999809265137,4,15
imu,1777665311.3894136,1629391257000,-10.149609565734863,1.1525917053222656,-3.167323589324951,-1.1077275276184082,0.544550359249115,0.13007555902004242,40.426420799999995,-86.92745889999999,169.602,-0.5789999961853027,0.5260000228881836,-0.47699999809265137,4,15
imu,1777665311.398377,1629401257000,-10.108531951904297,1.649213194847107,-3.482550621032715,-1.1586519479751587,0.4405876398086548,0.1521754115819931,40.426420799999995,-86.92745889999999,169.602,-0.5789999961853027,0.5260000228881836,-0.47699999809265137,4,15
imu,1777665311.4139895,1629411257000,-10.156286239624023,1.8742220401763916,-3.3962833881378174,-1.1624723672866821,0.38022512197494507,0.11070238798856735,40.426420799999995,-86.92745889999999,169.602,-0.5789999961853027,0.5260000228881836,-0.47699999809265137,4,15
imu,1777665311.4172697,1629421257000,-10.284789085388184,1.5058784484863281,-3.5674021244049072,-1.1715260744094849,0.3531815707683563,0.06932529807090759,40.426420799999995,-86.92745889999999,169.602,-0.5789999961853027,0.5260000228881836,-0.47699999809265137,4,15
imu,1777665311.4353113,1629431257000,-10.377012252807617,1.584274172782898,-4.017439365386963,-1.204653024673462,0.2889631986618042,0.09126897156238556,40.426420799999995,-86.92745889999999,169.602,-0.5789999961853027,0.5260000228881836,-0.47699999809265137,4,15
imu,1777665311.4397218,1629441257000,-10.65953254699707,1.6132338047027588,-4.349350929260254,-1.274202823638916,0.2373397946357727,0.12358170002698898,40.426420799999995,-86.92745889999999,169.602,-0.5789999961853027,0.5260000228881836,-0.47699999809265137,4,15
imu,1777665311.4475958,1629451257000,-10.741930961608887,1.9256269931793213,-4.837398052215576,-1.2994322776794434,0.14259296655654907,0.152100071310997,40.4264209,-86.927458,169.618,0.14499999582767487,1.0490000247955322,-0.3269999921321869,4,13
imu,1777665311.4632034,1629461257000,-10.5733642578125,2.3431198596954346,-5.3972930908203125,-1.3691259622573853,0.004425792023539543,0.12900689244270325,40.4264209,-86.927458,169.618,0.14499999582767487,1.0490000247955322,-0.3269999921321869,4,13
imu,1777665311.4676757,1629471257000,-10.415258407592773,2.4221174716949463,-5.20599889755249,-1.4404064416885376,-0.14284074306488037,0.07457089424133301,40.4264209,-86.927458,169.618,0.14499999582767487,1.0490000247955322,-0.3269999921321869,4,13
imu,1777665311.4855258,1629481257000,-10.193687438964844,2.18461275100708,-4.506693363189697,-1.5300143957138062,-0.24448740482330322,0.07610113173723221,40.4264209,-86.927458,169.618,0.14499999582767487,1.0490000247955322,-0.3269999921321869,4,13
imu,1777665311.4901228,1629491257000,-9.998331069946289,2.443429470062256,-3.9415645599365234,-1.5798040628433228,-0.2656767964363098,0.08112026751041412,40.4264209,-86.927458,169.618,0.14499999582767487,1.0490000247955322,-0.3269999921321869,4,13
imu,1777665311.4977376,1629501257000,-9.739864349365234,2.751563787460327,-4.214411735534668,-1.6124018430709839,-0.23331990838050842,0.007859080098569393,40.4264209,-86.927458,169.618,0.14499999582767487,1.0490000247955322,-0.3269999921321869,4,13
imu,1777665311.5133905,1629511257000,-9.552538871765137,2.610644817352295,-4.890130519866943,-1.6264300346374512,-0.22258730232715607,-0.09892295300960541,40.4264209,-86.927458,169.618,0.14499999582767487,1.0490000247955322,-0.3269999921321869,4,13
imu,1777665311.517941,1629521257000,-9.482661247253418,2.302483081817627,-5.445902347564697,-1.679969072341919,-0.23270829021930695,-0.1984083205461502,40.4264209,-86.927458,169.618,0.14499999582767487,1.0490000247955322,-0.3269999921321869,4,13
imu,1777665311.5359824,1629531257000,-9.381366729736328,1.79526686668396,-5.932992458343506,-1.6777572631835938,-0.2718922793865204,-0.2679232656955719,40.4264209,-86.927458,169.618,0.14499999582767487,1.0490000247955322,-0.3269999921321869,4,13
imu,1777665311.53935,1629541257000,-9.306607246398926,1.2492015361785889,-6.415339469909668,-1.716091275215149,-0.3511151969432831,-0.27741068601608276,40.4264209,-86.927458,169.618,0.14499999582767487,1.0490000247955322,-0.3269999921321869,4,13
imu,1777665311.5481849,1629551257000,-9.388763427734375,0.7948062419891357,-6.754446506500244,-1.772279143333435,-0.43383824825286865,-0.2639301121234894,40.4264209,-86.927458,169.618,0.14499999582767487,1.0490000247955322,-0.3269999921321869,4,13
imu,1777665311.5636575,1629561257000,-9.493281364440918,0.4963969886302948,-7.138384819030762,-1.8112486600875854,-0.5464789867401123,-0.20703622698783875,40.4264209,-86.927458,169.618,0.14499999582767487,1.0490000247955322,-0.3269999921321869,4,13
imu,1777665311.5681407,1629571257000,-9.508708953857422,0.5579500198364258,-7.526020526885986,-1.8577262163162231,-0.6696849465370178,-0.1676013469696045,40.4264209,-86.927458,169.618,0.14499999582767487,1.0490000247955322,-0.3269999921321869,4,13
imu,1777665311.585988,1629581257000,-9.425891876220703,0.43331435322761536,-7.792818546295166,-1.8979856967926025,-0.8064688444137573,-0.16727226972579956,40.4264209,-86.927458,169.618,0.14499999582767487,1.0490000247955322,-0.3269999921321869,4,13
imu,1777665311.5894072,1629591257000,-9.309612274169922,-0.08738408237695694,-7.341978549957275,-1.946712613105774,-0.9290401339530945,-0.15422579646110535,40.4264209,-86.927458,169.618,0.14499999582767487,1.0490000247955322,-0.3269999921321869,4,13
imu,1777665311.5981355,1629601257000,-9.096786499023438,-0.10260460525751114,-6.941391468048096,-1.9464805126190186,-1.0241345167160034,-0.1522248089313507,40.4264209,-86.927458,169.618,0.14499999582767487,1.0490000247955322,-0.3269999921321869,4,13
imu,1777665311.6137245,1629611257000,-8.829695701599121,-0.15871234238147736,-6.473116874694824,-2.027994394302368,-1.0693268775939941,-0.15854597091674805,40.4264209,-86.927458,169.618,0.14499999582767487,1.0490000247955322,-0.3269999921321869,4,13
imu,1777665311.6182356,1629621257000,-8.610771179199219,-0.1606123149394989,-5.7809834480285645,-2.0662078857421875,-1.0954406261444092,-0.16153490543365479,40.4264209,-86.927458,169.618,0.14499999582767487,1.0490000247955322,-0.3269999921321869,4,13
imu,1777665311.6361966,1629631257000,-8.493568420410156,-0.004903571680188179,-5.171433925628662,-2.134645462036133,-1.0541024208068848,-0.15174341201782227,40.4264209,-86.927458,169.618,0.14499999582767487,1.0490000247955322,-0.3269999921321869,4,13
imu,1777665311.639551,1629641257000,-8.352031707763672,0.6391171813011169,-4.967785358428955,-2.1314191818237305,-0.9557723999023438,-0.2155185043811798,40.4264209,-86.927458,169.618,0.14499999582767487,1.0490000247955322,-0.3269999921321869,4,13
imu,1777665311.6473093,1629651257000,-8.179727554321289,0.45060327649116516,-5.382061958312988,-2.1259703636169434,-0.861373245716095,-0.3438352942466736,40.4264223,-86.92745699999999,169.502,0.7170000076293945,0.765999972820282,-0.7260000109672546,4,13
imu,1777665311.663774,1629661257000,-8.172239303588867,0.03770523518323898,-5.409876823425293,-2.1679999828338623,-0.7868384718894958,-0.4264183044433594,40.4264223,-86.92745699999999,169.502,0.7170000076293945,0.765999972820282,-0.7260000109672546,4,13
imu,1777665311.6683042,1629671257000,-8.125096321105957,-0.31957823038101196,-5.49191427230835,-2.1538937091827393,-0.7057737112045288,-0.5448871850967407,40.4264223,-86.92745699999999,169.502,0.7170000076293945,0.765999972820282,-0.7260000109672546,4,13
imu,1777665311.6861854,1629681257000,-8.186258316040039,-1.2057774066925049,-5.919919013977051,-2.12975811958313,-0.6426792144775391,-0.6103957891464233,40.4264223,-86.92745699999999,169.502,0.7170000076293945,0.765999972820282,-0.7260000109672546,4,13
imu,1777665311.6894715,1629691257000,-8.097677230834961,-2.204233407974243,-6.458038806915283,-2.1515660285949707,-0.6518605351448059,-0.5558884739875793,40.4264223,-86.92745699999999,169.502,0.7170000076293945,0.765999972820282,-0.7260000109672546,4,13
imu,1777665311.698364,1629701257000,-8.184616088867188,-2.786520481109619,-6.317890167236328,-2.2413556575775146,-0.7474448084831238,-0.36881279945373535,40.4264223,-86.92745699999999,169.502,0.7170000076293945,0.765999972820282,-0.7260000109672546,4,13
imu,1777665311.7138891,1629711257000,-8.329788208007812,-2.171462297439575,-5.535432815551758,-2.3290369510650635,-0.7855008840560913,-0.15826034545898438,40.4264223,-86.92745699999999,169.502,0.7170000076293945,0.765999972820282,-0.7260000109672546,4,13
imu,1777665311.7172167,1629721257000,-8.482661247253418,-1.4353139400482178,-5.611811637878418,-2.257049560546875,-0.7149471044540405,-0.15055875480175018,40.4264223,-86.92745699999999,169.502,0.7170000076293945,0.765999972820282,-0.7260000109672546,4,13
imu,1777665311.7351568,1629731257000,-8.7068452835083,-1.7856464385986328,-6.269135475158691,-2.187087059020996,-0.6444838047027588,-0.23905572295188904,40.4264223,-86.92745699999999,169.502,0.7170000076293945,0.765999972820282,-0.7260000109672546,4,13
imu,1777665311.7395928,1629741257000,-8.874289512634277,-2.4389808177948,-6.84237003326416,-2.115161895751953,-0.6311526298522949,-0.32394877076148987,40.4264223,-86.92745699999999,169.502,0.7170000076293945,0.765999972820282,-0.7260000109672546,4,13
imu,1777665311.7472653,1629751257000,-9.006193161010742,-3.340406656265259,-6.9015703201293945,-2.0521581172943115,-0.6455470323562622,-0.369720458984375,40.4264223,-86.92745699999999,169.502,0.7170000076293945,0.765999972820282,-0.7260000109672546,4,13
imu,1777665311.764108,1629761257000,-9.074315071105957,-4.058237552642822,-6.773076057434082,-2.017303705215454,-0.6926014423370361,-0.3405172824859619,40.4264223,-86.92745699999999,169.502,0.7170000076293945,0.765999972820282,-0.7260000109672546,4,13
imu,1777665311.7674503,1629771257000,-9.098337173461914,-4.276668071746826,-6.467161655426025,-2.0267980098724365,-0.7516452670097351,-0.22084493935108185,40.4264223,-86.92745699999999,169.502,0.7170000076293945,0.765999972820282,-0.7260000109672546,4,13
imu,1777665311.7852724,1629781257000,-9.2106294631958,-3.8366787433624268,-6.375566005706787,-2.023261785507202,-0.8155121207237244,-0.04859881103038788,40.4264223,-86.92745699999999,169.502,0.7170000076293945,0.765999972820282,-0.7260000109672546,4,13
imu,1777665311.7896569,1629791257000,-9.350631713867188,-2.9950506687164307,-6.4467620849609375,-2.063796043395996,-0.9003351330757141,0.12207959592342377,40.4264223,-86.92745699999999,169.502,0.7170000076293945,0.765999972820282,-0.7260000109672546,4,13
imu,1777665311.7974133,1629801257000,-9.49556827545166,-1.725692868232727,-6.191699028015137,-2.0813541412353516,-0.9039840698242188,0.18308663368225098,40.4264223,-86.92745699999999,169.502,0.7170000076293945,0.765999972820282,-0.7260000109672546,4,13
imu,1777665311.8133001,1629811257000,-9.503379821777344,-0.916021466255188,-6.57442569732666,-1.9716907739639282,-0.8244680762290955,-0.01950174942612648,40.4264223,-86.92745699999999,169.502,0.7170000076293945,0.765999972820282,-0.7260000109672546,4,13
imu,1777665311.817792,1629821257000,-9.492057800292969,-1.6482670307159424,-7.255529880523682,-1.8944597244262695,-0.7883344292640686,-0.27304136753082275,40.4264223,-86.92745699999999,169.502,0.7170000076293945,0.765999972820282,-0.7260000109672546,4,13
imu,1777665311.8357801,1629831257000,-9.675882339477539,-3.2707974910736084,-7.049458026885986,-1.9052248001098633,-0.867045521736145,-0.3670176863670349,40.4264223,-86.92745699999999,169.502,0.7170000076293945,0.765999972820282,-0.7260000109672546,4,13
imu,1777665311.8402743,1629841257000,-9.58711051940918,-3.8861923217773438,-6.23198127746582,-1.9299660921096802,-0.9784722328186035,-0.33656805753707886,40.4264223,-86.92745699999999,169.502,0.7170000076293945,0.765999972820282,-0.7260000109672546,4,13
imu,1777665311.8480122,1629851257000,-9.369782447814941,-3.7833750247955322,-5.243533611297607,-1.910300850868225,-1.0213291645050049,-0.32215866446495056,40.4264243,-86.92745719999999,169.524,1.3609999418258667,-0.06700000166893005,-0.2879999876022339,4,15
imu,1777665311.8637054,1629861257000,-9.215176582336426,-3.688756227493286,-4.711005210876465,-1.9183601140975952,-1.0089315176010132,-0.3112785518169403,40.4264243,-86.92745719999999,169.524,1.3609999418258667,-0.06700000166893005,-0.2879999876022339,4,15
imu,1777665311.8672042,1629871257000,-9.151442527770996,-3.380950450897217,-4.278013706207275,-1.925320029258728,-0.9504652619361877,-0.28160613775253296,40.4264243,-86.92745719999999,169.524,1.3609999418258667,-0.06700000166893005,-0.2879999876022339,4,15
imu,1777665311.8850186,1629881257000,-9.179137229919434,-2.704789638519287,-4.4148030281066895,-1.88922119140625,-0.83548504114151,-0.32220155000686646,40.4264243,-86.92745719999999,169.524,1.3609999418258667,-0.06700000166893005,-0.2879999876022339,4,15
imu,1777665311.8895957,1629891257000,-9.310433387756348,-2.4397428035736084,-5.321147918701172,-1.7306187152862549,-0.668095052242279,-0.5456182956695557,40.4264243,-86.92745719999999,169.524,1.3609999418258667,-0.06700000166893005,-0.2879999876022339,4,15
imu,1777665311.8973892,1629901257000,-9.219027519226074,-3.530735492706299,-7.003933906555176,-1.5368461608886719,-0.5495898127555847,-0.8833763003349304,40.4264243,-86.92745719999999,169.524,1.3609999418258667,-0.06700000166893005,-0.2879999876022339,4,15
imu,1777665311.914032,1629911257000,-9.151296615600586,-5.776730060577393,-8.332367897033691,-1.3948174715042114,-0.588390052318573,-1.034070611000061,40.4264243,-86.92745719999999,169.524,1.3609999418258667,-0.06700000166893005,-0.2879999876022339,4,15
imu,1777665311.917461,1629921257000,-8.771684646606445,-7.640261173248291,-8.43809986114502,-1.3366295099258423,-0.7798247933387756,-1.0088499784469604,40.4264243,-86.92745719999999,169.524,1.3609999418258667,-0.06700000166893005,-0.2879999876022339,4,15
imu,1777665311.9351933,1629931257000,-8.881124496459961,-8.76407527923584,-7.7861857414245605,-1.325455665588379,-1.06167471408844,-0.7729306221008301,40.4264243,-86.92745719999999,169.524,1.3609999418258667,-0.06700000166893005,-0.2879999876022339,4,15
imu,1777665311.9397933,1629941257000,-8.828388214111328,-8.198609352111816,-6.55964469909668,-1.3988242149353027,-1.2578892707824707,-0.2130211591720581,40.4264243,-86.92745719999999,169.524,1.3609999418258667,-0.06700000166893005,-0.2879999876022339,4,15
imu,1777665311.9475372,1629951257000,-8.703660011291504,-6.728408336639404,-5.312820911407471,-1.438266634941101,-1.3515498638153076,0.27370867133140564,40.4264243,-86.92745719999999,169.524,1.3609999418258667,-0.06700000166893005,-0.2879999876022339,4,15
imu,1777665311.9631796,1629961257000,-8.670954704284668,-4.832375526428223,-4.041749000549316,-1.4117820262908936,-1.327053427696228,0.5329504609107971,40.4264243,-86.92745719999999,169.524,1.3609999418258667,-0.06700000166893005,-0.2879999876022339,4,15
imu,1777665311.967786,1629971257000,-8.700997352600098,-3.9482662677764893,-3.2388997077941895,-1.2269365787506104,-1.1024510860443115,0.37488752603530884,40.4264243,-86.92745719999999,169.524,1.3609999418258667,-0.06700000166893005,-0.2879999876022339,4,15
imu,1777665311.9855876,1629981257000,-8.769103050231934,-4.042247295379639,-3.262286901473999,-1.1011897325515747,-0.8056740164756775,0.02536952495574951,40.4264243,-86.92745719999999,169.524,1.3609999418258667,-0.06700000166893005,-0.2879999876022339,4,15
imu,1777665311.9899948,1629991257000,-8.595389366149902,-4.943855285644531,-4.03749418258667,-0.8826179504394531,-0.611600935459137,-0.25424471497535706,40.4264243,-86.92745719999999,169.524,1.3609999418258667,-0.06700000166893005,-0.2879999876022339,4,15
imu,1777665311.9978235,1630001257000,-8.41170883178711,-6.2886643409729,-4.532479763031006,-0.7803663015365601,-0.5428680181503296,-0.39692044258117676,40.4264243,-86.92745719999999,169.524,1.3609999418258667,-0.06700000166893005,-0.2879999876022339,4,15
imu,1777665312.0134196,1630011257000,-8.316965103149414,-6.914431095123291,-4.671666145324707,-0.6736471056938171,-0.578715443611145,-0.5230414867401123,40.4264243,-86.92745719999999,169.524,1.3609999418258667,-0.06700000166893005,-0.2879999876022339,4,15
imu,1777665312.018994,1630021257000,-8.24436092376709,-7.5956292152404785,-4.423643589019775,-0.5932015180587769,-0.6299592852592468,-0.4368172883987427,40.4264243,-86.92745719999999,169.524,1.3609999418258667,-0.06700000166893005,-0.2879999876022339,4,15
imu,1777665312.0357184,1630031257000,-8.122864723205566,-7.911525249481201,-3.7658004760742188,-0.5438737869262695,-0.653145432472229,-0.239118754863739,40.4264243,-86.92745719999999,169.524,1.3609999418258667,-0.06700000166893005,-0.2879999876022339,4,15
imu,1777665312.0402045,1630041257000,-8.11161994934082,-7.906539440155029,-3.0595791339874268,-0.46938636898994446,-0.6367421746253967,0.03958290070295334,40.4264243,-86.92745719999999,169.524,1.3609999418258667,-0.06700000166893005,-0.2879999876022339,4,15
imu,1777665312.0479438,1630051257000,-8.066679954528809,-7.365041255950928,-2.284097909927368,-0.3760279715061188,-0.5569005608558655,0.28796398639678955,40.4264267,-86.9274593,169.287,0.40799999237060547,-1.0789999961853027,-0.17000000178813934,4,13
imu,1777665312.0647075,1630061257000,-8.073814392089844,-6.80778694152832,-1.9852961301803589,-0.30702710151672363,-0.46166181564331055,0.4656918942928314,40.4264267,-86.9274593,169.287,0.40799999237060547,-1.0789999961853027,-0.17000000178813934,4,13
imu,1777665312.0679665,1630071257000,-8.067051887512207,-5.697448253631592,-1.9464476108551025,-0.23733192682266235,-0.35815608501434326,0.49777740240097046,40.4264267,-86.9274593,169.287,0.40799999237060547,-1.0789999961853027,-0.17000000178813934,4,13
imu,1777665312.0857625,1630081257000,-8.05540657043457,-5.169146537780762,-1.7367439270019531,-0.15144959092140198,-0.24863815307617188,0.4248669743537903,40.4264267,-86.9274593,169.287,0.40799999237060547,-1.0789999961853027,-0.17000000178813934,4,13
imu,1777665312.0891247,1630091257000,-8.181270599365234,-5.032618999481201,-0.9343511462211609,0.004989349748939276,-0.06427915394306183,0.28312012553215027,40.4264267,-86.9274593,169.287,0.40799999237060547,-1.0789999961853027,-0.17000000178813934,4,13
imu,1777665312.0981295,1630101257000,-8.362765312194824,-5.370606422424316,-0.36187857389450073,0.2561918795108795,0.1877874881029129,0.16861575841903687,40.4264267,-86.9274593,169.287,0.40799999237060547,-1.0789999961853027,-0.17000000178813934,4,13
imu,1777665312.1146832,1630111257000,-8.376601219177246,-5.854317665100098,-0.6660926342010498,0.42676064372062683,0.42867112159729004,0.09308189153671265,40.4264267,-86.9274593,169.287,0.40799999237060547,-1.0789999961853027,-0.17000000178813934,4,13
imu,1777665312.1181257,1630121257000,-8.374086380004883,-6.149173736572266,-1.247315526008606,0.5882955193519592,0.579444169998169,0.08278267830610275,40.4264267,-86.9274593,169.287,0.40799999237060547,-1.0789999961853027,-0.17000000178813934,4,13
imu,1777665312.1361413,1630131257000,-8.37992000579834,-6.5872416496276855,-1.8242278099060059,0.7056171298027039,0.6408929824829102,0.1296805739402771,40.4264267,-86.9274593,169.287,0.40799999237060547,-1.0789999961853027,-0.17000000178813934,4,13
imu,1777665312.139497,1630141257000,-8.470415115356445,-7.130314350128174,-2.0140249729156494,0.8092404007911682,0.6500863432884216,0.24131819605827332,40.4264267,-86.9274593,169.287,0.40799999237060547,-1.0789999961853027,-0.17000000178813934,4,13
imu,1777665312.147236,1630151257000,-8.806234359741211,-7.46036434173584,-2.0976014137268066,0.9529276490211487,0.6250900030136108,0.41366979479789734,40.4264267,-86.9274593,169.287,0.40799999237060547,-1.0789999961853027,-0.17000000178813934,4,13
imu,1777665312.1641319,1630161257000,-9.008014678955078,-7.131336212158203,-1.740772008895874,1.1608455181121826,0.6219480037689209,0.6158759593963623,40.4264267,-86.9274593,169.287,0.40799999237060547,-1.0789999961853027,-0.17000000178813934,4,13
imu,1777665312.1685448,1630171257000,-8.91145133972168,-6.432181358337402,-1.5314457416534424,1.300628662109375,0.6118166446685791,0.8283129334449768,40.4264267,-86.9274593,169.287,0.40799999237060547,-1.0789999961853027,-0.17000000178813934,4,13
imu,1777665312.185597,1630181257000,-8.988199234008789,-5.307812690734863,-1.1000312566757202,1.3800511360168457,0.6159715056419373,0.9267730712890625,40.4264267,-86.9274593,169.287,0.40799999237060547,-1.0789999961853027,-0.17000000178813934,4,13
imu,1777665312.1900969,1630191257000,-9.08100414276123,-4.49143123626709,-0.544840395450592,1.5080877542495728,0.6653795838356018,0.9103098511695862,40.4264267,-86.9274593,169.287,0.40799999237060547,-1.0789999961853027,-0.17000000178813934,4,13
imu,1777665312.197927,1630201257000,-9.1541748046875,-4.072024345397949,0.02653639018535614,1.69572114944458,0.7614415287971497,0.8326501250267029,40.4264267,-86.9274593,169.287,0.40799999237060547,-1.0789999961853027,-0.17000000178813934,4,13
imu,1777665312.2144804,1630211257000,-9.605470657348633,-4.1274895668029785,0.24524231255054474,1.7786964178085327,0.9226033687591553,0.768147885799408,40.4264267,-86.9274593,169.287,0.40799999237060547,-1.0789999961853027,-0.17000000178813934,4,13
imu,1777665312.2190955,1630221257000,-9.84228229522705,-3.2815961837768555,-0.16940301656723022,1.9829154014587402,1.013076901435852,0.7258263826370239,40.4264267,-86.9274593,169.287,0.40799999237060547,-1.0789999961853027,-0.17000000178813934,4,13
imu,1777665312.2356544,1630231257000,-10.002596855163574,-2.8680191040039062,-0.6030594706535339,2.1601414680480957,1.0776327848434448,0.6039345860481262,40.4264267,-86.9274593,169.287,0.40799999237060547,-1.0789999961853027,-0.17000000178813934,4,13
imu,1777665312.2389565,1630241257000,-10.124174118041992,-2.741617441177368,-0.34491515159606934,2.313600778579712,1.1282315254211426,0.4792306423187256,40.4264267,-86.9274593,169.287,0.40799999237060547,-1.0789999961853027,-0.17000000178813934,4,13
imu,1777665312.2488973,1630251257000,-10.07872200012207,-2.5872201919555664,-0.20562998950481415,2.4934871196746826,1.2150338888168335,0.361855149269104,40.4264266,-86.9274617,169.39000000000001,-0.375,-0.9459999799728394,-0.328000009059906,4,15
imu,1777665312.2648258,1630261257000,-10.09350872039795,-2.068687915802002,-0.393280565738678,2.708186388015747,1.263379454612732,0.23270927369594574,40.4264266,-86.9274617,169.39000000000001,-0.375,-0.9459999799728394,-0.328000009059906,4,15
imu,1777665312.2682233,1630271257000,-9.908310890197754,-2.469313859939575,-0.6466445326805115,2.808347463607788,1.3783447742462158,0.08617239445447922,40.4264266,-86.9274617,169.39000000000001,-0.375,-0.9459999799728394,-0.328000009059906,4,15
imu,1777665312.2850137,1630281257000,-9.969536781311035,-2.8184726238250732,-0.817840576171875,2.9109323024749756,1.436381220817566,0.003703024238348007,40.4264266,-86.9274617,169.39000000000001,-0.375,-0.9459999799728394,-0.328000009059906,4,15
imu,1777665312.289556,1630291257000,-9.907142639160156,-3.3047902584075928,-1.0638675689697266,3.0597684383392334,1.472699761390686,-0.007544664666056633,40.4264266,-86.9274617,169.39000000000001,-0.375,-0.9459999799728394,-0.328000009059906,4,15
imu,1777665312.2986183,1630301257000,-9.832114219665527,-3.4365081787109375,-0.9783651828765869,3.1903557777404785,1.5127301216125488,0.019910132512450218,40.4264266,-86.9274617,169.39000000000001,-0.375,-0.9459999799728394,-0.328000009059906,4,15
imu,1777665312.3141842,1630311257000,-9.6311616897583,-3.5312790870666504,-1.3989033699035645,3.2966578006744385,1.4787949323654175,0.06742433458566666,40.4264266,-86.9274617,169.39000000000001,-0.375,-0.9459999799728394,-0.328000009059906,4,15
imu,1777665312.3176665,1630321257000,-9.54408073425293,-3.497565984725952,-1.4276338815689087,3.3352222442626953,1.3898065090179443,0.12221506237983704,40.4264266,-86.9274617,169.39000000000001,-0.375,-0.9459999799728394,-0.328000009059906,4,15
imu,1777665312.335572,1630331257000,-9.561716079711914,-3.7355096340179443,-1.0364209413528442,3.373021125793457,1.3097435235977173,0.18984156847000122,40.4264266,-86.9274617,169.39000000000001,-0.375,-0.9459999799728394,-0.328000009059906,4,15
imu,1777665312.3390093,1630341257000,-9.584919929504395,-3.5167617797851562,-0.618797779083252,3.359823703765869,1.2331995964050293,0.2669268250465393,40.4264266,-86.9274617,169.39000000000001,-0.375,-0.9459999799728394,-0.328000009059906,4,15
imu,1777665312.3479385,1630351257000,-9.695323944091797,-3.0022671222686768,-0.0910642147064209,3.3944859504699707,1.1879686117172241,0.25668466091156006,40.4264266,-86.9274617,169.39000000000001,-0.375,-0.9459999799728394,-0.328000009059906,4,15
imu,1777665312.364679,1630361257000,-9.827990531921387,-2.8166446685791016,0.9979609251022339,3.466909408569336,1.2450915575027466,0.15762022137641907,40.4264266,-86.9274617,169.39000000000001,-0.375,-0.9459999799728394,-0.328000009059906,4,15
imu,1777665312.3679624,1630371257000,-9.928300857543945,-3.043344736099243,1.6299976110458374,3.5658695697784424,1.3418928384780884,0.04831836372613907,40.4264266,-86.9274617,169.39000000000001,-0.375,-0.9459999799728394,-0.328000009059906,4,15
imu,1777665312.385801,1630381257000,-10.062017440795898,-3.0439305305480957,1.125891923904419,3.5904526710510254,1.3796828985214233,-0.05711568892002106,40.4264266,-86.9274617,169.39000000000001,-0.375,-0.9459999799728394,-0.328000009059906,4,15
imu,1777665312.3891022,1630391257000,-10.360289573669434,-3.0300889015197754,0.7552650570869446,3.5827667713165283,1.2884206771850586,-0.15355610847473145,40.4264266,-86.9274617,169.39000000000001,-0.375,-0.9459999799728394,-0.328000009059906,4,15
imu,1777665312.3982325,1630401257000,-10.5575590133667,-3.32916522026062,0.7332662343978882,3.48675537109375,1.1157479286193848,-0.2287151962518692,40.4264266,-86.9274617,169.39000000000001,-0.375,-0.9459999799728394,-0.328000009059906,4,15
imu,1777665312.4148998,1630411257000,-10.679217338562012,-3.224694013595581,0.9777264595031738,3.3463523387908936,0.8972660303115845,-0.24523279070854187,40.4264266,-86.9274617,169.39000000000001,-0.375,-0.9459999799728394,-0.328000009059906,4,15
imu,1777665312.4181406,1630421257000,-10.928735733032227,-3.102999448776245,1.9609205722808838,3.2214245796203613,0.7622907161712646,-0.28722622990608215,40.4264266,-86.9274617,169.39000000000001,-0.375,-0.9459999799728394,-0.328000009059906,4,15
imu,1777665312.4352338,1630431257000,-11.129467964172363,-3.223682403564453,2.4177892208099365,3.1410250663757324,0.6437515020370483,-0.274207204580307,40.4264266,-86.9274617,169.39000000000001,-0.375,-0.9459999799728394,-0.328000009059906,4,15
imu,1777665312.4395447,1630441257000,-11.379172325134277,-2.970327615737915,1.9532763957977295,3.0436325073242188,0.42062288522720337,-0.2124859243631363,40.4264266,-86.9274617,169.39000000000001,-0.375,-0.9459999799728394,-0.328000009059906,4,15
imu,1777665312.4485579,1630451256000,-11.688754081726074,-2.4603164196014404,1.8623802661895752,2.93632173538208,0.15641315281391144,-0.16445256769657135,40.426425099999996,-86.9274647,169.73,-0.4050000011920929,-1.465000033378601,-0.38100001215934753,4,15
