message_type,pc_time_s,sensor_time_startup_ns,imu_accel_x_mps2,imu_accel_y_mps2,imu_accel_z_mps2,imu_gyro_x_radps,imu_gyro_y_radps,imu_gyro_z_radps,gnss_lat_deg,gnss_lon_deg,gnss_alt_m,gnss_vel_n_mps,gnss_vel_e_mps,gnss_vel_d_mps,gnss_fix,gnss_num_sats
imu,1776824834.7088733,1239931257000,0.992011547088623,0.4119076132774353,-9.829626083374023,2.553969144821167,-0.3451220691204071,0.6612446904182434,,,,,,,,
imu,1776824834.7184753,1239941257000,0.6783944964408875,-0.10218886286020279,-8.691344261169434,3.1139895915985107,-0.2884972095489502,0.4563843905925751,,,,,,,,
imu,1776824834.7281485,1239951257000,-0.2644881308078766,-1.128696322441101,-9.458989143371582,3.1919004917144775,-0.47763949632644653,0.37662801146507263,,,,,,,,
imu,1776824834.7378988,1239961257000,1.7039098739624023,-1.8661805391311646,-12.616938591003418,2.3571438789367676,-0.3271709978580475,0.1819944530725479,,,,,,,,
imu,1776824834.7477944,1239971257000,0.5718860030174255,-1.9028332233428955,-10.995734214782715,3.1208810806274414,-0.15172716975212097,0.050520654767751694,,,,,,,,
imu,1776824834.7579257,1239981257000,-1.985378623008728,-1.7665525674819946,-9.3240966796875,2.782590866088867,-0.15195384621620178,0.1319531500339508,,,,,,,,
imu,1776824834.7676601,1239991257000,-1.5183181762695312,-2.3860418796539307,-7.5672383308410645,1.7825032472610474,-0.258248507976532,0.4595710039138794,,,,,,,,
imu,1776824834.7776382,1240001257000,-1.4374537467956543,-2.62353777885437,-8.195409774780273,1.071178674697876,-0.38486945629119873,0.5530927777290344,,,,,,,,
imu,1776824834.7884843,1240011257000,-0.7178947925567627,-2.233102321624756,-8.15552043914795,0.20920240879058838,-0.36165401339530945,0.5256410241127014,40.421934,-86.9035603,202.565,0.11400000005960464,0.19099999964237213,0.23600000143051147,3,9
imu,1776824834.797175,1240021257000,0.24741749465465546,-4.132199287414551,-10.138941764831543,0.1934366375207901,-0.3923758566379547,0.6235787868499756,40.421934,-86.9035603,202.565,0.11400000005960464,0.19099999964237213,0.23600000143051147,3,9
imu,1776824834.8071363,1240031257000,0.656566321849823,-4.871921062469482,-11.861143112182617,-0.30410587787628174,-0.19121932983398438,0.5743537545204163,40.421934,-86.9035603,202.565,0.11400000005960464,0.19099999964237213,0.23600000143051147,3,9
imu,1776824834.8169808,1240041257000,-0.8642457723617554,-7.944344997406006,-12.630648612976074,-0.5881168842315674,0.10155972838401794,0.7732346057891846,40.421934,-86.9035603,202.565,0.11400000005960464,0.19099999964237213,0.23600000143051147,3,9
imu,1776824834.8275404,1240051257000,-0.8213290572166443,-5.439525604248047,-12.176973342895508,1.1487046480178833,0.15993210673332214,0.2600337862968445,40.421934,-86.9035603,202.565,0.11400000005960464,0.19099999964237213,0.23600000143051147,3,9
imu,1776824834.8374481,1240061257000,-1.0684864521026611,-1.7843289375305176,-11.454192161560059,3.8157289028167725,0.18417340517044067,-0.3459361791610718,40.421934,-86.9035603,202.565,0.11400000005960464,0.19099999964237213,0.23600000143051147,3,9
imu,1776824834.8472097,1240071257000,-0.6665151715278625,-0.6211837530136108,-8.833807945251465,3.8933465480804443,0.2738755941390991,-0.44955193996429443,40.421934,-86.9035603,202.565,0.11400000005960464,0.19099999964237213,0.23600000143051147,3,9
imu,1776824834.8569996,1240081257000,-1.1015636920928955,-1.5791749954223633,-7.441874980926514,2.6457936763763428,0.503032386302948,0.1043134406208992,40.421934,-86.9035603,202.565,0.11400000005960464,0.19099999964237213,0.23600000143051147,3,9
imu,1776824834.8669286,1240091257000,-0.6844210028648376,-2.0926311016082764,-6.956881046295166,1.8587429523468018,0.5186530351638794,0.4967767298221588,40.421934,-86.9035603,202.565,0.11400000005960464,0.19099999964237213,0.23600000143051147,3,9
imu,1776824834.8766685,1240101257000,-0.23604132235050201,-4.396062850952148,-7.110876560211182,1.24274742603302,0.377200722694397,0.7139347195625305,40.421934,-86.9035603,202.565,0.11400000005960464,0.19099999964237213,0.23600000143051147,3,9
imu,1776824834.886292,1240111257000,-0.1256503462791443,-5.628110408782959,-7.8564581871032715,-0.3018074035644531,0.4312216341495514,0.4900890290737152,40.421934,-86.9035603,202.565,0.11400000005960464,0.19099999964237213,0.23600000143051147,3,9
imu,1776824834.8961747,1240121257000,-0.6990503668785095,-4.968460559844971,-7.536723613739014,-1.5162725448608398,0.5290865302085876,0.3694400191307068,40.421934,-86.9035603,202.565,0.11400000005960464,0.19099999964237213,0.23600000143051147,3,9
imu,1776824834.9068725,1240131256000,-1.1411107778549194,-4.872127532958984,-8.236491203308105,-1.910465121269226,0.24684269726276398,0.3078416585922241,40.421934,-86.9035603,202.565,0.11400000005960464,0.19099999964237213,0.23600000143051147,3,9
imu,1776824834.9167795,1240141257000,-0.8630689382553101,-4.735540866851807,-9.806782722473145,-1.9330693483352661,0.16922560334205627,0.16580775380134583,40.421934,-86.9035603,202.565,0.11400000005960464,0.19099999964237213,0.23600000143051147,3,9
imu,1776824834.926636,1240151257000,-0.2737472653388977,-4.849598407745361,-8.812324523925781,-1.8005794286727905,0.07087673246860504,-0.07332294434309006,40.421934,-86.9035603,202.565,0.11400000005960464,0.19099999964237213,0.23600000143051147,3,9
imu,1776824834.93637,1240161257000,-0.5551424622535706,-4.349415302276611,-9.531216621398926,-0.9900118112564087,-0.1989014893770218,-0.45812785625457764,40.421934,-86.9035603,202.565,0.11400000005960464,0.19099999964237213,0.23600000143051147,3,9
imu,1776824834.9461365,1240171257000,-0.12097249180078506,-3.0526199340820312,-8.441458702087402,-0.7295908331871033,-0.400654673576355,-0.6523180603981018,40.421934,-86.9035603,202.565,0.11400000005960464,0.19099999964237213,0.23600000143051147,3,9
imu,1776824834.9561145,1240181257000,-0.16592708230018616,-3.586059808731079,-8.243155479431152,0.018635030835866928,-0.611463725566864,-0.6236372590065002,40.421934,-86.9035603,202.565,0.11400000005960464,0.19099999964237213,0.23600000143051147,3,9
imu,1776824834.965873,1240191257000,-0.6817562580108643,-3.4345197677612305,-8.444570541381836,0.18644706904888153,-0.6723960041999817,-0.7927380204200745,40.421934,-86.9035603,202.565,0.11400000005960464,0.19099999964237213,0.23600000143051147,3,9
imu,1776824834.9756815,1240201257000,-1.0024000406265259,-2.3601572513580322,-9.029147148132324,0.38172075152397156,-0.8333838582038879,-0.8181005716323853,40.421934,-86.9035603,202.565,0.11400000005960464,0.19099999964237213,0.23600000143051147,3,9
imu,1776824834.985611,1240211257000,-0.4101657271385193,-2.630675792694092,-9.208340644836426,-0.019770493730902672,-0.737729549407959,-0.6568097472190857,40.421934,-86.9035603,202.565,0.11400000005960464,0.19099999964237213,0.23600000143051147,3,9
imu,1776824834.9955564,1240221257000,-0.20038485527038574,-2.9975485801696777,-9.16402816772461,-0.25239917635917664,-0.6073818206787109,-0.5149192214012146,40.421934,-86.9035603,202.565,0.11400000005960464,0.19099999964237213,0.23600000143051147,3,9
imu,1776824835.0051785,1240231257000,-0.537807285785675,-2.426506519317627,-8.709272384643555,-0.5814980864524841,-0.5699224472045898,-0.5965281128883362,40.421934,-86.9035603,202.565,0.11400000005960464,0.19099999964237213,0.23600000143051147,3,9
imu,1776824835.0159318,1240241257000,-0.566912829875946,-0.44515278935432434,-9.670347213745117,-0.975199818611145,-0.5225812196731567,-0.4501692056655884,40.421934,-86.9035603,202.565,0.11400000005960464,0.19099999964237213,0.23600000143051147,3,9
imu,1776824835.025679,1240251257000,-0.32692354917526245,-2.668956756591797,-9.665822982788086,-0.28712689876556396,-0.4793655276298523,-0.16857150197029114,40.421934,-86.9035603,202.565,0.11400000005960464,0.19099999964237213,0.23600000143051147,3,9
imu,1776824835.0355046,1240261257000,0.028997885063290596,-3.7042641639709473,-10.272382736206055,-1.0124884843826294,-0.18437635898590088,-0.10817287862300873,40.421934,-86.9035603,202.565,0.11400000005960464,0.19099999964237213,0.23600000143051147,3,9
imu,1776824835.0453653,1240271257000,-0.15851527452468872,-3.1847739219665527,-9.966629028320312,-0.9236138463020325,-0.0699739158153534,-0.23833367228507996,40.421934,-86.9035603,202.565,0.11400000005960464,0.19099999964237213,0.23600000143051147,3,9
imu,1776824835.0552218,1240281257000,-0.09183268994092941,-2.4682822227478027,-9.653600692749023,-1.0385020971298218,0.06863351911306381,-0.19298946857452393,40.421934,-86.9035603,202.565,0.11400000005960464,0.19099999964237213,0.23600000143051147,3,9
imu,1776824835.0650082,1240291257000,-0.1591380387544632,-2.4395129680633545,-9.268386840820312,-1.016045093536377,0.03326871618628502,-0.12764130532741547,40.421934,-86.9035603,202.565,0.11400000005960464,0.19099999964237213,0.23600000143051147,3,9
imu,1776824835.0751114,1240301257000,-0.4187071919441223,-2.6542792320251465,-9.479522705078125,-0.9997195601463318,0.037712462246418,-0.07023590803146362,40.421934,-86.9035603,202.565,0.11400000005960464,0.19099999964237213,0.23600000143051147,3,9
imu,1776824835.0848558,1240311257000,-0.4405617117881775,-2.522157669067383,-9.493709564208984,-1.0730329751968384,0.014510506764054298,-0.10567310452461243,40.421934,-86.9035603,202.565,0.11400000005960464,0.19099999964237213,0.23600000143051147,3,9
imu,1776824835.094674,1240321257000,-0.2652679979801178,-2.2527732849121094,-9.485456466674805,-1.0459200143814087,0.03313077986240387,-0.0995248407125473,40.421934,-86.9035603,202.565,0.11400000005960464,0.19099999964237213,0.23600000143051147,3,9
imu,1776824835.1054938,1240331257000,-0.1800701916217804,-2.054858446121216,-9.320621490478516,-0.8676777482032776,-0.015649117529392242,-0.07469591498374939,40.421934,-86.9035603,202.565,0.11400000005960464,0.19099999964237213,0.23600000143051147,3,9
imu,1776824835.115216,1240341257000,-0.0800149142742157,-1.9880036115646362,-9.72812271118164,-0.723415732383728,-0.00784923043102026,0.010619092732667923,40.421934,-86.9035603,202.565,0.11400000005960464,0.19099999964237213,0.23600000143051147,3,9
imu,1776824835.1249204,1240351257000,-0.008874725550413132,-2.17568302154541,-9.977020263671875,-0.7303935885429382,0.03913523256778717,0.029554525390267372,40.421934,-86.9035603,202.565,0.11400000005960464,0.19099999964237213,0.23600000143051147,3,9
imu,1776824835.1347659,1240361257000,-0.11369076371192932,-2.0801942348480225,-9.919855117797852,-0.5886340141296387,0.09432020038366318,0.051928047090768814,40.421934,-86.9035603,202.565,0.11400000005960464,0.19099999964237213,0.23600000143051147,3,9
imu,1776824835.1444938,1240371257000,-0.0661168023943901,-2.124685287475586,-9.875728607177734,-0.46785736083984375,0.11973483115434647,0.0991552472114563,40.421934,-86.9035603,202.565,0.11400000005960464,0.19099999964237213,0.23600000143051147,3,9
imu,1776824835.1542864,1240381257000,-0.0054771085269749165,-2.228991985321045,-9.900617599487305,-0.455049067735672,0.13641661405563354,0.11618176847696304,40.421934,-86.9035603,202.565,0.11400000005960464,0.19099999964237213,0.23600000143051147,3,9
imu,1776824835.1642327,1240391257000,0.016483116894960403,-2.069056987762451,-9.757753372192383,-0.3452230989933014,0.1085103377699852,0.10351504385471344,40.421934,-86.9035603,202.565,0.11400000005960464,0.19099999964237213,0.23600000143051147,3,9
imu,1776824835.1740117,1240401257000,-0.15544356405735016,-2.2329864501953125,-9.929563522338867,-0.2177155464887619,0.10763277113437653,0.14391154050827026,40.421934,-86.9035603,202.565,0.11400000005960464,0.19099999964237213,0.23600000143051147,3,9
imu,1776824835.1839676,1240411257000,-0.1690666824579239,-2.4498093128204346,-10.101188659667969,-0.1857425421476364,0.14185330271720886,0.09756547212600708,40.421934,-86.9035603,202.565,0.11400000005960464,0.19099999964237213,0.23600000143051147,3,9
imu,1776824835.1949604,1240421257000,-0.1250372976064682,-2.5496907234191895,-10.136100769042969,-0.13882935047149658,0.18786872923374176,0.04384699836373329,40.421934,-86.9035603,202.565,0.11400000005960464,0.19099999964237213,0.23600000143051147,3,9
imu,1776824835.20491,1240431257000,-0.2518942654132843,-2.5965421199798584,-9.998912811279297,-0.1270741969347,0.2570018470287323,-0.002355588600039482,40.421934,-86.9035603,202.565,0.11400000005960464,0.19099999964237213,0.23600000143051147,3,9
imu,1776824835.2142298,1240441257000,-0.3785465657711029,-2.737719774246216,-9.66428279876709,-0.14043328166007996,0.2698388695716858,-0.0676320269703865,40.421934,-86.9035603,202.565,0.11400000005960464,0.19099999964237213,0.23600000143051147,3,9
imu,1776824835.2240343,1240451257000,-0.3551122546195984,-2.729219436645508,-9.567883491516113,-0.19861987233161926,0.18974699079990387,-0.1264261156320572,40.421934,-86.9035603,202.565,0.11400000005960464,0.19099999964237213,0.23600000143051147,3,9
imu,1776824835.2340634,1240461257000,-0.4326586127281189,-2.630044937133789,-9.855956077575684,-0.24783101677894592,0.1404237300157547,-0.2266046106815338,40.421934,-86.9035603,202.565,0.11400000005960464,0.19099999964237213,0.23600000143051147,3,9
imu,1776824835.2439365,1240471257000,-0.3763270974159241,-2.1663217544555664,-9.800450325012207,-0.2893195152282715,0.15461891889572144,-0.2629721760749817,40.421934,-86.9035603,202.565,0.11400000005960464,0.19099999964237213,0.23600000143051147,3,9
imu,1776824835.2537677,1240481257000,-0.3276199698448181,-2.0346546173095703,-9.789559364318848,-0.2527088522911072,0.14366966485977173,-0.2723674774169922,40.421934,-86.9035603,202.565,0.11400000005960464,0.19099999964237213,0.23600000143051147,3,9
imu,1776824835.263836,1240491257000,-0.2923066020011902,-1.9879628419876099,-9.575861930847168,-0.26112616062164307,0.1358214020729065,-0.2790292203426361,40.421934,-86.9035603,202.565,0.11400000005960464,0.19099999964237213,0.23600000143051147,3,9
imu,1776824835.2736852,1240501257000,-0.3004547953605652,-1.9767214059829712,-9.523674011230469,-0.25770702958106995,0.13499462604522705,-0.26937153935432434,40.421934,-86.9035603,202.565,0.11400000005960464,0.19099999964237213,0.23600000143051147,3,9
imu,1776824835.2859352,1240511257000,-0.4400092363357544,-2.056870222091675,-9.584464073181152,-0.2787119448184967,0.16023744642734528,-0.27213403582572937,40.4219352,-86.90356249999999,202.05,-0.07500000298023224,-0.13899999856948853,0.1289999932050705,3,9
imu,1776824835.2937376,1240521257000,-0.5180395245552063,-1.9904793500900269,-9.545780181884766,-0.2916073203086853,0.20435450971126556,-0.30520233511924744,40.4219352,-86.90356249999999,202.05,-0.07500000298023224,-0.13899999856948853,0.1289999932050705,3,9
imu,1776824835.3034286,1240531257000,-0.43948283791542053,-1.7584443092346191,-9.370452880859375,-0.3436388671398163,0.21668723225593567,-0.355490505695343,40.4219352,-86.90356249999999,202.05,-0.07500000298023224,-0.13899999856948853,0.1289999932050705,3,9
imu,1776824835.3133004,1240541257000,-0.27498891949653625,-1.0363562107086182,-9.445098876953125,-0.3663784861564636,0.18052172660827637,-0.39247292280197144,40.4219352,-86.90356249999999,202.05,-0.07500000298023224,-0.13899999856948853,0.1289999932050705,3,9
imu,1776824835.3231266,1240551257000,0.024313177913427353,-0.44284743070602417,-9.876476287841797,-0.32946011424064636,0.16698937118053436,-0.3572008013725281,40.4219352,-86.90356249999999,202.05,-0.07500000298023224,-0.13899999856948853,0.1289999932050705,3,9
imu,1776824835.332948,1240561257000,0.033217549324035645,-0.2688125669956207,-9.933938026428223,-0.27655813097953796,0.18345938622951508,-0.3116316795349121,40.4219352,-86.90356249999999,202.05,-0.07500000298023224,-0.13899999856948853,0.1289999932050705,3,9
imu,1776824835.342758,1240571257000,0.01684414967894554,-0.14877213537693024,-9.903225898742676,-0.28428933024406433,0.18806393444538116,-0.3110843002796173,40.4219352,-86.90356249999999,202.05,-0.07500000298023224,-0.13899999856948853,0.1289999932050705,3,9
imu,1776824835.3525739,1240581257000,-0.23254522681236267,-0.11443153768777847,-9.342754364013672,-0.30787768959999084,0.21728549897670746,-0.2570345103740692,40.4219352,-86.90356249999999,202.05,-0.07500000298023224,-0.13899999856948853,0.1289999932050705,3,9
imu,1776824835.3624163,1240591257000,-0.2582986652851105,-0.1318805068731308,-9.134499549865723,-0.3614364564418793,0.1493918001651764,-0.23251882195472717,40.4219352,-86.90356249999999,202.05,-0.07500000298023224,-0.13899999856948853,0.1289999932050705,3,9
imu,1776824835.3731952,1240601257000,-0.3971530795097351,-0.016206588596105576,-8.992324829101562,-0.43370115756988525,0.14144986867904663,-0.16119100153446198,40.4219352,-86.90356249999999,202.05,-0.07500000298023224,-0.13899999856948853,0.1289999932050705,3,9
imu,1776824835.3829339,1240611257000,-0.286895751953125,0.1567077338695526,-9.213994979858398,-0.4965597689151764,0.13430707156658173,-0.15009063482284546,40.4219352,-86.90356249999999,202.05,-0.07500000298023224,-0.13899999856948853,0.1289999932050705,3,9
imu,1776824835.393048,1240621257000,-0.1716323345899582,0.6680903434753418,-9.258121490478516,-0.49169921875,0.037468165159225464,-0.09529516100883484,40.4219352,-86.90356249999999,202.05,-0.07500000298023224,-0.13899999856948853,0.1289999932050705,3,9
imu,1776824835.403691,1240631257000,0.053224287927150726,1.0096793174743652,-9.558523178100586,-0.48042014241218567,-0.0013841856271028519,0.03461205214262009,40.4219352,-86.90356249999999,202.05,-0.07500000298023224,-0.13899999856948853,0.1289999932050705,3,9
imu,1776824835.413395,1240641257000,-0.1059483215212822,1.0571445226669312,-9.270751953125,-0.2324744313955307,-0.03543918579816818,0.13778412342071533,40.4219352,-86.90356249999999,202.05,-0.07500000298023224,-0.13899999856948853,0.1289999932050705,3,9
imu,1776824835.422278,1240651257000,-0.25720590353012085,1.123932957649231,-9.139570236206055,-0.1641419380903244,-0.19116564095020294,0.33496129512786865,40.4219352,-86.90356249999999,202.05,-0.07500000298023224,-0.13899999856948853,0.1289999932050705,3,9
imu,1776824835.433257,1240661257000,-0.007733763195574284,0.6365835070610046,-9.40102767944336,-0.1985122561454773,-0.31614047288894653,0.4994679391384125,40.4219352,-86.90356249999999,202.05,-0.07500000298023224,-0.13899999856948853,0.1289999932050705,3,9
imu,1776824835.4421058,1240671256000,-0.07440436631441116,0.12395884096622467,-10.108835220336914,-0.06796467304229736,-0.25153297185897827,0.5197526812553406,40.4219352,-86.90356249999999,202.05,-0.07500000298023224,-0.13899999856948853,0.1289999932050705,3,9
imu,1776824835.451822,1240681257000,-0.14778338372707367,-0.027820803225040436,-10.089402198791504,-0.112637959420681,-0.205564945936203,0.5285828113555908,40.4219352,-86.90356249999999,202.05,-0.07500000298023224,-0.13899999856948853,0.1289999932050705,3,9
imu,1776824835.4615207,1240691257000,-0.10154148936271667,-0.4119180142879486,-9.93679428100586,-0.15698738396167755,-0.16528970003128052,0.5529724955558777,40.4219352,-86.90356249999999,202.05,-0.07500000298023224,-0.13899999856948853,0.1289999932050705,3,9
imu,1776824835.4713607,1240701257000,-0.38747715950012207,-0.4124802052974701,-9.487062454223633,-0.28146979212760925,-0.23224346339702606,0.5397810935974121,40.4219352,-86.90356249999999,202.05,-0.07500000298023224,-0.13899999856948853,0.1289999932050705,3,9
imu,1776824835.4822464,1240711257000,-0.3016572892665863,-0.6073997616767883,-10.224170684814453,-0.09077537059783936,-0.2635858952999115,0.5351055860519409,40.4219352,-86.90356249999999,202.05,-0.07500000298023224,-0.13899999856948853,0.1289999932050705,3,9
imu,1776824835.4921217,1240721257000,-0.23908968269824982,-1.0283297300338745,-9.825922966003418,-0.15089938044548035,-0.20676371455192566,0.479367733001709,40.4219352,-86.90356249999999,202.05,-0.07500000298023224,-0.13899999856948853,0.1289999932050705,3,9
imu,1776824835.5019646,1240731257000,-0.3903689682483673,-1.0602660179138184,-10.186803817749023,-0.18273326754570007,-0.1471744328737259,0.4883056581020355,40.4219352,-86.90356249999999,202.05,-0.07500000298023224,-0.13899999856948853,0.1289999932050705,3,9
imu,1776824835.5127332,1240741257000,-0.6172460913658142,-1.4286609888076782,-10.101027488708496,-0.3154331147670746,-0.06780731678009033,0.5685282945632935,40.4219352,-86.90356249999999,202.05,-0.07500000298023224,-0.13899999856948853,0.1289999932050705,3,9
imu,1776824835.5221343,1240751257000,-0.45772719383239746,-1.5307968854904175,-9.87070369720459,-0.069225013256073,-0.07308445870876312,0.4405270218849182,40.4219352,-86.90356249999999,202.05,-0.07500000298023224,-0.13899999856948853,0.1289999932050705,3,9
imu,1776824835.5317693,1240761257000,-0.4413272738456726,-1.9085736274719238,-9.616742134094238,-0.16566520929336548,-0.08758535981178284,0.3697793185710907,40.4219352,-86.90356249999999,202.05,-0.07500000298023224,-0.13899999856948853,0.1289999932050705,3,9
imu,1776824835.5426297,1240771257000,-0.49254631996154785,-1.9900058507919312,-9.627628326416016,-0.15064801275730133,-0.06913279742002487,0.31078675389289856,40.4219352,-86.90356249999999,202.05,-0.07500000298023224,-0.13899999856948853,0.1289999932050705,3,9
imu,1776824835.5524862,1240781257000,-0.4784441590309143,-2.0152556896209717,-9.61567497253418,-0.1369086652994156,-0.07671347260475159,0.27874356508255005,40.4219352,-86.90356249999999,202.05,-0.07500000298023224,-0.13899999856948853,0.1289999932050705,3,9
imu,1776824835.5624833,1240791257000,-0.4888837933540344,-2.1389894485473633,-9.756205558776855,-0.09089133888483047,-0.06432751566171646,0.250902384519577,40.4219352,-86.90356249999999,202.05,-0.07500000298023224,-0.13899999856948853,0.1289999932050705,3,9
imu,1776824835.5722337,1240801257000,-0.5456858277320862,-2.4337661266326904,-9.858231544494629,-0.02006099931895733,-0.09340275079011917,0.11610996723175049,40.4219352,-86.90356249999999,202.05,-0.07500000298023224,-0.13899999856948853,0.1289999932050705,3,9
imu,1776824835.581876,1240811257000,-0.4985538721084595,-2.322113513946533,-9.817337036132812,-0.09618514031171799,-0.09428050369024277,0.07803942263126373,40.4219352,-86.90356249999999,202.05,-0.07500000298023224,-0.13899999856948853,0.1289999932050705,3,9
imu,1776824835.5918276,1240821257000,-0.5555062294006348,-2.2152340412139893,-9.814332008361816,-0.152840256690979,-0.09300151467323303,-0.00070933997631073,40.4219352,-86.90356249999999,202.05,-0.07500000298023224,-0.13899999856948853,0.1289999932050705,3,9
imu,1776824835.6017277,1240831257000,-0.45376649498939514,-1.792600393295288,-9.998183250427246,-0.15288366377353668,-0.07853642106056213,-0.026183882728219032,40.4219352,-86.90356249999999,202.05,-0.07500000298023224,-0.13899999856948853,0.1289999932050705,3,9
imu,1776824835.6114984,1240841257000,-0.500950813293457,-1.5795860290527344,-10.077522277832031,-0.11791756749153137,-0.10668674856424332,-0.06751687824726105,40.4219352,-86.90356249999999,202.05,-0.07500000298023224,-0.13899999856948853,0.1289999932050705,3,9
imu,1776824835.6212184,1240851257000,-0.35257309675216675,-1.639208436012268,-10.118668556213379,-0.07363050431013107,-0.04187731444835663,-0.06237523630261421,40.4219352,-86.90356249999999,202.05,-0.07500000298023224,-0.13899999856948853,0.1289999932050705,3,9
imu,1776824835.6310234,1240861257000,-0.544365406036377,-1.3868294954299927,-9.926259994506836,-0.10484474897384644,-0.056122902780771255,-0.08464108407497406,40.4219352,-86.90356249999999,202.05,-0.07500000298023224,-0.13899999856948853,0.1289999932050705,3,9
imu,1776824835.6420143,1240871257000,-0.4107578992843628,-1.5120904445648193,-9.975767135620117,-0.06880751252174377,-0.03401598706841469,-0.031789492815732956,40.4219352,-86.90356249999999,202.05,-0.07500000298023224,-0.13899999856948853,0.1289999932050705,3,9
imu,1776824835.6516235,1240881257000,-0.384634792804718,-1.6284105777740479,-10.151994705200195,-0.07853324711322784,0.009211163967847824,-0.11323758214712143,40.4219352,-86.90356249999999,202.05,-0.07500000298023224,-0.13899999856948853,0.1289999932050705,3,9
imu,1776824835.6614897,1240891257000,-0.4383865296840668,-1.1739840507507324,-10.096522331237793,-0.12284765392541885,0.06215134263038635,-0.10133929550647736,40.4219352,-86.90356249999999,202.05,-0.07500000298023224,-0.13899999856948853,0.1289999932050705,3,9
imu,1776824835.671241,1240901257000,-0.34267163276672363,-1.260104775428772,-9.657916069030762,-0.11912845820188522,0.022413263097405434,-0.11588063091039658,40.4219352,-86.90356249999999,202.05,-0.07500000298023224,-0.13899999856948853,0.1289999932050705,3,9
imu,1776824835.6809607,1240911257000,-0.3106035590171814,-1.112175703048706,-9.829968452453613,-0.1260732263326645,0.03608246520161629,-0.09615323692560196,40.4219352,-86.90356249999999,202.05,-0.07500000298023224,-0.13899999856948853,0.1289999932050705,3,9
imu,1776824835.690913,1240921257000,-0.4556690454483032,-0.9359234571456909,-9.930442810058594,-0.08065784722566605,0.0740814059972763,-0.03877008706331253,40.4219352,-86.90356249999999,202.05,-0.07500000298023224,-0.13899999856948853,0.1289999932050705,3,9
imu,1776824835.7007852,1240931257000,-0.25795748829841614,-0.8804548382759094,-9.450238227844238,-0.06872984766960144,0.12163645774126053,-0.04315003752708435,40.4219352,-86.90356249999999,202.05,-0.07500000298023224,-0.13899999856948853,0.1289999932050705,3,9
imu,1776824835.7106886,1240941257000,-0.19958001375198364,-1.0650147199630737,-9.662782669067383,-0.08498045057058334,0.06531253457069397,-0.058507636189460754,40.4219352,-86.90356249999999,202.05,-0.07500000298023224,-0.13899999856948853,0.1289999932050705,3,9
imu,1776824835.720512,1240951257000,-0.27333587408065796,-0.9002089500427246,-9.701478958129883,-0.0882050096988678,0.04037496820092201,-0.0458163321018219,40.4219352,-86.90356249999999,202.05,-0.07500000298023224,-0.13899999856948853,0.1289999932050705,3,9
imu,1776824835.7303836,1240961257000,-0.21750670671463013,-0.9033581018447876,-9.716409683227539,-0.05080157145857811,0.048528481274843216,-0.02358330972492695,40.4219352,-86.90356249999999,202.05,-0.07500000298023224,-0.13899999856948853,0.1289999932050705,3,9
imu,1776824835.740379,1240971257000,-0.34566229581832886,-1.0045013427734375,-9.708693504333496,-0.0372583270072937,0.06748223304748535,-0.025166315957903862,40.4219352,-86.90356249999999,202.05,-0.07500000298023224,-0.13899999856948853,0.1289999932050705,3,9
imu,1776824835.750046,1240981257000,-0.2693219780921936,-0.9640896916389465,-9.594894409179688,-0.018304288387298584,0.03939177840948105,-0.04735974967479706,40.4219352,-86.90356249999999,202.05,-0.07500000298023224,-0.13899999856948853,0.1289999932050705,3,9
imu,1776824835.7598362,1240991257000,-0.2295370101928711,-0.7451583743095398,-9.589046478271484,0.013048214837908745,0.02810065634548664,-0.05752570927143097,40.4219352,-86.90356249999999,202.05,-0.07500000298023224,-0.13899999856948853,0.1289999932050705,3,9
imu,1776824835.7696772,1241001257000,-0.29161688685417175,-0.7098896503448486,-9.63144302368164,0.05059510096907616,0.03268309310078621,-0.015621162950992584,40.4219352,-86.90356249999999,202.05,-0.07500000298023224,-0.13899999856948853,0.1289999932050705,3,9
imu,1776824835.7805402,1241011257000,-0.2710764408111572,-0.8727225065231323,-9.651719093322754,0.058127015829086304,0.04668835923075676,-0.006560776382684708,40.4219364,-86.9035628,201.82,-0.02500000037252903,-0.10599999874830246,0.19499999284744263,3,9
imu,1776824835.7902153,1241021257000,-0.31922152638435364,-0.9299998879432678,-9.59047794342041,0.035976845771074295,0.046765998005867004,-0.021583158522844315,40.4219364,-86.9035628,201.82,-0.02500000037252903,-0.10599999874830246,0.19499999284744263,3,9
imu,1776824835.8000398,1241031257000,-0.28064844012260437,-0.93851238489151,-9.603311538696289,-0.00482427841052413,0.028490817174315453,-0.03032561019062996,40.4219364,-86.9035628,201.82,-0.02500000037252903,-0.10599999874830246,0.19499999284744263,3,9
imu,1776824835.80984,1241041257000,-0.2749209403991699,-0.8751447200775146,-9.66464614868164,-0.051248058676719666,0.034736599773168564,-0.033050134778022766,40.4219364,-86.9035628,201.82,-0.02500000037252903,-0.10599999874830246,0.19499999284744263,3,9
imu,1776824835.8200238,1241051257000,-0.27457481622695923,-0.8227939009666443,-9.596309661865234,-0.061445705592632294,0.0040541281923651695,-0.04032203555107117,40.4219364,-86.9035628,201.82,-0.02500000037252903,-0.10599999874830246,0.19499999284744263,3,9
imu,1776824835.8299298,1241061257000,-0.2022383213043213,-0.6576969027519226,-9.708388328552246,-0.05559461563825607,-0.024388425052165985,-0.047404028475284576,40.4219364,-86.9035628,201.82,-0.02500000037252903,-0.10599999874830246,0.19499999284744263,3,9
imu,1776824835.8397493,1241071257000,-0.24170556664466858,-0.6160671710968018,-9.860200881958008,-0.03725636005401611,-0.041441909968853,-0.02279520221054554,40.4219364,-86.9035628,201.82,-0.02500000037252903,-0.10599999874830246,0.19499999284744263,3,9
imu,1776824835.8493457,1241081257000,-0.37627333402633667,-0.782687783241272,-9.848966598510742,-0.0037033448461443186,-0.02060748264193535,-0.008491532877087593,40.4219364,-86.9035628,201.82,-0.02500000037252903,-0.10599999874830246,0.19499999284744263,3,9
imu,1776824835.859268,1241091257000,-0.3380100727081299,-0.9295968413352966,-9.783679962158203,-0.018263325095176697,-0.019476866349577904,-0.02095893770456314,40.4219364,-86.9035628,201.82,-0.02500000037252903,-0.10599999874830246,0.19499999284744263,3,9
imu,1776824835.8692288,1241101257000,-0.25754642486572266,-0.911865234375,-9.882904052734375,-0.04408727213740349,-0.01102979201823473,-0.031231438741087914,40.4219364,-86.9035628,201.82,-0.02500000037252903,-0.10599999874830246,0.19499999284744263,3,9
imu,1776824835.878991,1241111257000,-0.23865778744220734,-0.8006290197372437,-9.88981819152832,-0.05858501046895981,0.009433258324861526,-0.05291809141635895,40.4219364,-86.9035628,201.82,-0.02500000037252903,-0.10599999874830246,0.19499999284744263,3,9
imu,1776824835.8888776,1241121257000,-0.2266513705253601,-0.7117509841918945,-9.72661018371582,-0.0673101618885994,0.007355629466474056,-0.05532658472657204,40.4219364,-86.9035628,201.82,-0.02500000037252903,-0.10599999874830246,0.19499999284744263,3,9
imu,1776824835.898672,1241131257000,-0.20171919465065002,-0.6284232139587402,-9.71391487121582,-0.09258982539176941,-0.007868999615311623,-0.059938304126262665,40.4219364,-86.9035628,201.82,-0.02500000037252903,-0.10599999874830246,0.19499999284744263,3,9
imu,1776824835.9085515,1241141257000,-0.09357000887393951,-0.6314048171043396,-9.827144622802734,-0.10927005112171173,-0.01220754161477089,-0.08020409941673279,40.4219364,-86.9035628,201.82,-0.02500000037252903,-0.10599999874830246,0.19499999284744263,3,9
imu,1776824835.9183903,1241151257000,-0.10307908058166504,-0.5270698070526123,-9.953276634216309,-0.12881715595722198,0.0009949642699211836,-0.09053006768226624,40.4219364,-86.9035628,201.82,-0.02500000037252903,-0.10599999874830246,0.19499999284744263,3,9
imu,1776824835.929176,1241161257000,-0.08804578334093094,-0.5637849569320679,-9.974875450134277,-0.11762148141860962,0.01768334209918976,-0.08469648659229279,40.4219364,-86.9035628,201.82,-0.02500000037252903,-0.10599999874830246,0.19499999284744263,3,9
imu,1776824835.938981,1241171257000,-0.07735911756753922,-0.34437867999076843,-9.854718208312988,-0.10272254049777985,0.014531363733112812,-0.07051604986190796,40.4219364,-86.9035628,201.82,-0.02500000037252903,-0.10599999874830246,0.19499999284744263,3,9
imu,1776824835.9487865,1241181257000,-0.05409853160381317,-0.3296542465686798,-9.870388984680176,-0.09038076549768448,0.0033292467705905437,-0.050242625176906586,40.4219364,-86.9035628,201.82,-0.02500000037252903,-0.10599999874830246,0.19499999284744263,3,9
imu,1776824835.9586847,1241191257000,-0.15667378902435303,-0.37586715817451477,-9.904013633728027,-0.07653816044330597,2.3774337023496628e-05,-0.04078923165798187,40.4219364,-86.9035628,201.82,-0.02500000037252903,-0.10599999874830246,0.19499999284744263,3,9
imu,1776824835.96854,1241201257000,-0.19307462871074677,-0.48463132977485657,-9.930310249328613,-0.03446367383003235,-0.004512539133429527,-0.0304512158036232,40.4219364,-86.9035628,201.82,-0.02500000037252903,-0.10599999874830246,0.19499999284744263,3,9
imu,1776824835.978291,1241211257000,-0.22598859667778015,-0.4866352081298828,-9.9575834274292,0.011020790785551071,-0.0003812350332736969,-0.030114900320768356,40.4219364,-86.9035628,201.82,-0.02500000037252903,-0.10599999874830246,0.19499999284744263,3,9
imu,1776824835.9881244,1241221257000,-0.2262077033519745,-0.48600929975509644,-9.871607780456543,0.0056893229484558105,0.009032735601067543,-0.02277985028922558,40.4219364,-86.9035628,201.82,-0.02500000037252903,-0.10599999874830246,0.19499999284744263,3,9
imu,1776824835.9979162,1241231257000,-0.24107450246810913,-0.5428978800773621,-9.858269691467285,-0.03318014368414879,0.019887063652276993,-0.023462653160095215,40.4219364,-86.9035628,201.82,-0.02500000037252903,-0.10599999874830246,0.19499999284744263,3,9
imu,1776824836.0077775,1241241257000,-0.2960493862628937,-0.5660809874534607,-9.923871040344238,-0.024342862889170647,0.025909647345542908,-0.028174033388495445,40.4219364,-86.9035628,201.82,-0.02500000037252903,-0.10599999874830246,0.19499999284744263,3,9
imu,1776824836.0174675,1241251257000,-0.23327216506004333,-0.546501100063324,-10.000846862792969,0.011741370894014835,0.027682887390255928,-0.029338249936699867,40.4219364,-86.9035628,201.82,-0.02500000037252903,-0.10599999874830246,0.19499999284744263,3,9
imu,1776824836.027227,1241261257000,-0.2397688329219818,-0.4840698838233948,-9.95344066619873,0.015547098591923714,0.049519654363393784,-0.02697867527604103,40.4219364,-86.9035628,201.82,-0.02500000037252903,-0.10599999874830246,0.19499999284744263,3,9
imu,1776824836.0380821,1241271257000,-0.3379373848438263,-0.2914789915084839,-9.737774848937988,0.02010614424943924,0.04709790274500847,0.002415332943201065,40.4219364,-86.9035628,201.82,-0.02500000037252903,-0.10599999874830246,0.19499999284744263,3,9
imu,1776824836.0480015,1241281257000,-0.28658565878868103,-0.4026716351509094,-9.793739318847656,0.030385980382561684,0.043470606207847595,0.037767231464385986,40.4219364,-86.9035628,201.82,-0.02500000037252903,-0.10599999874830246,0.19499999284744263,3,9
imu,1776824836.0576687,1241291257000,-0.165568545460701,-0.48255839943885803,-9.859389305114746,0.02203558385372162,0.05859331786632538,0.04066930338740349,40.4219364,-86.9035628,201.82,-0.02500000037252903,-0.10599999874830246,0.19499999284744263,3,9
imu,1776824836.0676253,1241301257000,-0.3309198319911957,-0.5309291481971741,-9.562573432922363,0.0066909343004226685,0.05289854481816292,0.058482058346271515,40.4219364,-86.9035628,201.82,-0.02500000037252903,-0.10599999874830246,0.19499999284744263,3,9
imu,1776824836.0774188,1241311257000,-0.3683355748653412,-0.7110098600387573,-9.524567604064941,0.007645188365131617,0.01251731812953949,0.06276798993349075,40.4219364,-86.9035628,201.82,-0.02500000037252903,-0.10599999874830246,0.19499999284744263,3,9
imu,1776824836.0872877,1241321257000,-0.24083064496517181,-0.7600301504135132,-9.629592895507812,0.00814427062869072,-0.021886900067329407,0.03902582824230194,40.4219364,-86.9035628,201.82,-0.02500000037252903,-0.10599999874830246,0.19499999284744263,3,9
imu,1776824836.096992,1241331257000,-0.30522459745407104,-0.7453762888908386,-9.635232925415039,0.02242939919233322,-0.051131173968315125,0.03279516100883484,40.4219364,-86.9035628,201.82,-0.02500000037252903,-0.10599999874830246,0.19499999284744263,3,9
imu,1776824836.1068356,1241341257000,-0.3025830090045929,-0.9104747772216797,-9.787757873535156,0.04360448569059372,-0.048650000244379044,0.020001448690891266,40.4219364,-86.9035628,201.82,-0.02500000037252903,-0.10599999874830246,0.19499999284744263,3,9
imu,1776824836.1176028,1241351257000,-0.3427484333515167,-1.047486662864685,-9.878740310668945,0.08273186534643173,-0.03491123765707016,-0.0011240560561418533,40.4219364,-86.9035628,201.82,-0.02500000037252903,-0.10599999874830246,0.19499999284744263,3,9
imu,1776824836.1274111,1241361257000,-0.30162540078163147,-1.0249876976013184,-9.785778999328613,0.007452379446476698,-0.007648084312677383,-0.038223281502723694,40.4219364,-86.9035628,201.82,-0.02500000037252903,-0.10599999874830246,0.19499999284744263,3,9
imu,1776824836.1366954,1241371257000,-0.2812933921813965,-0.6733405590057373,-9.584403991699219,-0.04132242873311043,0.002919575432315469,-0.041023705154657364,40.4219364,-86.9035628,201.82,-0.02500000037252903,-0.10599999874830246,0.19499999284744263,3,9
imu,1776824836.1462939,1241381257000,-0.09606188535690308,-0.5456258654594421,-9.679361343383789,-0.050254642963409424,-0.03416890650987625,-0.0349309965968132,40.4219364,-86.9035628,201.82,-0.02500000037252903,-0.10599999874830246,0.19499999284744263,3,9
imu,1776824836.1562226,1241391257000,0.007189814932644367,-0.3648916184902191,-10.023174285888672,0.012063631787896156,-0.03516558185219765,-0.015326464548707008,40.4219364,-86.9035628,201.82,-0.02500000037252903,-0.10599999874830246,0.19499999284744263,3,9
imu,1776824836.1670742,1241401257000,-0.04815986379981041,-0.4804460108280182,-9.99363899230957,0.07914111763238907,-0.02288813889026642,0.012835301458835602,40.4219364,-86.9035628,201.82,-0.02500000037252903,-0.10599999874830246,0.19499999284744263,3,9
imu,1776824836.1767585,1241411257000,-0.0789334625005722,-0.636896014213562,-9.971780776977539,0.12836265563964844,-0.011149158701300621,0.03283519670367241,40.4219364,-86.9035628,201.82,-0.02500000037252903,-0.10599999874830246,0.19499999284744263,3,9
imu,1776824836.186634,1241421257000,-0.05839691683650017,-0.9003399014472961,-9.573986053466797,0.06663466989994049,-0.0026202304288744926,0.03395441174507141,40.4219364,-86.9035628,201.82,-0.02500000037252903,-0.10599999874830246,0.19499999284744263,3,9
imu,1776824836.1963382,1241431257000,-0.2591412663459778,-1.1601791381835938,-10.010286331176758,-0.032996758818626404,0.0016917444299906492,0.005895056761801243,40.4219364,-86.9035628,201.82,-0.02500000037252903,-0.10599999874830246,0.19499999284744263,3,9
imu,1776824836.206106,1241441257000,-0.1396600306034088,-1.2646652460098267,-10.128580093383789,-0.035193465650081635,0.03608110919594765,-0.04399636387825012,40.4219364,-86.9035628,201.82,-0.02500000037252903,-0.10599999874830246,0.19499999284744263,3,9
imu,1776824836.2158492,1241451257000,-0.26369959115982056,-1.137736439704895,-10.129749298095703,-0.013193291611969471,0.07545788586139679,-0.055652182549238205,40.4219364,-86.9035628,201.82,-0.02500000037252903,-0.10599999874830246,0.19499999284744263,3,9
imu,1776824836.225743,1241461257000,-0.27668496966362,-1.2307435274124146,-9.864583969116211,0.0021908744238317013,0.10106435418128967,-0.08612329512834549,40.4219364,-86.9035628,201.82,-0.02500000037252903,-0.10599999874830246,0.19499999284744263,3,9
imu,1776824836.2354717,1241471257000,-0.13699790835380554,-1.1722311973571777,-9.743391990661621,0.026145536452531815,0.10777939110994339,-0.10681772232055664,40.4219364,-86.9035628,201.82,-0.02500000037252903,-0.10599999874830246,0.19499999284744263,3,9
imu,1776824836.2453241,1241481257000,-0.3053945302963257,-1.0684195756912231,-9.457857131958008,0.019749263301491737,0.09259840101003647,-0.12253252416849136,40.4219364,-86.9035628,201.82,-0.02500000037252903,-0.10599999874830246,0.19499999284744263,3,9
imu,1776824836.2552166,1241491257000,-0.22717979550361633,-1.0133841037750244,-9.723569869995117,-0.001601214986294508,0.08920392394065857,-0.14131036400794983,40.4219364,-86.9035628,201.82,-0.02500000037252903,-0.10599999874830246,0.19499999284744263,3,9
imu,1776824836.2659428,1241501257000,-0.16398009657859802,-0.7153707146644592,-9.709508895874023,-0.00023256288841366768,0.09455162286758423,-0.14768704771995544,40.4219364,-86.9035628,201.82,-0.02500000037252903,-0.10599999874830246,0.19499999284744263,3,9
imu,1776824836.277957,1241511257000,-0.13081137835979462,-0.5835340619087219,-9.646745681762695,-0.030924255028367043,0.09832622855901718,-0.14096906781196594,40.421937899999996,-86.9035632,201.447,0.2070000022649765,-0.12800000607967377,0.21400000154972076,3,9
imu,1776824836.285617,1241521257000,-0.1916898787021637,-0.4141750633716583,-9.581047058105469,-0.04859444499015808,0.0919157937169075,-0.1241760328412056,40.421937899999996,-86.9035632,201.447,0.2070000022649765,-0.12800000607967377,0.21400000154972076,3,9
imu,1776824836.2952948,1241531257000,-0.15887558460235596,-0.24565698206424713,-9.637951850891113,-0.05043167993426323,0.07657858729362488,-0.10646600276231766,40.421937899999996,-86.9035632,201.447,0.2070000022649765,-0.12800000607967377,0.21400000154972076,3,9
imu,1776824836.3051498,1241541257000,-0.16170093417167664,-0.15509845316410065,-9.602839469909668,-0.04622386395931244,0.060937318950891495,-0.0737316757440567,40.421937899999996,-86.9035632,201.447,0.2070000022649765,-0.12800000607967377,0.21400000154972076,3,9
imu,1776824836.315045,1241551257000,-0.16546237468719482,-0.09679191559553146,-9.615629196166992,-0.021887825801968575,0.040912240743637085,-0.04250270128250122,40.421937899999996,-86.9035632,201.447,0.2070000022649765,-0.12800000607967377,0.21400000154972076,3,9
imu,1776824836.324761,1241561256000,-0.23151305317878723,-0.12799249589443207,-9.640644073486328,-0.005184243433177471,0.02017667330801487,-0.011011291295289993,40.421937899999996,-86.9035632,201.447,0.2070000022649765,-0.12800000607967377,0.21400000154972076,3,9
imu,1776824836.3346634,1241571257000,-0.2927324175834656,-0.16401062905788422,-9.693073272705078,0.016901429742574692,0.009332691319286823,0.01917979121208191,40.421937899999996,-86.9035632,201.447,0.2070000022649765,-0.12800000607967377,0.21400000154972076,3,9
imu,1776824836.3444133,1241581257000,-0.3832918405532837,-0.3197764754295349,-9.621670722961426,0.024545099586248398,-0.007674867287278175,0.04461803287267685,40.421937899999996,-86.9035632,201.447,0.2070000022649765,-0.12800000607967377,0.21400000154972076,3,9
imu,1776824836.354295,1241591257000,-0.38036075234413147,-0.35495492815971375,-9.63790225982666,0.02788659743964672,-0.016611043363809586,0.05287477374076843,40.421937899999996,-86.9035632,201.447,0.2070000022649765,-0.12800000607967377,0.21400000154972076,3,9
imu,1776824836.3640785,1241601257000,-0.3527616858482361,-0.4258553385734558,-9.635934829711914,0.04908503592014313,-0.024079980328679085,0.06555266678333282,40.421937899999996,-86.9035632,201.447,0.2070000022649765,-0.12800000607967377,0.21400000154972076,3,9
imu,1776824836.3750932,1241611257000,-0.3667139708995819,-0.511398196220398,-9.594457626342773,0.050198737531900406,-0.026267990469932556,0.07709364593029022,40.421937899999996,-86.9035632,201.447,0.2070000022649765,-0.12800000607967377,0.21400000154972076,3,9
imu,1776824836.3838577,1241621257000,-0.45188677310943604,-0.6116921305656433,-9.489296913146973,0.02987714856863022,-0.03800506144762039,0.07657848298549652,40.421937899999996,-86.9035632,201.447,0.2070000022649765,-0.12800000607967377,0.21400000154972076,3,9
imu,1776824836.3939257,1241631257000,-0.46371990442276,-0.7451657056808472,-9.491151809692383,0.006866584066301584,-0.0566742978990078,0.05908608436584473,40.421937899999996,-86.9035632,201.447,0.2070000022649765,-0.12800000607967377,0.21400000154972076,3,9
imu,1776824836.4047499,1241641257000,-0.41684144735336304,-0.6664571762084961,-9.55044937133789,-0.02744068205356598,-0.07496162503957748,0.040726516395807266,40.421937899999996,-86.9035632,201.447,0.2070000022649765,-0.12800000607967377,0.21400000154972076,3,9
imu,1776824836.4144557,1241651257000,-0.4260280728340149,-0.4939773380756378,-9.597393989562988,-0.06283203512430191,-0.06951788067817688,0.031117524951696396,40.421937899999996,-86.9035632,201.447,0.2070000022649765,-0.12800000607967377,0.21400000154972076,3,9
imu,1776824836.4237378,1241661257000,-0.3593637943267822,-0.40346893668174744,-9.628294944763184,-0.09368080645799637,-0.07619448006153107,0.028635498136281967,40.421937899999996,-86.9035632,201.447,0.2070000022649765,-0.12800000607967377,0.21400000154972076,3,9
imu,1776824836.433626,1241671257000,-0.31151530146598816,-0.3670180141925812,-9.697325706481934,-0.10954546928405762,-0.051539964973926544,0.025986580178141594,40.421937899999996,-86.9035632,201.447,0.2070000022649765,-0.12800000607967377,0.21400000154972076,3,9
imu,1776824836.4440498,1241681257000,-0.27972254157066345,-0.20357966423034668,-9.490120887756348,-0.10780321806669235,-0.09878169000148773,0.015387648716568947,40.421937899999996,-86.9035632,201.447,0.2070000022649765,-0.12800000607967377,0.21400000154972076,3,9
imu,1776824836.4537487,1241691257000,-0.1653510183095932,-0.2016187608242035,-9.543925285339355,-0.04964017868041992,-0.14666493237018585,0.059881940484046936,40.421937899999996,-86.9035632,201.447,0.2070000022649765,-0.12800000607967377,0.21400000154972076,3,9
imu,1776824836.4635284,1241701257000,-0.25197550654411316,-0.3475991189479828,-9.692517280578613,-0.0051932861097157,-0.12849707901477814,0.09564996510744095,40.421937899999996,-86.9035632,201.447,0.2070000022649765,-0.12800000607967377,0.21400000154972076,3,9
imu,1776824836.473493,1241711257000,-0.3330431282520294,-0.610950231552124,-9.679195404052734,0.024486852809786797,-0.1329077035188675,0.1281004250049591,40.421937899999996,-86.9035632,201.447,0.2070000022649765,-0.12800000607967377,0.21400000154972076,3,9
imu,1776824836.4833043,1241721257000,-0.3109196424484253,-1.0761092901229858,-9.940533638000488,0.05289934203028679,-0.07256053388118744,0.08635085076093674,40.421937899999996,-86.9035632,201.447,0.2070000022649765,-0.12800000607967377,0.21400000154972076,3,9
imu,1776824836.493018,1241731257000,-0.28795650601387024,-0.9154673218727112,-9.643261909484863,0.03253393992781639,-0.05486506596207619,0.038723234087228775,40.421937899999996,-86.9035632,201.447,0.2070000022649765,-0.12800000607967377,0.21400000154972076,3,9
imu,1776824836.5028188,1241741257000,-0.28755834698677063,-0.76390141248703,-9.72597599029541,-0.014764305204153061,-0.07449138909578323,0.08052196353673935,40.421937899999996,-86.9035632,201.447,0.2070000022649765,-0.12800000607967377,0.21400000154972076,3,9
imu,1776824836.5127685,1241751257000,-0.21600325405597687,-0.892488956451416,-9.856607437133789,-0.050245530903339386,-0.12359560281038284,0.015476841479539871,40.421937899999996,-86.9035632,201.447,0.2070000022649765,-0.12800000607967377,0.21400000154972076,3,9
imu,1776824836.5235076,1241761257000,-0.05806907266378403,-0.9584705233573914,-9.988873481750488,-0.016996778547763824,-0.1129656732082367,-0.011401651427149773,40.421937899999996,-86.9035632,201.447,0.2070000022649765,-0.12800000607967377,0.21400000154972076,3,9
imu,1776824836.5333853,1241771257000,-0.19117750227451324,-0.47493186593055725,-10.172451972961426,-0.021964579820632935,-0.1253962367773056,0.03240783140063286,40.421937899999996,-86.9035632,201.447,0.2070000022649765,-0.12800000607967377,0.21400000154972076,3,9
imu,1776824836.5431702,1241781257000,-0.09678836911916733,-0.8319963812828064,-10.224188804626465,0.01767723448574543,-0.09595733135938644,0.04228818416595459,40.421937899999996,-86.9035632,201.447,0.2070000022649765,-0.12800000607967377,0.21400000154972076,3,9
imu,1776824836.5531797,1241791257000,-0.23859816789627075,-0.819023609161377,-10.178181648254395,0.02112261950969696,-0.0694156289100647,0.028297599405050278,40.421937899999996,-86.9035632,201.447,0.2070000022649765,-0.12800000607967377,0.21400000154972076,3,9
imu,1776824836.5630069,1241801257000,-0.19000943005084991,-0.8919764757156372,-10.09095287322998,0.03021947108209133,-0.028557538986206055,0.03396746516227722,40.421937899999996,-86.9035632,201.447,0.2070000022649765,-0.12800000607967377,0.21400000154972076,3,9
imu,1776824836.5727684,1241811257000,-0.21206551790237427,-0.9061253070831299,-10.134860038757324,0.0106680728495121,0.0006024001631885767,0.02387993596494198,40.421937899999996,-86.9035632,201.447,0.2070000022649765,-0.12800000607967377,0.21400000154972076,3,9
imu,1776824836.5824072,1241821257000,-0.22583989799022675,-0.997134804725647,-10.124382972717285,-0.025685597211122513,0.032696399837732315,-0.010708373039960861,40.421937899999996,-86.9035632,201.447,0.2070000022649765,-0.12800000607967377,0.21400000154972076,3,9
imu,1776824836.5922668,1241831256000,-0.09031274169683456,-0.9146016836166382,-10.133136749267578,-0.06321088969707489,0.10325857251882553,-0.05354677140712738,40.421937899999996,-86.9035632,201.447,0.2070000022649765,-0.12800000607967377,0.21400000154972076,3,9
imu,1776824836.6022887,1241841257000,-0.08345388621091843,-0.5773338675498962,-9.769658088684082,-0.09970532357692719,0.07477140426635742,-0.10040648281574249,40.421937899999996,-86.9035632,201.447,0.2070000022649765,-0.12800000607967377,0.21400000154972076,3,9
imu,1776824836.6119382,1241851257000,-0.02595440484583378,-0.3132791519165039,-9.740030288696289,-0.07523912191390991,0.017252452671527863,-0.0324576236307621,40.421937899999996,-86.9035632,201.447,0.2070000022649765,-0.12800000607967377,0.21400000154972076,3,9
imu,1776824836.62186,1241861257000,0.15557266771793365,-0.6353746652603149,-9.75200366973877,-0.056348126381635666,-0.07233861833810806,-0.04153231903910637,40.421937899999996,-86.9035632,201.447,0.2070000022649765,-0.12800000607967377,0.21400000154972076,3,9
imu,1776824836.6316917,1241871257000,-0.009734444320201874,-0.3644534945487976,-10.259232521057129,0.007856111973524094,-0.019069381058216095,0.007334655150771141,40.421937899999996,-86.9035632,201.447,0.2070000022649765,-0.12800000607967377,0.21400000154972076,3,9
imu,1776824836.6426525,1241881257000,0.0076443953439593315,-0.7116134762763977,-10.029403686523438,0.05363791808485985,0.03595332056283951,0.05126282572746277,40.421937899999996,-86.9035632,201.447,0.2070000022649765,-0.12800000607967377,0.21400000154972076,3,9
imu,1776824836.6515262,1241891257000,-0.08126245439052582,-0.9138586521148682,-9.790851593017578,0.07130166888237,0.05838583782315254,0.05954723805189133,40.421937899999996,-86.9035632,201.447,0.2070000022649765,-0.12800000607967377,0.21400000154972076,3,9
imu,1776824836.6624353,1241901257000,-0.06045042723417282,-0.8834183216094971,-9.667641639709473,0.054713305085897446,0.0538838729262352,0.05035318434238434,40.421937899999996,-86.9035632,201.447,0.2070000022649765,-0.12800000607967377,0.21400000154972076,3,9
imu,1776824836.6720965,1241911257000,-0.09228245168924332,-0.9612177610397339,-9.771774291992188,0.05479497089982033,0.05072377994656563,0.04987654089927673,40.421937899999996,-86.9035632,201.447,0.2070000022649765,-0.12800000607967377,0.21400000154972076,3,9
imu,1776824836.6820705,1241921257000,-0.10692163556814194,-1.1631115674972534,-9.746042251586914,0.038816772401332855,0.05539274588227272,0.024575984105467796,40.421937899999996,-86.9035632,201.447,0.2070000022649765,-0.12800000607967377,0.21400000154972076,3,9
imu,1776824836.6918788,1241931257000,-0.1382470726966858,-1.2029227018356323,-9.655491828918457,0.04840816929936409,0.0439341776072979,0.0030222758650779724,40.421937899999996,-86.9035632,201.447,0.2070000022649765,-0.12800000607967377,0.21400000154972076,3,9
imu,1776824836.7026584,1241941257000,-0.13782738149166107,-1.2832529544830322,-9.68164348602295,0.060563549399375916,0.02556997910141945,-0.023324312642216682,40.421937899999996,-86.9035632,201.447,0.2070000022649765,-0.12800000607967377,0.21400000154972076,3,9
imu,1776824836.7114322,1241951257000,-0.18779128789901733,-1.291078805923462,-9.6860933303833,0.07334812730550766,0.02190261334180832,-0.037059977650642395,40.421937899999996,-86.9035632,201.447,0.2070000022649765,-0.12800000607967377,0.21400000154972076,3,9
imu,1776824836.72123,1241961257000,-0.23356370627880096,-1.5403486490249634,-9.775813102722168,0.05149194598197937,0.043009620159864426,-0.044781219214200974,40.421937899999996,-86.9035632,201.447,0.2070000022649765,-0.12800000607967377,0.21400000154972076,3,9
imu,1776824836.7311006,1241971257000,-0.3671359121799469,-1.9017640352249146,-9.729632377624512,0.043858930468559265,0.06398128718137741,-0.07774835079908371,40.421937899999996,-86.9035632,201.447,0.2070000022649765,-0.12800000607967377,0.21400000154972076,3,9
imu,1776824836.7421253,1241981257000,-0.3903619050979614,-2.185797929763794,-9.895356178283691,0.0366726778447628,0.06546078622341156,-0.132729634642601,40.421937899999996,-86.9035632,201.447,0.2070000022649765,-0.12800000607967377,0.21400000154972076,3,9
imu,1776824836.7509472,1241991257000,-0.4531565010547638,-2.4289190769195557,-9.978157997131348,0.042960815131664276,0.09603915363550186,-0.19481027126312256,40.421937899999996,-86.9035632,201.447,0.2070000022649765,-0.12800000607967377,0.21400000154972076,3,9
imu,1776824836.7610445,1242001257000,-0.5104608535766602,-2.674798011779785,-10.12978744506836,0.026038456708192825,0.13455818593502045,-0.25265026092529297,40.421937899999996,-86.9035632,201.447,0.2070000022649765,-0.12800000607967377,0.21400000154972076,3,9
imu,1776824836.7729788,1242011257000,-0.5796109437942505,-2.9709479808807373,-10.237065315246582,-0.019606266170740128,0.1602715700864792,-0.3531637191772461,40.4219387,-86.9035629,201.264,-0.0820000022649765,0.09399999678134918,-0.10499999672174454,3,9
imu,1776824836.7816262,1242021257000,-0.5897018313407898,-3.132383108139038,-10.549941062927246,-0.014347899705171585,0.20617221295833588,-0.45668908953666687,40.4219387,-86.9035629,201.264,-0.0820000022649765,0.09399999678134918,-0.10499999672174454,3,9
imu,1776824836.7912807,1242031257000,-0.5856844186782837,-3.2527952194213867,-10.724145889282227,0.031123220920562744,0.28774410486221313,-0.5532078742980957,40.4219387,-86.9035629,201.264,-0.0820000022649765,0.09399999678134918,-0.10499999672174454,3,9
imu,1776824836.8009794,1242041257000,-0.8084580898284912,-3.2025396823883057,-10.682760238647461,0.05545534938573837,0.35933515429496765,-0.6410842537879944,40.4219387,-86.9035629,201.264,-0.0820000022649765,0.09399999678134918,-0.10499999672174454,3,9
imu,1776824836.8117857,1242051257000,-0.7696051001548767,-3.6430063247680664,-10.351967811584473,0.11952035129070282,0.41778719425201416,-0.7359650135040283,40.4219387,-86.9035629,201.264,-0.0820000022649765,0.09399999678134918,-0.10499999672174454,3,9
imu,1776824836.821628,1242061257000,-0.9463090896606445,-3.680314540863037,-10.350852966308594,0.1587052047252655,0.4312250316143036,-0.8818789720535278,40.4219387,-86.9035629,201.264,-0.0820000022649765,0.09399999678134918,-0.10499999672174454,3,9
imu,1776824836.8313675,1242071257000,-0.9783594608306885,-4.073404788970947,-10.090249061584473,0.19415925443172455,0.47481897473335266,-1.0269157886505127,40.4219387,-86.9035629,201.264,-0.0820000022649765,0.09399999678134918,-0.10499999672174454,3,9
imu,1776824836.8412147,1242081257000,-1.1521258354187012,-4.018444061279297,-10.065157890319824,0.20271100103855133,0.53058260679245,-1.2001186609268188,40.4219387,-86.9035629,201.264,-0.0820000022649765,0.09399999678134918,-0.10499999672174454,3,9
imu,1776824836.850915,1242091257000,-1.1029809713363647,-4.102290153503418,-9.940086364746094,0.2436133772134781,0.6092483997344971,-1.4193178415298462,40.4219387,-86.9035629,201.264,-0.0820000022649765,0.09399999678134918,-0.10499999672174454,3,9
imu,1776824836.8605988,1242101257000,-1.1992096900939941,-3.9493937492370605,-9.947108268737793,0.19625647366046906,0.6729844212532043,-1.6298002004623413,40.4219387,-86.9035629,201.264,-0.0820000022649765,0.09399999678134918,-0.10499999672174454,3,9
imu,1776824836.8703203,1242111257000,-1.2346488237380981,-3.84879469871521,-9.959810256958008,0.15853098034858704,0.7438884377479553,-1.9607971906661987,40.4219387,-86.9035629,201.264,-0.0820000022649765,0.09399999678134918,-0.10499999672174454,3,9
imu,1776824836.880265,1242121257000,-1.2011181116104126,-2.8227953910827637,-9.551998138427734,0.08711220324039459,0.739143431186676,-2.1201465129852295,40.4219387,-86.9035629,201.264,-0.0820000022649765,0.09399999678134918,-0.10499999672174454,3,9
imu,1776824836.8910115,1242131257000,-0.9917265176773071,-2.2933120727539062,-9.63158893585205,0.05580773204565048,0.7385435700416565,-2.2948060035705566,40.4219387,-86.9035629,201.264,-0.0820000022649765,0.09399999678134918,-0.10499999672174454,3,9
imu,1776824836.900709,1242141257000,-0.7442634701728821,-1.4008607864379883,-9.597854614257812,-0.04529936611652374,0.7456050515174866,-2.3965680599212646,40.4219387,-86.9035629,201.264,-0.0820000022649765,0.09399999678134918,-0.10499999672174454,3,9
imu,1776824836.9104223,1242151257000,-0.6245178580284119,-0.659598171710968,-9.457401275634766,-0.11483243852853775,0.7189614772796631,-2.4385673999786377,40.4219387,-86.9035629,201.264,-0.0820000022649765,0.09399999678134918,-0.10499999672174454,3,9
imu,1776824836.9201398,1242161257000,-0.5529518127441406,-0.22795362770557404,-9.289772033691406,-0.09687131643295288,0.6887558698654175,-2.4331843852996826,40.4219387,-86.9035629,201.264,-0.0820000022649765,0.09399999678134918,-0.10499999672174454,3,9
imu,1776824836.9300885,1242171257000,-0.5717408061027527,-0.15195533633232117,-9.058305740356445,-0.121719129383564,0.6258244514465332,-2.4269425868988037,40.4219387,-86.9035629,201.264,-0.0820000022649765,0.09399999678134918,-0.10499999672174454,3,9
imu,1776824836.939914,1242181257000,-0.5574039816856384,-0.1871689260005951,-8.940754890441895,-0.04739733412861824,0.4995362460613251,-2.4115817546844482,40.4219387,-86.9035629,201.264,-0.0820000022649765,0.09399999678134918,-0.10499999672174454,3,9
imu,1776824836.9496124,1242191257000,-0.3061058819293976,-0.36363399028778076,-9.194121360778809,-0.007218881975859404,0.3741190433502197,-2.403818368911743,40.4219387,-86.9035629,201.264,-0.0820000022649765,0.09399999678134918,-0.10499999672174454,3,9
imu,1776824836.9605377,1242201257000,-0.09964954853057861,-0.07395313680171967,-9.341334342956543,0.053433142602443695,0.3055914640426636,-2.3790438175201416,40.4219387,-86.9035629,201.264,-0.0820000022649765,0.09399999678134918,-0.10499999672174454,3,9
imu,1776824836.9700167,1242211257000,-0.062465596944093704,0.18670839071273804,-9.558588981628418,0.10146848857402802,0.25035250186920166,-2.3032538890838623,40.4219387,-86.9035629,201.264,-0.0820000022649765,0.09399999678134918,-0.10499999672174454,3,9
imu,1776824836.9799123,1242221257000,0.27100273966789246,0.39138853549957275,-9.472216606140137,0.072438545525074,0.2022056132555008,-2.23180890083313,40.4219387,-86.9035629,201.264,-0.0820000022649765,0.09399999678134918,-0.10499999672174454,3,9
imu,1776824836.9895504,1242231257000,0.30441057682037354,0.9234408736228943,-9.300104141235352,-0.011821072548627853,0.12894000113010406,-2.1110947132110596,40.4219387,-86.9035629,201.264,-0.0820000022649765,0.09399999678134918,-0.10499999672174454,3,9
imu,1776824836.9994369,1242241257000,0.46393704414367676,0.837554395198822,-9.438592910766602,-0.04380040988326073,0.0749613344669342,-2.0005435943603516,40.4219387,-86.9035629,201.264,-0.0820000022649765,0.09399999678134918,-0.10499999672174454,3,9
imu,1776824837.0093446,1242251257000,0.6808009743690491,1.015889286994934,-9.483792304992676,-0.057179175317287445,0.012439565733075142,-1.8929035663604736,40.4219387,-86.9035629,201.264,-0.0820000022649765,0.09399999678134918,-0.10499999672174454,3,9
imu,1776824837.0191534,1242261257000,0.7661814093589783,1.2619138956069946,-9.514551162719727,-0.12065566331148148,-0.047350235283374786,-1.7508944272994995,40.4219387,-86.9035629,201.264,-0.0820000022649765,0.09399999678134918,-0.10499999672174454,3,9
imu,1776824837.0290816,1242271257000,0.8611834645271301,1.1008070707321167,-9.807071685791016,-0.19784101843833923,-0.06421343237161636,-1.643495798110962,40.4219387,-86.9035629,201.264,-0.0820000022649765,0.09399999678134918,-0.10499999672174454,3,9
imu,1776824837.039093,1242281257000,1.0263434648513794,1.2316651344299316,-9.786818504333496,-0.269898921251297,-0.04904092475771904,-1.566327452659607,40.4219387,-86.9035629,201.264,-0.0820000022649765,0.09399999678134918,-0.10499999672174454,3,9
imu,1776824837.048801,1242291257000,1.1353613138198853,1.6782660484313965,-9.490156173706055,-0.26233723759651184,-0.056271832436323166,-1.4067789316177368,40.4219387,-86.9035629,201.264,-0.0820000022649765,0.09399999678134918,-0.10499999672174454,3,9
imu,1776824837.0602536,1242301257000,1.0003557205200195,1.4882420301437378,-9.579395294189453,-0.1782066822052002,-0.09637078642845154,-1.1828604936599731,40.4219387,-86.9035629,201.264,-0.0820000022649765,0.09399999678134918,-0.10499999672174454,3,9
imu,1776824837.0690396,1242311257000,1.1515400409698486,1.0139905214309692,-9.609931945800781,-0.07772072404623032,-0.09991384297609329,-1.0073577165603638,40.4219387,-86.9035629,201.264,-0.0820000022649765,0.09399999678134918,-0.10499999672174454,3,9
imu,1776824837.0788434,1242321257000,1.2200995683670044,0.5181586742401123,-9.662074089050293,-0.025214316323399544,-0.16203634440898895,-0.8813061714172363,40.4219387,-86.9035629,201.264,-0.0820000022649765,0.09399999678134918,-0.10499999672174454,3,9
imu,1776824837.0884545,1242331257000,1.07631254196167,0.014603866264224052,-9.823201179504395,-0.029472041875123978,-0.24413487315177917,-0.8000295758247375,40.4219387,-86.9035629,201.264,-0.0820000022649765,0.09399999678134918,-0.10499999672174454,3,9
imu,1776824837.098327,1242341257000,1.1018296480178833,-0.5013443231582642,-10.203587532043457,-0.013548744842410088,-0.2784450650215149,-0.7886502742767334,40.4219387,-86.9035629,201.264,-0.0820000022649765,0.09399999678134918,-0.10499999672174454,3,9
imu,1776824837.1080165,1242351257000,1.127952218055725,-0.43568694591522217,-10.187027931213379,0.03300788998603821,-0.21650874614715576,-0.7820902466773987,40.4219387,-86.9035629,201.264,-0.0820000022649765,0.09399999678134918,-0.10499999672174454,3,9
imu,1776824837.1178808,1242361257000,1.1542326211929321,-0.2036716639995575,-10.2244234085083,0.03530283644795418,-0.1706397533416748,-0.8040085434913635,40.4219387,-86.9035629,201.264,-0.0820000022649765,0.09399999678134918,-0.10499999672174454,3,9
imu,1776824837.1288517,1242371257000,1.2519570589065552,0.3033492863178253,-10.124115943908691,0.025645539164543152,-0.11079594492912292,-0.7716161012649536,40.4219387,-86.9035629,201.264,-0.0820000022649765,0.09399999678134918,-0.10499999672174454,3,9
imu,1776824837.1384096,1242381257000,1.2465029954910278,0.4697116017341614,-10.157455444335938,0.0014264271594583988,-0.10319308936595917,-0.6958948969841003,40.4219387,-86.9035629,201.264,-0.0820000022649765,0.09399999678134918,-0.10499999672174454,3,9
imu,1776824837.148204,1242391257000,1.1703664064407349,0.3417418599128723,-10.24148178100586,0.05532342940568924,-0.06574903428554535,-0.6319790482521057,40.4219387,-86.9035629,201.264,-0.0820000022649765,0.09399999678134918,-0.10499999672174454,3,9
imu,1776824837.1579833,1242401257000,1.040096640586853,-0.09069424867630005,-10.188032150268555,0.1694597452878952,-0.09149341285228729,-0.5868361592292786,40.4219387,-86.9035629,201.264,-0.0820000022649765,0.09399999678134918,-0.10499999672174454,3,9
imu,1776824837.1677651,1242411257000,1.0393450260162354,-0.47998321056365967,-10.223785400390625,0.14024126529693604,-0.1219179704785347,-0.5991876721382141,40.4219387,-86.9035629,201.264,-0.0820000022649765,0.09399999678134918,-0.10499999672174454,3,9
imu,1776824837.177595,1242421257000,0.7928123474121094,-0.7448431253433228,-10.223641395568848,0.13717521727085114,-0.08271948993206024,-0.6193023920059204,40.4219387,-86.9035629,201.264,-0.0820000022649765,0.09399999678134918,-0.10499999672174454,3,9
imu,1776824837.1873477,1242431257000,0.5417152047157288,-1.0639179944992065,-10.132040023803711,0.159572035074234,-0.04559909552335739,-0.675136387348175,40.4219387,-86.9035629,201.264,-0.0820000022649765,0.09399999678134918,-0.10499999672174454,3,9
imu,1776824837.1970296,1242441257000,0.34676942229270935,-1.2575210332870483,-9.911800384521484,0.16040433943271637,-0.01975465565919876,-0.7277945876121521,40.4219387,-86.9035629,201.264,-0.0820000022649765,0.09399999678134918,-0.10499999672174454,3,9
imu,1776824837.2077954,1242451256000,0.14156614243984222,-1.6760481595993042,-9.654194831848145,0.14342334866523743,-0.045161135494709015,-0.8191909193992615,40.4219387,-86.9035629,201.264,-0.0820000022649765,0.09399999678134918,-0.10499999672174454,3,9
imu,1776824837.2177691,1242461257000,0.0790458619594574,-1.680600881576538,-9.85595703125,0.1483825296163559,-0.0896858423948288,-0.9483063817024231,40.4219387,-86.9035629,201.264,-0.0820000022649765,0.09399999678134918,-0.10499999672174454,3,9
imu,1776824837.2272582,1242471257000,0.11385621130466461,-1.7315007448196411,-10.008913040161133,0.14683592319488525,-0.06405719369649887,-1.062542200088501,40.4219387,-86.9035629,201.264,-0.0820000022649765,0.09399999678134918,-0.10499999672174454,3,9
imu,1776824837.2371318,1242481257000,0.0937313437461853,-1.8545655012130737,-10.180721282958984,0.14287179708480835,-0.013413437642157078,-1.183080792427063,40.4219387,-86.9035629,201.264,-0.0820000022649765,0.09399999678134918,-0.10499999672174454,3,9
imu,1776824837.2468476,1242491257000,0.02990068681538105,-1.8594170808792114,-10.178683280944824,0.15812358260154724,0.051675885915756226,-1.3123749494552612,40.4219387,-86.9035629,201.264,-0.0820000022649765,0.09399999678134918,-0.10499999672174454,3,9
imu,1776824837.2566478,1242501257000,-0.22474314272403717,-1.8220447301864624,-9.854004859924316,0.19973410665988922,0.15136247873306274,-1.4065706729888916,40.4219387,-86.9035629,201.264,-0.0820000022649765,0.09399999678134918,-0.10499999672174454,3,9
imu,1776824837.2673383,1242511257000,-0.40696054697036743,-1.9626423120498657,-9.319064140319824,0.18107059597969055,0.13755328953266144,-1.5408604145050049,40.4219404,-86.9035626,201.012,0.22599999606609344,0.11699999868869781,-0.05000000074505806,3,9
imu,1776824837.277104,1242521257000,-0.5700952410697937,-1.948969841003418,-9.124420166015625,0.16122089326381683,0.07033313065767288,-1.7308748960494995,40.4219404,-86.9035626,201.012,0.22599999606609344,0.11699999868869781,-0.05000000074505806,3,9
imu,1776824837.2866998,1242531257000,-0.41958504915237427,-1.669793725013733,-9.427163124084473,0.1090940311551094,0.05670349672436714,-1.9307407140731812,40.4219404,-86.9035626,201.012,0.22599999606609344,0.11699999868869781,-0.05000000074505806,3,9
imu,1776824837.2965183,1242541257000,-0.27767887711524963,-0.8882923722267151,-9.519165992736816,0.08926229178905487,0.09153507649898529,-2.078691244125366,40.4219404,-86.9035626,201.012,0.22599999606609344,0.11699999868869781,-0.05000000074505806,3,9
imu,1776824837.3064346,1242551257000,-0.2138868123292923,-0.32173433899879456,-9.442397117614746,0.0885874330997467,0.08483096212148666,-2.164332151412964,40.4219404,-86.9035626,201.012,0.22599999606609344,0.11699999868869781,-0.05000000074505806,3,9
imu,1776824837.3160489,1242561257000,0.02488275244832039,0.4611591398715973,-9.447283744812012,0.08476079255342484,0.0640067383646965,-2.1916234493255615,40.4219404,-86.9035626,201.012,0.22599999606609344,0.11699999868869781,-0.05000000074505806,3,9
imu,1776824837.3257937,1242571257000,0.3357745409011841,1.1079456806182861,-9.680602073669434,0.10096581280231476,0.07647552341222763,-2.1523239612579346,40.4219404,-86.9035626,201.012,0.22599999606609344,0.11699999868869781,-0.05000000074505806,3,9
imu,1776824837.336621,1242581257000,0.3558354675769806,1.026322364807129,-9.735252380371094,0.12423436343669891,0.08958815783262253,-2.0890119075775146,40.4219404,-86.9035626,201.012,0.22599999606609344,0.11699999868869781,-0.05000000074505806,3,9
imu,1776824837.3463473,1242591257000,0.36365965008735657,0.7177895903587341,-9.884955406188965,0.10728570818901062,0.1347157210111618,-2.076425075531006,40.4219404,-86.9035626,201.012,0.22599999606609344,0.11699999868869781,-0.05000000074505806,3,9
imu,1776824837.3564117,1242601257000,0.3265860080718994,0.6931483149528503,-9.784567832946777,0.07093410938978195,0.21953734755516052,-2.061574935913086,40.4219404,-86.9035626,201.012,0.22599999606609344,0.11699999868869781,-0.05000000074505806,3,9
imu,1776824837.366424,1242611257000,0.3379422426223755,0.6120813488960266,-9.544384956359863,0.057231929153203964,0.23984095454216003,-2.0794904232025146,40.4219404,-86.9035626,201.012,0.22599999606609344,0.11699999868869781,-0.05000000074505806,3,9
imu,1776824837.376794,1242621257000,0.29255616664886475,0.5530313849449158,-9.54715633392334,0.020885655656456947,0.2416464388370514,-2.1085009574890137,40.4219404,-86.9035626,201.012,0.22599999606609344,0.11699999868869781,-0.05000000074505806,3,9
imu,1776824837.3861408,1242631257000,0.3412564992904663,0.5599585175514221,-9.548174858093262,0.034755680710077286,0.24182642996311188,-2.167057514190674,40.4219404,-86.9035626,201.012,0.22599999606609344,0.11699999868869781,-0.05000000074505806,3,9
imu,1776824837.3959317,1242641257000,0.4028717577457428,0.6838924288749695,-9.474370956420898,0.07045814394950867,0.23722697794437408,-2.180354118347168,40.4219404,-86.9035626,201.012,0.22599999606609344,0.11699999868869781,-0.05000000074505806,3,9
imu,1776824837.405932,1242651257000,0.44561752676963806,0.7032022476196289,-9.512770652770996,0.07071661204099655,0.18780361115932465,-2.17460298538208,40.4219404,-86.9035626,201.012,0.22599999606609344,0.11699999868869781,-0.05000000074505806,3,9
imu,1776824837.415676,1242661257000,0.4114101529121399,0.827327311038971,-9.565563201904297,0.0870288535952568,0.20291346311569214,-2.178391695022583,40.4219404,-86.9035626,201.012,0.22599999606609344,0.11699999868869781,-0.05000000074505806,3,9
imu,1776824837.4252405,1242671257000,0.5840399265289307,1.2261930704116821,-9.32419204711914,0.12517403066158295,0.17844738066196442,-2.171757936477661,40.4219404,-86.9035626,201.012,0.22599999606609344,0.11699999868869781,-0.05000000074505806,3,9
imu,1776824837.4349556,1242681257000,0.8255242705345154,1.3649243116378784,-9.338663101196289,0.016272112727165222,0.11491979658603668,-2.1376917362213135,40.4219404,-86.9035626,201.012,0.22599999606609344,0.11699999868869781,-0.05000000074505806,3,9
imu,1776824837.4447763,1242691257000,0.9949831962585449,1.2462897300720215,-9.529085159301758,-0.041498761624097824,0.045882757753133774,-2.1285572052001953,40.4219404,-86.9035626,201.012,0.22599999606609344,0.11699999868869781,-0.05000000074505806,3,9
imu,1776824837.4545472,1242701257000,1.0959211587905884,0.746842086315155,-10.074220657348633,0.06231123208999634,0.10368330031633377,-2.144808292388916,40.4219404,-86.9035626,201.012,0.22599999606609344,0.11699999868869781,-0.05000000074505806,3,9
imu,1776824837.4652164,1242711257000,0.6873347163200378,1.4813443422317505,-9.855293273925781,-0.01986675336956978,0.1818784922361374,-2.0574400424957275,40.4219404,-86.9035626,201.012,0.22599999606609344,0.11699999868869781,-0.05000000074505806,3,9
imu,1776824837.4749534,1242721257000,0.9053645133972168,1.0371414422988892,-9.764493942260742,0.008545150980353355,0.23081110417842865,-1.9920415878295898,40.4219404,-86.9035626,201.012,0.22599999606609344,0.11699999868869781,-0.05000000074505806,3,9
imu,1776824837.4847414,1242731257000,0.973925769329071,0.6925340294837952,-9.82888412475586,0.055420972406864166,0.17993029952049255,-1.9762792587280273,40.4219404,-86.9035626,201.012,0.22599999606609344,0.11699999868869781,-0.05000000074505806,3,9
imu,1776824837.494433,1242741257000,0.877812922000885,1.327991247177124,-10.000837326049805,0.11802757531404495,0.1574244201183319,-1.8468958139419556,40.4219404,-86.9035626,201.012,0.22599999606609344,0.11699999868869781,-0.05000000074505806,3,9
imu,1776824837.504194,1242751257000,0.9689533710479736,0.7225343585014343,-10.269423484802246,0.15275518596172333,0.25979557633399963,-1.8625041246414185,40.4219404,-86.9035626,201.012,0.22599999606609344,0.11699999868869781,-0.05000000074505806,3,9
imu,1776824837.51404,1242761257000,0.9561013579368591,0.1976204216480255,-9.93198299407959,0.0718289390206337,0.3440921902656555,-1.9553827047348022,40.4219404,-86.9035626,201.012,0.22599999606609344,0.11699999868869781,-0.05000000074505806,3,9
imu,1776824837.5238662,1242771257000,0.6414623260498047,0.52253657579422,-10.100051879882812,0.05220429599285126,0.453499972820282,-1.986945629119873,40.4219404,-86.9035626,201.012,0.22599999606609344,0.11699999868869781,-0.05000000074505806,3,9
imu,1776824837.5346432,1242781257000,0.9510921239852905,-0.2548009753227234,-9.932172775268555,0.0612049363553524,0.5270563960075378,-2.0766777992248535,40.4219404,-86.9035626,201.012,0.22599999606609344,0.11699999868869781,-0.05000000074505806,3,9
imu,1776824837.5443103,1242791257000,0.9115250110626221,0.9729594588279724,-9.498920440673828,0.14978672564029694,0.47624966502189636,-2.2172579765319824,40.4219404,-86.9035626,201.012,0.22599999606609344,0.11699999868869781,-0.05000000074505806,3,9
imu,1776824837.5540164,1242801257000,1.154719591140747,0.7053048014640808,-10.02653694152832,0.14743128418922424,0.5386558175086975,-2.1162829399108887,40.4219404,-86.9035626,201.012,0.22599999606609344,0.11699999868869781,-0.05000000074505806,3,9
imu,1776824837.5639346,1242811257000,0.9935469031333923,1.9441335201263428,-8.919340133666992,0.09715428948402405,0.411190390586853,-2.0494136810302734,40.4219404,-86.9035626,201.012,0.22599999606609344,0.11699999868869781,-0.05000000074505806,3,9
imu,1776824837.5735855,1242821257000,1.6604291200637817,1.850609540939331,-9.042520523071289,0.042086731642484665,0.2149452418088913,-1.7533419132232666,40.4219404,-86.9035626,201.012,0.22599999606609344,0.11699999868869781,-0.05000000074505806,3,9
imu,1776824837.583401,1242831257000,1.331386923789978,1.5586849451065063,-9.214350700378418,-0.048081185668706894,0.08910161256790161,-1.5806254148483276,40.4219404,-86.9035626,201.012,0.22599999606609344,0.11699999868869781,-0.05000000074505806,3,9
imu,1776824837.5931149,1242841257000,1.1690855026245117,0.883780300617218,-9.519396781921387,-0.06557314097881317,0.04653257504105568,-1.5142563581466675,40.4219404,-86.9035626,201.012,0.22599999606609344,0.11699999868869781,-0.05000000074505806,3,9
imu,1776824837.602942,1242851257000,0.9541945457458496,0.29742106795310974,-9.321271896362305,-0.06367778778076172,0.05289985239505768,-1.5223760604858398,40.4219404,-86.9035626,201.012,0.22599999606609344,0.11699999868869781,-0.05000000074505806,3,9
imu,1776824837.613815,1242861257000,1.0562723875045776,-0.715146541595459,-9.120142936706543,0.09217909723520279,0.014938618056476116,-1.7689465284347534,40.4219404,-86.9035626,201.012,0.22599999606609344,0.11699999868869781,-0.05000000074505806,3,9
imu,1776824837.6236947,1242871257000,0.7550502419471741,0.6520249247550964,-9.460771560668945,-0.03676903620362282,-0.05013943463563919,-1.6413508653640747,40.4219404,-86.9035626,201.012,0.22599999606609344,0.11699999868869781,-0.05000000074505806,3,9
imu,1776824837.633316,1242881257000,1.145474910736084,0.2217869609594345,-9.866313934326172,0.04024442657828331,-0.005184192676097155,-1.6266695261001587,40.4219404,-86.9035626,201.012,0.22599999606609344,0.11699999868869781,-0.05000000074505806,3,9
imu,1776824837.6431537,1242891257000,1.394769549369812,0.4233061969280243,-9.179580688476562,0.37415194511413574,0.12157785147428513,-1.9636784791946411,40.4219404,-86.9035626,201.012,0.22599999606609344,0.11699999868869781,-0.05000000074505806,3,9
imu,1776824837.6527507,1242901257000,1.4611291885375977,0.8144315481185913,-9.655454635620117,0.0962991863489151,0.0741533413529396,-1.5619499683380127,40.4219404,-86.9035626,201.012,0.22599999606609344,0.11699999868869781,-0.05000000074505806,3,9
imu,1776824837.662548,1242911257000,0.7642114162445068,-1.2342705726623535,-10.315435409545898,0.08788520842790604,0.12306421250104904,-1.7241252660751343,40.4219404,-86.9035626,201.012,0.22599999606609344,0.11699999868869781,-0.05000000074505806,3,9
imu,1776824837.6735923,1242921257000,0.8748365640640259,2.1805567741394043,-8.557028770446777,-0.04083999991416931,-0.021359752863645554,-1.7392657995224,40.4219404,-86.9035626,201.012,0.22599999606609344,0.11699999868869781,-0.05000000074505806,3,9
imu,1776824837.682956,1242931257000,1.461849570274353,1.6372666358947754,-9.549072265625,-0.08491703122854233,0.042665716260671616,-1.5270754098892212,40.4219404,-86.9035626,201.012,0.22599999606609344,0.11699999868869781,-0.05000000074505806,3,9
imu,1776824837.692578,1242941257000,0.929021418094635,1.5272332429885864,-9.34398365020752,-0.14722193777561188,0.09716125577688217,-1.452842354774475,40.4219404,-86.9035626,201.012,0.22599999606609344,0.11699999868869781,-0.05000000074505806,3,9
imu,1776824837.702633,1242951257000,0.8585593700408936,0.65938401222229,-9.603620529174805,-0.03980677202343941,0.09425331652164459,-1.4283802509307861,40.4219404,-86.9035626,201.012,0.22599999606609344,0.11699999868869781,-0.05000000074505806,3,9
imu,1776824837.7124786,1242961257000,1.6175546646118164,0.9214021563529968,-8.427974700927734,0.301367849111557,0.06506045162677765,-1.6680718660354614,40.4219404,-86.9035626,201.012,0.22599999606609344,0.11699999868869781,-0.05000000074505806,3,9
imu,1776824837.72222,1242971257000,1.2884676456451416,1.5801541805267334,-9.640105247497559,-0.04670451581478119,-0.031176434829831123,-1.200888991355896,40.4219404,-86.9035626,201.012,0.22599999606609344,0.11699999868869781,-0.05000000074505806,3,9
imu,1776824837.732108,1242981257000,0.6884655356407166,0.6376321911811829,-9.446855545043945,0.009646736085414886,0.043334316462278366,-1.1443557739257812,40.4219404,-86.9035626,201.012,0.22599999606609344,0.11699999868869781,-0.05000000074505806,3,9
imu,1776824837.7417629,1242991257000,1.0044827461242676,0.3875008225440979,-9.379664421081543,-0.06734145432710648,0.003698940621688962,-1.1808991432189941,40.4219404,-86.9035626,201.012,0.22599999606609344,0.11699999868869781,-0.05000000074505806,3,9
imu,1776824837.7527757,1243001257000,0.9851343631744385,0.8554326295852661,-9.17093276977539,-0.029064076021313667,-0.0570906326174736,-1.169881820678711,40.4219404,-86.9035626,201.012,0.22599999606609344,0.11699999868869781,-0.05000000074505806,3,9
imu,1776824837.763672,1243011257000,0.9603422284126282,0.7399798631668091,-9.354558944702148,-0.04073252156376839,-0.10310415178537369,-1.1098581552505493,40.421941,-86.9035621,200.988,-0.15299999713897705,0.0989999994635582,-0.5210000276565552,3,9
imu,1776824837.773142,1243021257000,1.0245612859725952,0.3723953664302826,-9.569307327270508,-0.11342637240886688,-0.1130031868815422,-1.1459808349609375,40.421941,-86.9035621,200.988,-0.15299999713897705,0.0989999994635582,-0.5210000276565552,3,9
imu,1776824837.781554,1243031257000,0.9761825203895569,0.6980180144309998,-9.772089958190918,-0.12733571231365204,-0.09993015229701996,-1.1678135395050049,40.421941,-86.9035621,200.988,-0.15299999713897705,0.0989999994635582,-0.5210000276565552,3,9
imu,1776824837.7912796,1243041257000,1.0442310571670532,0.8930892944335938,-9.737325668334961,-0.12234557420015335,-0.089934341609478,-1.1625298261642456,40.421941,-86.9035621,200.988,-0.15299999713897705,0.0989999994635582,-0.5210000276565552,3,9
imu,1776824837.8010328,1243051257000,0.9936726689338684,1.1107752323150635,-9.83944034576416,-0.08657664060592651,-0.06737130135297775,-1.1320701837539673,40.421941,-86.9035621,200.988,-0.15299999713897705,0.0989999994635582,-0.5210000276565552,3,9
imu,1776824837.8118563,1243061257000,0.9953588843345642,1.446358323097229,-9.868135452270508,-0.11243855208158493,-0.04518195614218712,-1.0841997861862183,40.421941,-86.9035621,200.988,-0.15299999713897705,0.0989999994635582,-0.5210000276565552,3,9
imu,1776824837.8217149,1243071256000,0.8441769480705261,1.7086135149002075,-9.683699607849121,-0.1099536269903183,0.007895948365330696,-0.9881935119628906,40.421941,-86.9035621,200.988,-0.15299999713897705,0.0989999994635582,-0.5210000276565552,3,9
imu,1776824837.8316388,1243081257000,0.8504135012626648,1.9110726118087769,-9.431846618652344,-0.00018396880477666855,-0.03490903601050377,-0.8502241373062134,40.421941,-86.9035621,200.988,-0.15299999713897705,0.0989999994635582,-0.5210000276565552,3,9
imu,1776824837.8412108,1243091257000,0.7543270587921143,1.2280573844909668,-9.365116119384766,0.05777270346879959,-0.1440483033657074,-0.7113141417503357,40.421941,-86.9035621,200.988,-0.15299999713897705,0.0989999994635582,-0.5210000276565552,3,9
imu,1776824837.8512187,1243101257000,0.6570912003517151,0.6784613132476807,-9.466064453125,0.045064158737659454,-0.22311393916606903,-0.6790029406547546,40.421941,-86.9035621,200.988,-0.15299999713897705,0.0989999994635582,-0.5210000276565552,3,9
imu,1776824837.8614128,1243111257000,0.7311246991157532,0.36709320545196533,-9.62379264831543,0.03008146584033966,-0.25878745317459106,-0.6769911050796509,40.421941,-86.9035621,200.988,-0.15299999713897705,0.0989999994635582,-0.5210000276565552,3,9
imu,1776824837.8711457,1243121257000,0.4253450334072113,0.6912079453468323,-9.3212251663208,0.03138458728790283,-0.3158293664455414,-0.6769968271255493,40.421941,-86.9035621,200.988,-0.15299999713897705,0.0989999994635582,-0.5210000276565552,3,9
imu,1776824837.880815,1243131257000,0.6541851162910461,0.870634138584137,-9.587484359741211,0.04229661449790001,-0.35223451256752014,-0.6643124222755432,40.421941,-86.9035621,200.988,-0.15299999713897705,0.0989999994635582,-0.5210000276565552,3,9
imu,1776824837.891829,1243141257000,0.5890364646911621,1.0424144268035889,-9.509907722473145,0.06186608225107193,-0.3952900171279907,-0.5987167954444885,40.421941,-86.9035621,200.988,-0.15299999713897705,0.0989999994635582,-0.5210000276565552,3,9
imu,1776824837.9005806,1243151257000,0.5115641951560974,1.064850091934204,-9.488780975341797,0.09262219816446304,-0.4263124465942383,-0.5450811982154846,40.421941,-86.9035621,200.988,-0.15299999713897705,0.0989999994635582,-0.5210000276565552,3,9
imu,1776824837.910392,1243161257000,0.7361629605293274,1.196044921875,-9.73116397857666,0.1044309213757515,-0.41209566593170166,-0.48110511898994446,40.421941,-86.9035621,200.988,-0.15299999713897705,0.0989999994635582,-0.5210000276565552,3,9
imu,1776824837.9201024,1243171257000,0.4398861229419708,1.010711669921875,-9.077284812927246,0.05391976609826088,-0.4028802216053009,-0.4652458429336548,40.421941,-86.9035621,200.988,-0.15299999713897705,0.0989999994635582,-0.5210000276565552,3,9
imu,1776824837.9310665,1243181257000,0.35180842876434326,1.002446174621582,-9.22914981842041,9.140605106949806e-05,-0.4904843866825104,-0.49034029245376587,40.421941,-86.9035621,200.988,-0.15299999713897705,0.0989999994635582,-0.5210000276565552,3,9
imu,1776824837.9407804,1243191257000,0.6953970193862915,1.2721410989761353,-9.533195495605469,-0.09741248935461044,-0.6028650999069214,-0.4673875570297241,40.421941,-86.9035621,200.988,-0.15299999713897705,0.0989999994635582,-0.5210000276565552,3,9
imu,1776824837.9506032,1243201256000,0.7334199547767639,1.1948912143707275,-10.097606658935547,-0.08615566790103912,-0.5448287725448608,-0.4409622848033905,40.421941,-86.9035621,200.988,-0.15299999713897705,0.0989999994635582,-0.5210000276565552,3,9
imu,1776824837.9601564,1243211257000,0.497704416513443,1.1637144088745117,-9.347858428955078,-0.09725955128669739,-0.43566375970840454,-0.39967969059944153,40.421941,-86.9035621,200.988,-0.15299999713897705,0.0989999994635582,-0.5210000276565552,3,9
imu,1776824837.9710226,1243221257000,0.5620814561843872,1.104835867881775,-9.571915626525879,-0.06197667866945267,-0.49619919061660767,-0.34338170289993286,40.421941,-86.9035621,200.988,-0.15299999713897705,0.0989999994635582,-0.5210000276565552,3,9
imu,1776824837.9796774,1243231257000,0.029251577332615852,1.1276767253875732,-9.511608123779297,-0.035709768533706665,-0.37043872475624084,-0.3088158667087555,40.421941,-86.9035621,200.988,-0.15299999713897705,0.0989999994635582,-0.5210000276565552,3,9
imu,1776824837.9906468,1243241257000,0.6294678449630737,1.0193266868591309,-9.315081596374512,-0.032096732407808304,-0.5074500441551208,-0.2845419645309448,40.421941,-86.9035621,200.988,-0.15299999713897705,0.0989999994635582,-0.5210000276565552,3,9
imu,1776824837.999553,1243251257000,0.4135892391204834,1.323115587234497,-9.643186569213867,-0.02906704880297184,-0.5166993141174316,-0.25708600878715515,40.421941,-86.9035621,200.988,-0.15299999713897705,0.0989999994635582,-0.5210000276565552,3,9
imu,1776824838.0552554,1243261257000,0.32765403389930725,1.4626710414886475,-9.763175010681152,-0.0313725620508194,-0.4406665861606598,-0.2175866961479187,40.421941,-86.9035621,200.988,-0.15299999713897705,0.0989999994635582,-0.5210000276565552,3,9
imu,1776824838.0563672,1243271257000,0.6543521881103516,1.538873553276062,-9.827113151550293,-0.041656799614429474,-0.38822975754737854,-0.19622743129730225,40.421941,-86.9035621,200.988,-0.15299999713897705,0.0989999994635582,-0.5210000276565552,3,9
imu,1776824838.0564132,1243281257000,0.529218316078186,1.7568899393081665,-9.044108390808105,-0.058294933289289474,-0.41445615887641907,-0.17280647158622742,40.421941,-86.9035621,200.988,-0.15299999713897705,0.0989999994635582,-0.5210000276565552,3,9
imu,1776824838.0564485,1243291257000,0.636673092842102,1.7962627410888672,-9.703445434570312,-0.021527428179979324,-0.4638851284980774,-0.11601124703884125,40.421941,-86.9035621,200.988,-0.15299999713897705,0.0989999994635582,-0.5210000276565552,3,9
imu,1776824838.056482,1243301257000,0.04220722243189812,1.4434287548065186,-9.42335033416748,0.07201666384935379,-0.38067561388015747,-0.07444808632135391,40.421941,-86.9035621,200.988,-0.15299999713897705,0.0989999994635582,-0.5210000276565552,3,9
imu,1776824838.0597675,1243311257000,0.280602365732193,1.018510103225708,-9.647542953491211,0.10360859334468842,-0.4866082966327667,-0.06799612939357758,40.421941,-86.9035621,200.988,-0.15299999713897705,0.0989999994635582,-0.5210000276565552,3,9
imu,1776824838.06939,1243321257000,0.09295031428337097,0.6920819878578186,-9.935738563537598,0.10657093673944473,-0.42084795236587524,-0.09051261842250824,40.421941,-86.9035621,200.988,-0.15299999713897705,0.0989999994635582,-0.5210000276565552,3,9
imu,1776824838.0805771,1243331257000,0.04569770768284798,0.44079843163490295,-9.764363288879395,0.10972680896520615,-0.3585616648197174,-0.1319432109594345,40.421941,-86.9035621,200.988,-0.15299999713897705,0.0989999994635582,-0.5210000276565552,3,9
imu,1776824838.0902472,1243341257000,-0.05765536427497864,0.7275410890579224,-9.54040813446045,0.13647738099098206,-0.3411373496055603,-0.18605101108551025,40.421941,-86.9035621,200.988,-0.15299999713897705,0.0989999994635582,-0.5210000276565552,3,9
imu,1776824838.1000805,1243351257000,-0.06370533257722855,1.0543051958084106,-9.993922233581543,0.15776176750659943,-0.2130516618490219,-0.22988465428352356,40.421941,-86.9035621,200.988,-0.15299999713897705,0.0989999994635582,-0.5210000276565552,3,9
imu,1776824838.109759,1243361257000,0.006766600999981165,1.2733216285705566,-9.097411155700684,0.13357844948768616,-0.16807450354099274,-0.26221078634262085,40.421941,-86.9035621,200.988,-0.15299999713897705,0.0989999994635582,-0.5210000276565552,3,9
imu,1776824838.1196318,1243371257000,-0.1730440855026245,1.8313310146331787,-8.720763206481934,0.14241498708724976,-0.3446403443813324,-0.24435630440711975,40.421941,-86.9035621,200.988,-0.15299999713897705,0.0989999994635582,-0.5210000276565552,3,9
imu,1776824838.1293406,1243381257000,0.11439469456672668,2.05627703666687,-9.333529472351074,0.08554261177778244,-0.4954458177089691,-0.15077617764472961,40.421941,-86.9035621,200.988,-0.15299999713897705,0.0989999994635582,-0.5210000276565552,3,9
imu,1776824838.1391158,1243391257000,0.06755026429891586,1.8929052352905273,-9.9175443649292,0.05967126414179802,-0.4348589777946472,-0.06690508127212524,40.421941,-86.9035621,200.988,-0.15299999713897705,0.0989999994635582,-0.5210000276565552,3,9
imu,1776824838.149004,1243401257000,0.09884818643331528,1.5997567176818848,-9.927875518798828,0.03330688551068306,-0.33906999230384827,-0.07935334742069244,40.421941,-86.9035621,200.988,-0.15299999713897705,0.0989999994635582,-0.5210000276565552,3,9
imu,1776824838.1586492,1243411257000,0.321608304977417,1.6364331245422363,-9.609842300415039,0.03876689821481705,-0.3082190752029419,-0.07345737516880035,40.421941,-86.9035621,200.988,-0.15299999713897705,0.0989999994635582,-0.5210000276565552,3,9
imu,1776824838.1686115,1243421257000,0.23930582404136658,1.5064871311187744,-10.160294532775879,0.07044294476509094,-0.25936079025268555,-0.04338179528713226,40.421941,-86.9035621,200.988,-0.15299999713897705,0.0989999994635582,-0.5210000276565552,3,9
imu,1776824838.1785219,1243431257000,0.22037993371486664,1.2031970024108887,-10.653914451599121,0.05527465045452118,-0.1477149873971939,-0.030389780178666115,40.421941,-86.9035621,200.988,-0.15299999713897705,0.0989999994635582,-0.5210000276565552,3,9
imu,1776824838.188236,1243441257000,0.13375523686408997,1.4567694664001465,-10.735920906066895,0.10647648572921753,-0.024873442947864532,-0.026737261563539505,40.421941,-86.9035621,200.988,-0.15299999713897705,0.0989999994635582,-0.5210000276565552,3,9
imu,1776824838.197945,1243451257000,0.25815701484680176,2.0661022663116455,-10.739623069763184,0.16088806092739105,0.05487455055117607,0.07615267485380173,40.421941,-86.9035621,200.988,-0.15299999713897705,0.0989999994635582,-0.5210000276565552,3,9
imu,1776824838.2087739,1243461257000,0.5288692712783813,2.5044097900390625,-9.926225662231445,0.22698049247264862,-0.007439763285219669,0.23648588359355927,40.421941,-86.9035621,200.988,-0.15299999713897705,0.0989999994635582,-0.5210000276565552,3,9
imu,1776824838.2185888,1243471257000,0.29818207025527954,2.59067702293396,-9.908554077148438,0.310069739818573,-0.017258968204259872,0.3979831635951996,40.421941,-86.9035621,200.988,-0.15299999713897705,0.0989999994635582,-0.5210000276565552,3,9
imu,1776824838.2284012,1243481257000,0.17022699117660522,2.3697426319122314,-9.767386436462402,0.31858596205711365,-0.027790173888206482,0.5335661172866821,40.421941,-86.9035621,200.988,-0.15299999713897705,0.0989999994635582,-0.5210000276565552,3,9
imu,1776824838.2381442,1243491257000,0.039863068610429764,1.9540218114852905,-9.7134428024292,0.3191583752632141,-0.024946322664618492,0.5993622541427612,40.421941,-86.9035621,200.988,-0.15299999713897705,0.0989999994635582,-0.5210000276565552,3,9
imu,1776824838.2479959,1243501257000,-0.17606288194656372,1.5825179815292358,-9.874629974365234,0.3228628635406494,0.02163521572947502,0.6199129223823547,40.421941,-86.9035621,200.988,-0.15299999713897705,0.0989999994635582,-0.5210000276565552,3,9
imu,1776824838.2589338,1243511257000,-0.20466120541095734,1.2707054615020752,-9.835561752319336,0.2775021195411682,0.0929558277130127,0.5506307482719421,40.421941499999996,-86.90356039999999,200.9,-0.3230000138282776,0.24699999392032623,-0.3440000116825104,3,9
imu,1776824838.2676733,1243521257000,0.024227727204561234,1.2509102821350098,-9.342413902282715,0.21275515854358673,-0.05082273110747337,0.5044794678688049,40.421941499999996,-86.90356039999999,200.9,-0.3230000138282776,0.24699999392032623,-0.3440000116825104,3,9
imu,1776824838.277273,1243531257000,-0.16482941806316376,1.510002613067627,-9.061914443969727,0.18445242941379547,-0.22198183834552765,0.5457640886306763,40.421941499999996,-86.90356039999999,200.9,-0.3230000138282776,0.24699999392032623,-0.3440000116825104,3,9
imu,1776824838.2870345,1243541257000,-0.13511867821216583,1.8324568271636963,-9.952554702758789,0.21520249545574188,-0.26661425828933716,0.6649249792098999,40.421941499999996,-86.90356039999999,200.9,-0.3230000138282776,0.24699999392032623,-0.3440000116825104,3,9
imu,1776824838.297862,1243551257000,-0.07716774940490723,1.6071453094482422,-9.986305236816406,0.21911126375198364,-0.21886640787124634,0.7989541292190552,40.421941499999996,-86.90356039999999,200.9,-0.3230000138282776,0.24699999392032623,-0.3440000116825104,3,9
imu,1776824838.3077457,1243561257000,0.07912243902683258,1.6792032718658447,-10.110346794128418,0.24891534447669983,-0.2346598356962204,0.8522757291793823,40.421941499999996,-86.90356039999999,200.9,-0.3230000138282776,0.24699999392032623,-0.3440000116825104,3,9
imu,1776824838.317062,1243571257000,0.389818012714386,1.9462511539459229,-10.306632995605469,0.23982976377010345,-0.2227848619222641,0.911765456199646,40.421941499999996,-86.90356039999999,200.9,-0.3230000138282776,0.24699999392032623,-0.3440000116825104,3,9
imu,1776824838.3269813,1243581257000,0.5400747656822205,2.2064783573150635,-10.561400413513184,0.2178744077682495,-0.17553141713142395,0.9861399531364441,40.421941499999996,-86.90356039999999,200.9,-0.3230000138282776,0.24699999392032623,-0.3440000116825104,3,9
imu,1776824838.3367622,1243591257000,0.5546088218688965,2.4545154571533203,-10.528120040893555,0.2310473471879959,-0.12172789871692657,1.096709132194519,40.421941499999996,-86.90356039999999,200.9,-0.3230000138282776,0.24699999392032623,-0.3440000116825104,3,9
imu,1776824838.3469741,1243601257000,0.4326343536376953,2.122892379760742,-10.5077543258667,0.2468603253364563,-0.07584093511104584,1.2337512969970703,40.421941499999996,-86.90356039999999,200.9,-0.3230000138282776,0.24699999392032623,-0.3440000116825104,3,9
imu,1776824838.356833,1243611257000,0.2628891170024872,1.6754794120788574,-10.325156211853027,0.2664516568183899,-0.022254224866628647,1.3081421852111816,40.421941499999996,-86.90356039999999,200.9,-0.3230000138282776,0.24699999392032623,-0.3440000116825104,3,9
imu,1776824838.3667355,1243621257000,-0.1841413378715515,1.1549770832061768,-10.581572532653809,0.3087522089481354,0.10989024490118027,1.2996065616607666,40.421941499999996,-86.90356039999999,200.9,-0.3230000138282776,0.24699999392032623,-0.3440000116825104,3,9
imu,1776824838.376461,1243631257000,0.05684057995676994,0.7562205791473389,-9.529894828796387,0.2252388596534729,0.11243745684623718,1.222686767578125,40.421941499999996,-86.90356039999999,200.9,-0.3230000138282776,0.24699999392032623,-0.3440000116825104,3,9
imu,1776824838.386139,1243641257000,-0.015396772883832455,0.6651895642280579,-8.86585807800293,0.16940560936927795,-0.03303349390625954,1.2001869678497314,40.421941499999996,-86.90356039999999,200.9,-0.3230000138282776,0.24699999392032623,-0.3440000116825104,3,9
imu,1776824838.3959951,1243651257000,-0.16785553097724915,0.48967161774635315,-9.496965408325195,0.16990777850151062,-0.1828104555606842,1.1731269359588623,40.421941499999996,-86.90356039999999,200.9,-0.3230000138282776,0.24699999392032623,-0.3440000116825104,3,9
imu,1776824838.40698,1243661257000,-0.1337580680847168,0.6312218308448792,-9.703266143798828,0.1731685847043991,-0.1798398196697235,1.170486330986023,40.421941499999996,-86.90356039999999,200.9,-0.3230000138282776,0.24699999392032623,-0.3440000116825104,3,9
imu,1776824838.4166625,1243671257000,-0.06032479181885719,0.7046882510185242,-9.526719093322754,0.197333425283432,-0.20880897343158722,1.1690682172775269,40.421941499999996,-86.90356039999999,200.9,-0.3230000138282776,0.24699999392032623,-0.3440000116825104,3,9
imu,1776824838.4264102,1243681257000,0.0844995304942131,0.9865297675132751,-9.438745498657227,0.17376619577407837,-0.2507193088531494,1.1675825119018555,40.421941499999996,-86.90356039999999,200.9,-0.3230000138282776,0.24699999392032623,-0.3440000116825104,3,9
imu,1776824838.4362,1243691257000,0.328153133392334,1.22025728225708,-9.863834381103516,0.1574416309595108,-0.27812403440475464,1.1717435121536255,40.421941499999996,-86.90356039999999,200.9,-0.3230000138282776,0.24699999392032623,-0.3440000116825104,3,9
imu,1776824838.446042,1243701257000,0.3118528723716736,1.421781301498413,-10.6753568649292,0.18693406879901886,-0.12845724821090698,1.204938292503357,40.421941499999996,-86.90356039999999,200.9,-0.3230000138282776,0.24699999392032623,-0.3440000116825104,3,9
imu,1776824838.4557073,1243711257000,0.33533674478530884,1.2587201595306396,-10.544337272644043,0.1649540215730667,0.030696572735905647,1.2043976783752441,40.421941499999996,-86.90356039999999,200.9,-0.3230000138282776,0.24699999392032623,-0.3440000116825104,3,9
imu,1776824838.4657047,1243721257000,0.4652814269065857,1.0808367729187012,-10.040014266967773,0.1667517125606537,-0.06097577512264252,1.2587246894836426,40.421941499999996,-86.90356039999999,200.9,-0.3230000138282776,0.24699999392032623,-0.3440000116825104,3,9
imu,1776824838.4753013,1243731257000,0.6134494543075562,1.0832226276397705,-9.931415557861328,0.17564800381660461,-0.1846836805343628,1.3436373472213745,40.421941499999996,-86.90356039999999,200.9,-0.3230000138282776,0.24699999392032623,-0.3440000116825104,3,9
imu,1776824838.4849744,1243741257000,0.4165527820587158,1.0621297359466553,-10.437875747680664,0.20525288581848145,-0.12344665080308914,1.4601597785949707,40.421941499999996,-86.90356039999999,200.9,-0.3230000138282776,0.24699999392032623,-0.3440000116825104,3,9
imu,1776824838.4949884,1243751257000,0.26550203561782837,0.5290944576263428,-10.302549362182617,0.23164494335651398,-0.05119533836841583,1.506751537322998,40.421941499999996,-86.90356039999999,200.9,-0.3230000138282776,0.24699999392032623,-0.3440000116825104,3,9
imu,1776824838.5049357,1243761257000,0.21493344008922577,0.21115389466285706,-10.310296058654785,0.21891693770885468,0.028800707310438156,1.475403070449829,40.421941499999996,-86.90356039999999,200.9,-0.3230000138282776,0.24699999392032623,-0.3440000116825104,3,9
imu,1776824838.5157323,1243771257000,-0.05701978877186775,0.12087815254926682,-10.265630722045898,0.23972256481647491,0.1089545413851738,1.4376823902130127,40.421941499999996,-86.90356039999999,200.9,-0.3230000138282776,0.24699999392032623,-0.3440000116825104,3,9
imu,1776824838.525373,1243781257000,-0.23777616024017334,0.20971271395683289,-9.940670013427734,0.2866935133934021,0.13281039893627167,1.4184799194335938,40.421941499999996,-86.90356039999999,200.9,-0.3230000138282776,0.24699999392032623,-0.3440000116825104,3,9
imu,1776824838.5352716,1243791257000,-0.3571496307849884,0.5195521116256714,-9.36467170715332,0.32559460401535034,0.08392085880041122,1.4587037563323975,40.421941499999996,-86.90356039999999,200.9,-0.3230000138282776,0.24699999392032623,-0.3440000116825104,3,9
imu,1776824838.5451918,1243801257000,-0.39078617095947266,0.8865171074867249,-9.18349838256836,0.34846261143684387,-0.0016586573328822851,1.5030170679092407,40.421941499999996,-86.90356039999999,200.9,-0.3230000138282776,0.24699999392032623,-0.3440000116825104,3,9
imu,1776824838.55496,1243811257000,-0.4400923252105713,1.0081777572631836,-9.222925186157227,0.33750036358833313,-0.05866279453039169,1.5838017463684082,40.421941499999996,-86.90356039999999,200.9,-0.3230000138282776,0.24699999392032623,-0.3440000116825104,3,9
imu,1776824838.5645535,1243821257000,-0.326642781496048,0.9690507054328918,-9.298322677612305,0.3181169033050537,-0.10526689887046814,1.5950267314910889,40.421941499999996,-86.90356039999999,200.9,-0.3230000138282776,0.24699999392032623,-0.3440000116825104,3,9
imu,1776824838.5744407,1243831257000,-0.21037925779819489,0.7083602547645569,-9.534157752990723,0.29671818017959595,-0.10033047199249268,1.6249217987060547,40.421941499999996,-86.90356039999999,200.9,-0.3230000138282776,0.24699999392032623,-0.3440000116825104,3,9
imu,1776824838.58414,1243841257000,-0.5386501550674438,0.46035894751548767,-9.790328979492188,0.30430641770362854,0.0873977467417717,1.597834825515747,40.421941499999996,-86.90356039999999,200.9,-0.3230000138282776,0.24699999392032623,-0.3440000116825104,3,9
imu,1776824838.5949857,1243851257000,-0.2679292857646942,0.4098787009716034,-9.620179176330566,0.2664377689361572,0.18712995946407318,1.5113525390625,40.421941499999996,-86.90356039999999,200.9,-0.3230000138282776,0.24699999392032623,-0.3440000116825104,3,9
imu,1776824838.6048214,1243861257000,-0.1939670294523239,0.7067515850067139,-9.676092147827148,0.20733031630516052,0.03962312266230583,1.521234154701233,40.421941499999996,-86.90356039999999,200.9,-0.3230000138282776,0.24699999392032623,-0.3440000116825104,3,9
imu,1776824838.6149046,1243871257000,-0.13906271755695343,0.7891935110092163,-9.913434982299805,0.19068124890327454,-0.07679979503154755,1.5952550172805786,40.421941499999996,-86.90356039999999,200.9,-0.3230000138282776,0.24699999392032623,-0.3440000116825104,3,9
imu,1776824838.6246736,1243881257000,-0.03312290087342262,0.7806199789047241,-10.573333740234375,0.1983543336391449,0.11242686212062836,1.6543898582458496,40.421941499999996,-86.90356039999999,200.9,-0.3230000138282776,0.24699999392032623,-0.3440000116825104,3,9
imu,1776824838.634069,1243891257000,0.09658222645521164,0.6187329292297363,-10.167305946350098,0.1942559778690338,0.16620969772338867,1.7061785459518433,40.421941499999996,-86.90356039999999,200.9,-0.3230000138282776,0.24699999392032623,-0.3440000116825104,3,9
imu,1776824838.6438205,1243901257000,0.15648551285266876,0.699878454208374,-10.159966468811035,0.23885853588581085,0.17065396904945374,1.7794437408447266,40.421941499999996,-86.90356039999999,200.9,-0.3230000138282776,0.24699999392032623,-0.3440000116825104,3,9
imu,1776824838.6546261,1243911257000,0.15312162041664124,0.37557435035705566,-10.31417179107666,0.296517014503479,0.22769169509410858,1.8328242301940918,40.421941499999996,-86.90356039999999,200.9,-0.3230000138282776,0.24699999392032623,-0.3440000116825104,3,9
imu,1776824838.663341,1243921257000,0.20429958403110504,0.2828534245491028,-10.259750366210938,0.32958513498306274,0.3105197846889496,1.8512526750564575,40.421941499999996,-86.90356039999999,200.9,-0.3230000138282776,0.24699999392032623,-0.3440000116825104,3,9
imu,1776824838.6731102,1243931257000,0.3017001450061798,0.38694697618484497,-9.980425834655762,0.30967721343040466,0.3674779534339905,1.863908290863037,40.421941499999996,-86.90356039999999,200.9,-0.3230000138282776,0.24699999392032623,-0.3440000116825104,3,9
imu,1776824838.684114,1243941257000,0.29936525225639343,0.3987641930580139,-9.941726684570312,0.26083680987358093,0.3406418561935425,1.8436468839645386,40.421941499999996,-86.90356039999999,200.9,-0.3230000138282776,0.24699999392032623,-0.3440000116825104,3,9
imu,1776824838.6937573,1243951257000,0.2698683440685272,0.5182559490203857,-9.788448333740234,0.252280592918396,0.2898705005645752,1.8640660047531128,40.421941499999996,-86.90356039999999,200.9,-0.3230000138282776,0.24699999392032623,-0.3440000116825104,3,9
imu,1776824838.7033732,1243961257000,0.1353396326303482,0.3370189964771271,-9.990057945251465,0.24512679874897003,0.2676369249820709,1.8907313346862793,40.421941499999996,-86.90356039999999,200.9,-0.3230000138282776,0.24699999392032623,-0.3440000116825104,3,9
imu,1776824838.713074,1243971257000,0.22505612671375275,0.0885460302233696,-9.95372200012207,0.2472916692495346,0.27296826243400574,1.886189579963684,40.421941499999996,-86.90356039999999,200.9,-0.3230000138282776,0.24699999392032623,-0.3440000116825104,3,9
imu,1776824838.7227807,1243981257000,0.43214747309684753,0.033233433961868286,-9.991865158081055,0.22769898176193237,0.26188400387763977,1.8577805757522583,40.421941499999996,-86.90356039999999,200.9,-0.3230000138282776,0.24699999392032623,-0.3440000116825104,3,9
imu,1776824838.7326221,1243991257000,0.6052182912826538,0.26775139570236206,-10.407118797302246,0.24978867173194885,0.29087767004966736,1.8580330610275269,40.421941499999996,-86.90356039999999,200.9,-0.3230000138282776,0.24699999392032623,-0.3440000116825104,3,9
imu,1776824838.7424605,1244001257000,0.8859081864356995,0.39992138743400574,-10.621686935424805,0.25563448667526245,0.35109513998031616,1.8662075996398926,40.421941499999996,-86.90356039999999,200.9,-0.3230000138282776,0.24699999392032623,-0.3440000116825104,3,9
imu,1776824838.754572,1244011257000,1.0779693126678467,0.8013882637023926,-10.61613655090332,0.3012613356113434,0.40400612354278564,1.9405157566070557,40.4219413,-86.9035585,200.817,-0.45100000500679016,0.17499999701976776,-0.5,3,9
imu,1776824838.7631633,1244021257000,1.116965413093567,0.9369075894355774,-10.519698143005371,0.3216669261455536,0.5012118220329285,2.0640010833740234,40.4219413,-86.9035585,200.817,-0.45100000500679016,0.17499999701976776,-0.5,3,9
imu,1776824838.7730494,1244031257000,1.0750960111618042,0.6339889764785767,-10.078413009643555,0.3933563828468323,0.5219213366508484,2.1406071186065674,40.4219413,-86.9035585,200.817,-0.45100000500679016,0.17499999701976776,-0.5,3,9
imu,1776824838.7827728,1244041257000,0.8335771560668945,0.292938768863678,-9.847702980041504,0.4256504476070404,0.5047574639320374,2.2249915599823,40.4219413,-86.9035585,200.817,-0.45100000500679016,0.17499999701976776,-0.5,3,9
imu,1776824838.7925014,1244051257000,0.7703770995140076,-0.6367669701576233,-9.795428276062012,0.46514156460762024,0.48520222306251526,2.2440054416656494,40.4219413,-86.9035585,200.817,-0.45100000500679016,0.17499999701976776,-0.5,3,9
imu,1776824838.8021452,1244061257000,0.6915886998176575,-1.1987242698669434,-9.790669441223145,0.4394361078739166,0.5259631872177124,2.1521897315979004,40.4219413,-86.9035585,200.817,-0.45100000500679016,0.17499999701976776,-0.5,3,9
imu,1776824838.8118525,1244071257000,0.8743283152580261,-0.8179888129234314,-9.28679084777832,0.3992537558078766,0.44373831152915955,2.034804344177246,40.4219413,-86.9035585,200.817,-0.45100000500679016,0.17499999701976776,-0.5,3,9
imu,1776824838.8217034,1244081257000,1.0519673824310303,-0.39914190769195557,-9.664000511169434,0.35093575716018677,0.45316261053085327,2.0259134769439697,40.4219413,-86.9035585,200.817,-0.45100000500679016,0.17499999701976776,-0.5,3,9
imu,1776824838.8315227,1244091257000,1.2104063034057617,-0.5272502899169922,-9.757233619689941,0.24564805626869202,0.5383572578430176,1.9850825071334839,40.4219413,-86.9035585,200.817,-0.45100000500679016,0.17499999701976776,-0.5,3,9
imu,1776824838.8424094,1244101257000,1.623353123664856,0.04905927553772926,-9.462187767028809,0.05678556486964226,0.5001634359359741,2.055467367172241,40.4219413,-86.9035585,200.817,-0.45100000500679016,0.17499999701976776,-0.5,3,9
imu,1776824838.8521323,1244111257000,1.3082256317138672,0.3041693866252899,-9.865320205688477,0.00668499618768692,0.3659130930900574,2.1209592819213867,40.4219413,-86.9035585,200.817,-0.45100000500679016,0.17499999701976776,-0.5,3,9
imu,1776824838.8620195,1244121257000,1.372025728225708,-0.3712100386619568,-9.912064552307129,0.08920634537935257,0.38607025146484375,2.243941068649292,40.4219413,-86.9035585,200.817,-0.45100000500679016,0.17499999701976776,-0.5,3,9
imu,1776824838.8717911,1244131257000,1.4191898107528687,-0.5767792463302612,-10.423630714416504,0.09837653487920761,0.44250375032424927,2.277514696121216,40.4219413,-86.9035585,200.817,-0.45100000500679016,0.17499999701976776,-0.5,3,9
imu,1776824838.8815105,1244141257000,1.4753162860870361,-0.42719122767448425,-10.237159729003906,0.030440660193562508,0.5183952450752258,2.342855453491211,40.4219413,-86.9035585,200.817,-0.45100000500679016,0.17499999701976776,-0.5,3,9
imu,1776824838.8912199,1244151257000,1.5181951522827148,-0.2825608253479004,-10.251978874206543,0.10585051029920578,0.5135363340377808,2.3178813457489014,40.4219413,-86.9035585,200.817,-0.45100000500679016,0.17499999701976776,-0.5,3,9
imu,1776824838.9010084,1244161257000,1.508648157119751,-0.4534420073032379,-10.009499549865723,0.26245999336242676,0.42225757241249084,2.3610594272613525,40.4219413,-86.9035585,200.817,-0.45100000500679016,0.17499999701976776,-0.5,3,9
imu,1776824838.9107804,1244171257000,1.2863553762435913,-0.9241452813148499,-10.154438018798828,0.3114922344684601,0.2886991500854492,2.415649890899658,40.4219413,-86.9035585,200.817,-0.45100000500679016,0.17499999701976776,-0.5,3,9
imu,1776824838.921575,1244181257000,1.567230224609375,-2.132859468460083,-10.3058500289917,0.28615474700927734,0.2499433308839798,2.391868829727173,40.4219413,-86.9035585,200.817,-0.45100000500679016,0.17499999701976776,-0.5,3,9
imu,1776824838.9314399,1244191257000,1.5247972011566162,-2.3658101558685303,-10.054566383361816,0.2629584074020386,0.14583614468574524,2.320937395095825,40.4219413,-86.9035585,200.817,-0.45100000500679016,0.17499999701976776,-0.5,3,9
imu,1776824838.9406352,1244201257000,1.501389503479004,-2.7329423427581787,-10.585660934448242,0.3262348771095276,0.15656504034996033,2.271291732788086,40.4219413,-86.9035585,200.817,-0.45100000500679016,0.17499999701976776,-0.5,3,9
imu,1776824838.9506264,1244211257000,1.4795348644256592,-3.139509439468384,-10.521002769470215,0.29534658789634705,0.254412442445755,2.142040967941284,40.4219413,-86.9035585,200.817,-0.45100000500679016,0.17499999701976776,-0.5,3,9
imu,1776824838.9605036,1244221257000,1.6576637029647827,-2.6270878314971924,-10.423988342285156,0.19483040273189545,0.29600659012794495,2.027434825897217,40.4219413,-86.9035585,200.817,-0.45100000500679016,0.17499999701976776,-0.5,3,9
imu,1776824838.9702141,1244231256000,1.6029661893844604,-1.9373396635055542,-9.69091510772705,0.06509412080049515,0.3170943558216095,2.0139193534851074,40.4219413,-86.9035585,200.817,-0.45100000500679016,0.17499999701976776,-0.5,3,9
imu,1776824838.9800549,1244241257000,1.1427476406097412,-2.663130044937134,-9.765300750732422,-0.08512133359909058,0.1886231005191803,1.9826022386550903,40.4219413,-86.9035585,200.817,-0.45100000500679016,0.17499999701976776,-0.5,3,9
imu,1776824838.9909112,1244251257000,1.4401010274887085,-3.0237443447113037,-10.271164894104004,-0.2050483077764511,0.2687909007072449,1.7796398401260376,40.4219413,-86.9035585,200.817,-0.45100000500679016,0.17499999701976776,-0.5,3,9
imu,1776824839.000563,1244261257000,1.4100431203842163,-2.326488733291626,-9.809720993041992,-0.24673843383789062,0.27977991104125977,1.7249929904937744,40.4219413,-86.9035585,200.817,-0.45100000500679016,0.17499999701976776,-0.5,3,9
imu,1776824839.0103521,1244271257000,0.9676831364631653,-2.7864339351654053,-9.498485565185547,-0.17475728690624237,0.19092418253421783,1.6987136602401733,40.4219413,-86.9035585,200.817,-0.45100000500679016,0.17499999701976776,-0.5,3,9
imu,1776824839.0200336,1244281257000,1.116635799407959,-3.1017918586730957,-9.264472961425781,-0.0379900299012661,0.004706783220171928,1.624108076095581,40.4219413,-86.9035585,200.817,-0.45100000500679016,0.17499999701976776,-0.5,3,9
imu,1776824839.029801,1244291257000,1.4123746156692505,-3.2775843143463135,-9.344496726989746,0.01763826794922352,-0.16051064431667328,1.5601459741592407,40.4219413,-86.9035585,200.817,-0.45100000500679016,0.17499999701976776,-0.5,3,9
imu,1776824839.0397172,1244301257000,1.6319208145141602,-2.8844428062438965,-9.458202362060547,0.022682104259729385,-0.24456974864006042,1.4805060625076294,40.4219413,-86.9035585,200.817,-0.45100000500679016,0.17499999701976776,-0.5,3,9
imu,1776824839.049422,1244311257000,1.4764059782028198,-2.3320858478546143,-9.4578275680542,-0.09175397455692291,-0.2295999825000763,1.486846923828125,40.4219413,-86.9035585,200.817,-0.45100000500679016,0.17499999701976776,-0.5,3,9
imu,1776824839.0592902,1244321257000,1.3064947128295898,-1.9076728820800781,-9.09442138671875,-0.12848930060863495,-0.2550804316997528,1.5071187019348145,40.4219413,-86.9035585,200.817,-0.45100000500679016,0.17499999701976776,-0.5,3,9
imu,1776824839.0700114,1244331257000,1.0678908824920654,-2.149763345718384,-9.250142097473145,-0.18583008646965027,-0.32178670167922974,1.5003308057785034,40.4219413,-86.9035585,200.817,-0.45100000500679016,0.17499999701976776,-0.5,3,9
imu,1776824839.079666,1244341257000,1.1052287817001343,-2.3878371715545654,-9.685309410095215,-0.31570175290107727,-0.2236984372138977,1.440533995628357,40.4219413,-86.9035585,200.817,-0.45100000500679016,0.17499999701976776,-0.5,3,9
imu,1776824839.08938,1244351257000,0.07639152556657791,-3.1563470363616943,-9.593643188476562,-0.4561226963996887,-0.06205055117607117,1.388563632965088,40.4219413,-86.9035585,200.817,-0.45100000500679016,0.17499999701976776,-0.5,3,9
imu,1776824839.0993152,1244361257000,0.3339695632457733,-4.824836254119873,-9.772705078125,-0.570930004119873,0.03512780740857124,1.1243923902511597,40.4219413,-86.9035585,200.817,-0.45100000500679016,0.17499999701976776,-0.5,3,9
imu,1776824839.1091669,1244371257000,0.3467276394367218,-4.442473888397217,-10.13967227935791,-0.581852376461029,0.1871461123228073,0.889323353767395,40.4219413,-86.9035585,200.817,-0.45100000500679016,0.17499999701976776,-0.5,3,9
imu,1776824839.1201773,1244381257000,0.6434086561203003,-3.912882089614868,-9.580015182495117,-0.5245492458343506,0.33675169944763184,0.7096378207206726,40.4219413,-86.9035585,200.817,-0.45100000500679016,0.17499999701976776,-0.5,3,9
imu,1776824839.1288688,1244391257000,0.7486615180969238,-3.3665804862976074,-9.203836441040039,-0.5856311321258545,0.2702904939651489,0.6127989888191223,40.4219413,-86.9035585,200.817,-0.45100000500679016,0.17499999701976776,-0.5,3,9
imu,1776824839.1386404,1244401257000,0.8790766000747681,-2.3950769901275635,-9.507547378540039,-0.6845384240150452,0.28626933693885803,0.5341343283653259,40.4219413,-86.9035585,200.817,-0.45100000500679016,0.17499999701976776,-0.5,3,9
imu,1776824839.1484764,1244411257000,0.9912554621696472,-1.5691626071929932,-9.352338790893555,-0.71001136302948,0.29492729902267456,0.5959027409553528,40.4219413,-86.9035585,200.817,-0.45100000500679016,0.17499999701976776,-0.5,3,9
imu,1776824839.1592672,1244421257000,1.2275887727737427,-0.6689958572387695,-9.469587326049805,-0.7896457314491272,0.2978229224681854,0.6902238726615906,40.4219413,-86.9035585,200.817,-0.45100000500679016,0.17499999701976776,-0.5,3,9
imu,1776824839.1689637,1244431257000,1.329189658164978,-0.13617084920406342,-9.827465057373047,-0.7381893992424011,0.30618008971214294,0.8519483208656311,40.4219413,-86.9035585,200.817,-0.45100000500679016,0.17499999701976776,-0.5,3,9
imu,1776824839.1788678,1244441257000,0.7727288603782654,-0.26956653594970703,-9.773228645324707,-0.5530797839164734,0.34223368763923645,1.0272724628448486,40.4219413,-86.9035585,200.817,-0.45100000500679016,0.17499999701976776,-0.5,3,9
imu,1776824839.1885958,1244451257000,0.4274768829345703,-1.9473228454589844,-9.66297721862793,-0.4725034236907959,0.3197747766971588,1.08927583694458,40.4219413,-86.9035585,200.817,-0.45100000500679016,0.17499999701976776,-0.5,3,9
imu,1776824839.1982334,1244461257000,0.4371233284473419,-2.917515754699707,-10.072766304016113,-0.48227939009666443,0.37852245569229126,0.9901775121688843,40.4219413,-86.9035585,200.817,-0.45100000500679016,0.17499999701976776,-0.5,3,9
imu,1776824839.2078779,1244471257000,0.5688372850418091,-3.214693307876587,-9.963512420654297,-0.38487914204597473,0.5174338817596436,0.8194481730461121,40.4219413,-86.9035585,200.817,-0.45100000500679016,0.17499999701976776,-0.5,3,9
imu,1776824839.2177215,1244481257000,0.604763925075531,-2.432910919189453,-9.581993103027344,-0.2527524530887604,0.6149880886077881,0.7423036694526672,40.4219413,-86.9035585,200.817,-0.45100000500679016,0.17499999701976776,-0.5,3,9
imu,1776824839.2275214,1244491257000,0.651423454284668,-2.215879440307617,-9.006434440612793,-0.21010275185108185,0.6110247373580933,0.6532120108604431,40.4219413,-86.9035585,200.817,-0.45100000500679016,0.17499999701976776,-0.5,3,9
imu,1776824839.2382882,1244501257000,0.8735993504524231,-1.2788926362991333,-9.102150917053223,-0.27120599150657654,0.5129520297050476,0.6922733783721924,40.4219413,-86.9035585,200.817,-0.45100000500679016,0.17499999701976776,-0.5,3,9
imu,1776824839.250193,1244511257000,1.2075937986373901,-0.7272433042526245,-9.03169059753418,-0.3664703071117401,0.5211447477340698,0.7407163977622986,40.421941,-86.9035573,200.739,-0.2370000034570694,0.26600000262260437,-0.4659999907016754,3,9
imu,1776824839.2575161,1244521257000,0.8194894194602966,-0.402505487203598,-8.801229476928711,-0.4176104962825775,0.5108544230461121,0.9013867974281311,40.421941,-86.9035573,200.739,-0.2370000034570694,0.26600000262260437,-0.4659999907016754,3,9
imu,1776824839.2674847,1244531257000,0.40650448203086853,-0.7852169871330261,-8.61909294128418,-0.37574243545532227,0.4762424826622009,1.0542240142822266,40.421941,-86.9035573,200.739,-0.2370000034570694,0.26600000262260437,-0.4659999907016754,3,9
imu,1776824839.2774484,1244541257000,0.5831761956214905,-1.957073450088501,-8.938089370727539,-0.31907734274864197,0.3271780014038086,1.0513265132904053,40.421941,-86.9035573,200.739,-0.2370000034570694,0.26600000262260437,-0.4659999907016754,3,9
imu,1776824839.2875264,1244551257000,0.6258323192596436,-2.328763961791992,-9.482645034790039,-0.21944329142570496,0.2984899580478668,0.9420360326766968,40.421941,-86.9035573,200.739,-0.2370000034570694,0.26600000262260437,-0.4659999907016754,3,9
imu,1776824839.297295,1244561257000,0.30193328857421875,-2.0901477336883545,-9.205390930175781,-0.13820914924144745,0.34099969267845154,0.8582791090011597,40.421941,-86.9035573,200.739,-0.2370000034570694,0.26600000262260437,-0.4659999907016754,3,9
imu,1776824839.3081357,1244571257000,0.22970879077911377,-2.295132875442505,-8.6892671585083,-0.17446765303611755,0.28483474254608154,0.7844138145446777,40.421941,-86.9035573,200.739,-0.2370000034570694,0.26600000262260437,-0.4659999907016754,3,9
imu,1776824839.3168473,1244581257000,0.38934391736984253,-2.240762710571289,-8.726509094238281,-0.21084029972553253,0.18062551319599152,0.7458840608596802,40.421941,-86.9035573,200.739,-0.2370000034570694,0.26600000262260437,-0.4659999907016754,3,9
imu,1776824839.326571,1244591257000,-0.07733553647994995,-2.063782215118408,-8.505271911621094,-0.26636117696762085,0.1312757432460785,0.7573564648628235,40.421941,-86.9035573,200.739,-0.2370000034570694,0.26600000262260437,-0.4659999907016754,3,9
imu,1776824839.3364406,1244601257000,0.38706880807876587,-1.062968373298645,-7.412609100341797,-0.6252493262290955,0.14810387790203094,0.6703360676765442,40.421941,-86.9035573,200.739,-0.2370000034570694,0.26600000262260437,-0.4659999907016754,3,9
imu,1776824839.3473005,1244611257000,0.14831776916980743,-1.4500458240509033,-7.558833122253418,-0.6041147708892822,-0.17871792614459991,0.9053446650505066,40.421941,-86.9035573,200.739,-0.2370000034570694,0.26600000262260437,-0.4659999907016754,3,9
imu,1776824839.357181,1244621257000,0.15354394912719727,-1.3711491823196411,-7.627551555633545,-0.6372224688529968,-0.448233038187027,0.9861897230148315,40.421941,-86.9035573,200.739,-0.2370000034570694,0.26600000262260437,-0.4659999907016754,3,9
imu,1776824839.3671122,1244631257000,0.12515968084335327,-0.8114873766899109,-7.521834373474121,-0.5782310962677002,-0.8721942901611328,1.2509729862213135,40.421941,-86.9035573,200.739,-0.2370000034570694,0.26600000262260437,-0.4659999907016754,3,9
imu,1776824839.3768055,1244641257000,-0.1872597634792328,-1.46923828125,-8.694292068481445,-0.594667911529541,-1.1221599578857422,1.4389643669128418,40.421941,-86.9035573,200.739,-0.2370000034570694,0.26600000262260437,-0.4659999907016754,3,9
imu,1776824839.3877356,1244651257000,-0.9164313673973083,-1.9989709854125977,-8.922216415405273,-0.329642117023468,-1.157299518585205,1.3677741289138794,40.421941,-86.9035573,200.739,-0.2370000034570694,0.26600000262260437,-0.4659999907016754,3,9
imu,1776824839.3975308,1244661257000,-1.0190391540527344,-3.3196535110473633,-9.007266998291016,0.0014285482466220856,-1.3042649030685425,1.2205454111099243,40.421941,-86.9035573,200.739,-0.2370000034570694,0.26600000262260437,-0.4659999907016754,3,9
imu,1776824839.407215,1244671257000,-0.620288610458374,-2.747997760772705,-8.915974617004395,0.1675446480512619,-1.5947816371917725,1.0447145700454712,40.421941,-86.9035573,200.739,-0.2370000034570694,0.26600000262260437,-0.4659999907016754,3,9
imu,1776824839.4169073,1244681257000,-0.4683437943458557,-3.3294241428375244,-9.610676765441895,0.1223035380244255,-1.8125017881393433,0.7354211807250977,40.421941,-86.9035573,200.739,-0.2370000034570694,0.26600000262260437,-0.4659999907016754,3,9
imu,1776824839.4266615,1244691257000,-1.610579013824463,-2.7041313648223877,-10.685450553894043,0.19737255573272705,-1.35081148147583,0.3887619376182556,40.421941,-86.9035573,200.739,-0.2370000034570694,0.26600000262260437,-0.4659999907016754,3,9
imu,1776824839.4365222,1244701257000,-1.0605517625808716,-1.8018579483032227,-10.218207359313965,0.17327436804771423,-0.8795011043548584,0.2576753497123718,40.421941,-86.9035573,200.739,-0.2370000034570694,0.26600000262260437,-0.4659999907016754,3,9
imu,1776824839.4461815,1244711257000,-0.9756945967674255,-1.0244182348251343,-9.769524574279785,0.207710862159729,-0.7984423637390137,0.41129475831985474,40.421941,-86.9035573,200.739,-0.2370000034570694,0.26600000262260437,-0.4659999907016754,3,9
imu,1776824839.4560583,1244721257000,-1.1385630369186401,-1.497507929801941,-9.652101516723633,0.1620231717824936,-0.7227945327758789,0.31883859634399414,40.421941,-86.9035573,200.739,-0.2370000034570694,0.26600000262260437,-0.4659999907016754,3,9
imu,1776824839.4667385,1244731257000,-1.3725208044052124,-1.1565051078796387,-10.021866798400879,0.006628960836678743,-0.5624269843101501,0.09303932636976242,40.421941,-86.9035573,200.739,-0.2370000034570694,0.26600000262260437,-0.4659999907016754,3,9
imu,1776824839.4765093,1244741257000,-1.4501734972000122,0.1441057026386261,-9.733853340148926,0.09462209045886993,-0.3346317410469055,-0.10641302168369293,40.421941,-86.9035573,200.739,-0.2370000034570694,0.26600000262260437,-0.4659999907016754,3,9
imu,1776824839.486372,1244751257000,-1.5266326665878296,-0.2451448142528534,-8.897114753723145,0.03549998998641968,-0.18516238033771515,-0.292720228433609,40.421941,-86.9035573,200.739,-0.2370000034570694,0.26600000262260437,-0.4659999907016754,3,9
imu,1776824839.4960694,1244761257000,-1.4337886571884155,0.9201487898826599,-8.461711883544922,-0.01483207754790783,-0.15839442610740662,-0.4407408833503723,40.421941,-86.9035573,200.739,-0.2370000034570694,0.26600000262260437,-0.4659999907016754,3,9
imu,1776824839.5058143,1244771257000,-1.7215039730072021,1.9021331071853638,-8.645702362060547,-0.05526050925254822,-0.10253708064556122,0.0281087476760149,40.421941,-86.9035573,200.739,-0.2370000034570694,0.26600000262260437,-0.4659999907016754,3,9
imu,1776824839.515534,1244781257000,-1.3839043378829956,0.0718168243765831,-7.8994903564453125,-0.6133327484130859,-0.11973492801189423,-0.3989865779876709,40.421941,-86.9035573,200.739,-0.2370000034570694,0.26600000262260437,-0.4659999907016754,3,9
imu,1776824839.5254736,1244791257000,-1.5399055480957031,1.873284935951233,-8.105356216430664,-0.4696793854236603,-0.27240148186683655,-0.4112214744091034,40.421941,-86.9035573,200.739,-0.2370000034570694,0.26600000262260437,-0.4659999907016754,3,9
imu,1776824839.535424,1244801257000,-1.1253024339675903,2.958709478378296,-8.417487144470215,-0.009362699463963509,-0.38432633876800537,-0.2001257687807083,40.421941,-86.9035573,200.739,-0.2370000034570694,0.26600000262260437,-0.4659999907016754,3,9
imu,1776824839.545226,1244811257000,-1.671692132949829,0.6945849657058716,-9.124663352966309,-0.029415138065814972,-0.38551709055900574,0.10782422125339508,40.421941,-86.9035573,200.739,-0.2370000034570694,0.26600000262260437,-0.4659999907016754,3,9
imu,1776824839.554934,1244821257000,-1.426047682762146,1.859154462814331,-9.665327072143555,-0.04992927610874176,-0.3726167380809784,-0.09746208041906357,40.421941,-86.9035573,200.739,-0.2370000034570694,0.26600000262260437,-0.4659999907016754,3,9
imu,1776824839.565703,1244831257000,-1.1731911897659302,2.442941427230835,-9.530523300170898,0.17054970562458038,-0.40148502588272095,-0.03172784671187401,40.421941,-86.9035573,200.739,-0.2370000034570694,0.26600000262260437,-0.4659999907016754,3,9
imu,1776824839.5755475,1244841257000,-0.9444561004638672,2.8721425533294678,-10.390481948852539,0.42573073506355286,-0.49939149618148804,0.13231387734413147,40.421941,-86.9035573,200.739,-0.2370000034570694,0.26600000262260437,-0.4659999907016754,3,9
imu,1776824839.587282,1244851257000,-0.23228470981121063,2.8662779331207275,-12.072649002075195,0.4885566830635071,-0.41077542304992676,0.2853815257549286,40.421941,-86.9035573,200.739,-0.2370000034570694,0.26600000262260437,-0.4659999907016754,3,9
imu,1776824839.5949876,1244861257000,0.4142538607120514,3.159898519515991,-13.002026557922363,0.49261122941970825,-0.2550275921821594,0.4551334083080292,40.421941,-86.9035573,200.739,-0.2370000034570694,0.26600000262260437,-0.4659999907016754,3,9
imu,1776824839.6047404,1244871257000,0.4907602369785309,2.5705127716064453,-13.78954792022705,0.48237282037734985,-0.05736008659005165,0.6267995834350586,40.421941,-86.9035573,200.739,-0.2370000034570694,0.26600000262260437,-0.4659999907016754,3,9
imu,1776824839.6145449,1244881257000,0.3600633442401886,1.5939218997955322,-14.094230651855469,0.527449369430542,0.1250484585762024,0.757272481918335,40.421941,-86.9035573,200.739,-0.2370000034570694,0.26600000262260437,-0.4659999907016754,3,9
imu,1776824839.6243656,1244891257000,0.29700466990470886,0.2312311977148056,-14.636446952819824,0.5281403064727783,0.26980504393577576,0.7844528555870056,40.421941,-86.9035573,200.739,-0.2370000034570694,0.26600000262260437,-0.4659999907016754,3,9
imu,1776824839.634096,1244901257000,0.2752811014652252,-0.4876425862312317,-14.86539077758789,0.5380520820617676,0.452950119972229,0.7362009882926941,40.421941,-86.9035573,200.739,-0.2370000034570694,0.26600000262260437,-0.4659999907016754,3,9
imu,1776824839.644831,1244911257000,0.1687697321176529,-1.310147762298584,-14.856230735778809,0.2672795057296753,0.6529415845870972,0.6292282938957214,40.421941,-86.9035573,200.739,-0.2370000034570694,0.26600000262260437,-0.4659999907016754,3,9
imu,1776824839.6547618,1244921257000,0.07967580854892731,-1.8720548152923584,-14.707083702087402,0.01097952388226986,0.8782476782798767,0.4399386942386627,40.421941,-86.9035573,200.739,-0.2370000034570694,0.26600000262260437,-0.4659999907016754,3,9
imu,1776824839.6645377,1244931257000,-0.03928780555725098,-2.0250682830810547,-13.883413314819336,-0.12247386574745178,1.0469874143600464,0.18895305693149567,40.421941,-86.9035573,200.739,-0.2370000034570694,0.26600000262260437,-0.4659999907016754,3,9
imu,1776824839.674339,1244941257000,-0.025934306904673576,-1.9313465356826782,-13.349774360656738,-0.41293901205062866,1.1623541116714478,-0.06750582158565521,40.421941,-86.9035573,200.739,-0.2370000034570694,0.26600000262260437,-0.4659999907016754,3,9
imu,1776824839.6840694,1244951257000,0.16499407589435577,-1.197642207145691,-12.698467254638672,-0.8789823055267334,1.3372339010238647,-0.2688252329826355,40.421941,-86.9035573,200.739,-0.2370000034570694,0.26600000262260437,-0.4659999907016754,3,9
imu,1776824839.6937532,1244961257000,0.13723327219486237,-0.3727723956108093,-11.330877304077148,-1.1700093746185303,1.4208358526229858,-0.37984806299209595,40.421941,-86.9035573,200.739,-0.2370000034570694,0.26600000262260437,-0.4659999907016754,3,9
imu,1776824839.7035167,1244971257000,0.03785451501607895,0.051136620342731476,-10.416849136352539,-1.5328755378723145,1.488739013671875,-0.4292137622833252,40.421941,-86.9035573,200.739,-0.2370000034570694,0.26600000262260437,-0.4659999907016754,3,9
imu,1776824839.7132185,1244981257000,-0.22201809287071228,-0.47005850076675415,-9.903435707092285,-2.045606851577759,1.4879138469696045,-0.5317450761795044,40.421941,-86.9035573,200.739,-0.2370000034570694,0.26600000262260437,-0.4659999907016754,3,9
imu,1776824839.7241738,1244991257000,0.09898093342781067,0.9218904972076416,-9.653182029724121,-2.2647705078125,1.4334346055984497,-0.5805210471153259,40.421941,-86.9035573,200.739,-0.2370000034570694,0.26600000262260437,-0.4659999907016754,3,9
imu,1776824839.7337909,1245001257000,0.0411001592874527,1.264007329940796,-10.269353866577148,-2.456301212310791,1.4357579946517944,-0.29629406332969666,40.421941,-86.9035573,200.739,-0.2370000034570694,0.26600000262260437,-0.4659999907016754,3,9
imu,1776824839.744779,1245011257000,0.7001360654830933,0.7146534323692322,-10.59174633026123,-2.8820858001708984,1.5026018619537354,-0.5576316714286804,40.4219417,-86.9035569,200.72400000000002,0.14900000393390656,0.08299999684095383,-0.1899999976158142,3,9
imu,1776824839.7534986,1245021257000,1.0075039863586426,0.7495324015617371,-10.179031372070312,-2.5737385749816895,1.4483436346054077,-0.8579935431480408,40.4219417,-86.9035569,200.72400000000002,0.14900000393390656,0.08299999684095383,-0.1899999976158142,3,9
imu,1776824839.7631845,1245031257000,1.3357735872268677,2.5929062366485596,-10.13289737701416,-2.2502529621124268,1.2104603052139282,-0.875801146030426,40.4219417,-86.9035569,200.72400000000002,0.14900000393390656,0.08299999684095383,-0.1899999976158142,3,9
imu,1776824839.772892,1245041257000,1.7038861513137817,3.0950851440429688,-10.305522918701172,-2.3254401683807373,1.2001399993896484,-0.7672551274299622,40.4219417,-86.9035569,200.72400000000002,0.14900000393390656,0.08299999684095383,-0.1899999976158142,3,9
imu,1776824839.7827766,1245051257000,1.1677850484848022,3.1772797107696533,-8.839906692504883,-2.6429238319396973,1.234031319618225,-0.7118563055992126,40.4219417,-86.9035569,200.72400000000002,0.14900000393390656,0.08299999684095383,-0.1899999976158142,3,9
imu,1776824839.792424,1245061257000,0.12466073036193848,2.1106040477752686,-6.452500820159912,-3.8567874431610107,1.1998541355133057,-0.849202573299408,40.4219417,-86.9035569,200.72400000000002,0.14900000393390656,0.08299999684095383,-0.1899999976158142,3,9
imu,1776824839.803312,1245071257000,-1.6021403074264526,4.072897434234619,-8.21372127532959,-4.15797233581543,1.166259527206421,-0.4144716262817383,40.4219417,-86.9035569,200.72400000000002,0.14900000393390656,0.08299999684095383,-0.1899999976158142,3,9
imu,1776824839.8131084,1245081257000,0.9158068299293518,-3.771981954574585,-6.352972030639648,-6.954381465911865,1.1292330026626587,-1.7601137161254883,40.4219417,-86.9035569,200.72400000000002,0.14900000393390656,0.08299999684095383,-0.1899999976158142,3,9
imu,1776824839.8229792,1245091257000,-0.21954436600208282,0.7656299471855164,-11.065917015075684,-7.4417595863342285,1.0744892358779907,-1.9332844018936157,40.4219417,-86.9035569,200.72400000000002,0.14900000393390656,0.08299999684095383,-0.1899999976158142,3,9
imu,1776824839.83263,1245101257000,-0.4632926881313324,7.961790084838867,-14.712211608886719,-6.615353584289551,1.1842581033706665,-1.6839927434921265,40.4219417,-86.9035569,200.72400000000002,0.14900000393390656,0.08299999684095383,-0.1899999976158142,3,9
imu,1776824839.8423235,1245111257000,4.273250102996826,-2.861948251724243,-12.422859191894531,-7.125406742095947,2.155538320541382,-1.5093382596969604,40.4219417,-86.9035569,200.72400000000002,0.14900000393390656,0.08299999684095383,-0.1899999976158142,3,9
imu,1776824839.8522058,1245121257000,0.41718170046806335,6.831923007965088,-9.57749080657959,-6.588997840881348,1.7094265222549438,-1.4664534330368042,40.4219417,-86.9035569,200.72400000000002,0.14900000393390656,0.08299999684095383,-0.1899999976158142,3,9
imu,1776824839.862088,1245131257000,0.18115878105163574,5.424160480499268,-7.033575057983398,-6.225158214569092,1.5315752029418945,-1.3877036571502686,40.4219417,-86.9035569,200.72400000000002,0.14900000393390656,0.08299999684095383,-0.1899999976158142,3,9
imu,1776824839.8717325,1245141257000,-3.0265443325042725,7.592082977294922,-7.945453643798828,-5.974121570587158,1.7832762002944946,-0.4009043276309967,40.4219417,-86.9035569,200.72400000000002,0.14900000393390656,0.08299999684095383,-0.1899999976158142,3,9
imu,1776824839.8816416,1245151257000,-0.7472648024559021,3.678298234939575,-1.3117262125015259,-8.114194869995117,1.5207945108413696,-1.7005393505096436,40.4219417,-86.9035569,200.72400000000002,0.14900000393390656,0.08299999684095383,-0.1899999976158142,3,9
imu,1776824839.8913538,1245161257000,1.0307062864303589,7.342909812927246,-5.724247932434082,-8.780948638916016,1.481440782546997,-1.5597635507583618,40.4219417,-86.9035569,200.72400000000002,0.14900000393390656,0.08299999684095383,-0.1899999976158142,3,9
imu,1776824839.9022923,1245171257000,2.1171019077301025,10.034626960754395,-10.251482009887695,-8.263513565063477,2.034604072570801,-1.1478790044784546,40.4219417,-86.9035569,200.72400000000002,0.14900000393390656,0.08299999684095383,-0.1899999976158142,3,9
imu,1776824839.9121962,1245181257000,1.1668120622634888,8.71452522277832,-8.589813232421875,-7.117489814758301,2.6526718139648438,-0.5341917276382446,40.4219417,-86.9035569,200.72400000000002,0.14900000393390656,0.08299999684095383,-0.1899999976158142,3,9
imu,1776824839.9215066,1245191257000,-0.5332926511764526,5.830801963806152,-3.378666400909424,-6.634528160095215,2.482896089553833,-0.4450817108154297,40.4219417,-86.9035569,200.72400000000002,0.14900000393390656,0.08299999684095383,-0.1899999976158142,3,9
imu,1776824839.9311066,1245201257000,-0.2431052178144455,6.341590404510498,-2.269395589828491,-6.4742021560668945,2.063659429550171,-0.8262099027633667,40.4219417,-86.9035569,200.72400000000002,0.14900000393390656,0.08299999684095383,-0.1899999976158142,3,9
imu,1776824839.9409564,1245211257000,-0.9872292280197144,6.48708438873291,-0.8593280911445618,-6.305543899536133,1.9605135917663574,-0.8356074094772339,40.4219417,-86.9035569,200.72400000000002,0.14900000393390656,0.08299999684095383,-0.1899999976158142,3,9
imu,1776824839.9509244,1245221257000,-0.6723355054855347,7.400928020477295,-0.6848981380462646,-6.654706954956055,1.86387038230896,-0.8035114407539368,40.4219417,-86.9035569,200.72400000000002,0.14900000393390656,0.08299999684095383,-0.1899999976158142,3,9
imu,1776824839.9616396,1245231257000,-0.3257455825805664,8.053935050964355,-1.4620919227600098,-7.226446151733398,1.9699100255966187,-0.5777184367179871,40.4219417,-86.9035569,200.72400000000002,0.14900000393390656,0.08299999684095383,-0.1899999976158142,3,9
imu,1776824839.9716098,1245241257000,-0.5411921143531799,7.852748394012451,-0.26449328660964966,-7.015800952911377,2.0640957355499268,-0.31657227873802185,40.4219417,-86.9035569,200.72400000000002,0.14900000393390656,0.08299999684095383,-0.1899999976158142,3,9
imu,1776824839.9812863,1245251257000,-0.3698567748069763,6.840240478515625,2.0782625675201416,-7.016758918762207,1.7730361223220825,-0.16153918206691742,40.4219417,-86.9035569,200.72400000000002,0.14900000393390656,0.08299999684095383,-0.1899999976158142,3,9
imu,1776824839.991016,1245261257000,1.379454255104065,6.455199241638184,0.19768208265304565,-7.004399299621582,1.6726644039154053,-0.08447851240634918,40.4219417,-86.9035569,200.72400000000002,0.14900000393390656,0.08299999684095383,-0.1899999976158142,3,9
imu,1776824840.0008087,1245271257000,0.8741756677627563,8.582056045532227,-2.331817150115967,-6.767022609710693,2.1254353523254395,-0.13747410476207733,40.4219417,-86.9035569,200.72400000000002,0.14900000393390656,0.08299999684095383,-0.1899999976158142,3,9
imu,1776824840.0106494,1245281257000,0.972205638885498,8.713276863098145,-0.8587887287139893,-6.168372631072998,2.627192258834839,0.004733814857900143,40.4219417,-86.9035569,200.72400000000002,0.14900000393390656,0.08299999684095383,-0.1899999976158142,3,9
imu,1776824840.0204823,1245291257000,0.254381000995636,6.5007123947143555,5.287502288818359,-6.188060283660889,2.6341323852539062,0.015443963930010796,40.4219417,-86.9035569,200.72400000000002,0.14900000393390656,0.08299999684095383,-0.1899999976158142,3,9
imu,1776824840.030174,1245301257000,0.07273489236831665,7.190715789794922,4.343558311462402,-6.598627090454102,1.9866020679473877,-0.05325902998447418,40.4219417,-86.9035569,200.72400000000002,0.14900000393390656,0.08299999684095383,-0.1899999976158142,3,9
imu,1776824840.0398924,1245311257000,1.0774459838867188,8.063779830932617,1.0199044942855835,-6.606623649597168,2.0710949897766113,0.05154065787792206,40.4219417,-86.9035569,200.72400000000002,0.14900000393390656,0.08299999684095383,-0.1899999976158142,3,9
imu,1776824840.049746,1245321257000,0.6577228307723999,8.838701248168945,0.8113178014755249,-5.748932361602783,2.2503347396850586,0.20491309463977814,40.4219417,-86.9035569,200.72400000000002,0.14900000393390656,0.08299999684095383,-0.1899999976158142,3,9
imu,1776824840.0594804,1245331257000,-0.3383629322052002,8.358201026916504,2.681563138961792,-5.040786266326904,2.409646987915039,0.6303348541259766,40.4219417,-86.9035569,200.72400000000002,0.14900000393390656,0.08299999684095383,-0.1899999976158142,3,9
imu,1776824840.0702598,1245341257000,-0.2012249082326889,4.5159220695495605,4.468263626098633,-4.813355445861816,2.241746187210083,0.4495988190174103,40.4219417,-86.9035569,200.72400000000002,0.14900000393390656,0.08299999684095383,-0.1899999976158142,3,9
imu,1776824840.0801094,1245351257000,-0.49319279193878174,5.701999187469482,3.5119338035583496,-4.406540393829346,2.1247241497039795,0.3383175730705261,40.4219417,-86.9035569,200.72400000000002,0.14900000393390656,0.08299999684095383,-0.1899999976158142,3,9
imu,1776824840.0899205,1245361257000,0.1012638658285141,4.844266414642334,3.9335646629333496,-3.9828126430511475,2.200157880783081,0.4692181646823883,40.4219417,-86.9035569,200.72400000000002,0.14900000393390656,0.08299999684095383,-0.1899999976158142,3,9
imu,1776824840.0998344,1245371257000,-0.4382162094116211,5.20603609085083,4.94258975982666,-3.684047222137451,2.23357892036438,0.2671048641204834,40.4219417,-86.9035569,200.72400000000002,0.14900000393390656,0.08299999684095383,-0.1899999976158142,3,9
imu,1776824840.1094747,1245381257000,-0.1550258994102478,6.414792060852051,4.6134514808654785,-3.3810155391693115,2.2270545959472656,0.24185974895954132,40.4219417,-86.9035569,200.72400000000002,0.14900000393390656,0.08299999684095383,-0.1899999976158142,3,9
imu,1776824840.1193016,1245391257000,-0.40545570850372314,6.132363319396973,5.116339206695557,-3.1637566089630127,2.2950615882873535,0.4676205515861511,40.4219417,-86.9035569,200.72400000000002,0.14900000393390656,0.08299999684095383,-0.1899999976158142,3,9
imu,1776824840.129207,1245401257000,-0.18857859075069427,5.357823848724365,5.478367328643799,-2.933967351913452,2.233017683029175,0.49288180470466614,40.4219417,-86.9035569,200.72400000000002,0.14900000393390656,0.08299999684095383,-0.1899999976158142,3,9
imu,1776824840.1390452,1245411257000,-0.9602328538894653,5.526658058166504,4.921490669250488,-2.8114943504333496,2.3342108726501465,0.5713505148887634,40.4219417,-86.9035569,200.72400000000002,0.14900000393390656,0.08299999684095383,-0.1899999976158142,3,9
imu,1776824840.1487958,1245421257000,-0.7173289060592651,6.060851097106934,6.229024887084961,-2.6521074771881104,2.4510605335235596,0.6428542137145996,40.4219417,-86.9035569,200.72400000000002,0.14900000393390656,0.08299999684095383,-0.1899999976158142,3,9
imu,1776824840.1586037,1245431256000,0.24135982990264893,3.051851987838745,5.789181709289551,-2.7483229637145996,2.9256069660186768,1.3024219274520874,40.4219417,-86.9035569,200.72400000000002,0.14900000393390656,0.08299999684095383,-0.1899999976158142,3,9
imu,1776824840.169538,1245441257000,-1.5409549474716187,5.424126148223877,6.833090305328369,-2.7843706607818604,2.395779848098755,0.7289043664932251,40.4219417,-86.9035569,200.72400000000002,0.14900000393390656,0.08299999684095383,-0.1899999976158142,3,9
imu,1776824840.17926,1245451257000,-1.2143710851669312,6.0378007888793945,5.6033453941345215,-2.5222091674804688,2.4949803352355957,0.7953470349311829,40.4219417,-86.9035569,200.72400000000002,0.14900000393390656,0.08299999684095383,-0.1899999976158142,3,9
imu,1776824840.1890373,1245461257000,-1.149082899093628,4.357205390930176,5.0341715812683105,-2.2331104278564453,2.6939475536346436,0.7376099228858948,40.4219417,-86.9035569,200.72400000000002,0.14900000393390656,0.08299999684095383,-0.1899999976158142,3,9
imu,1776824840.1987417,1245471257000,-1.5051326751708984,7.230672836303711,7.8805670738220215,-2.0593678951263428,2.425058364868164,1.1246333122253418,40.4219417,-86.9035569,200.72400000000002,0.14900000393390656,0.08299999684095383,-0.1899999976158142,3,9
imu,1776824840.2084937,1245481257000,-2.7423055171966553,9.11289119720459,1.5911400318145752,-1.5800265073776245,3.0675933361053467,2.2863686084747314,40.4219417,-86.9035569,200.72400000000002,0.14900000393390656,0.08299999684095383,-0.1899999976158142,3,9
imu,1776824840.21854,1245491257000,-2.5115673542022705,4.267057418823242,11.703530311584473,-1.766013264656067,2.248171091079712,1.0347347259521484,40.4219417,-86.9035569,200.72400000000002,0.14900000393390656,0.08299999684095383,-0.1899999976158142,3,9
imu,1776824840.2280622,1245501257000,-1.7975510358810425,6.395410537719727,7.505251407623291,-1.593234658241272,2.1588783264160156,1.0742279291152954,40.4219417,-86.9035569,200.72400000000002,0.14900000393390656,0.08299999684095383,-0.1899999976158142,3,9
imu,1776824840.2401688,1245511257000,-1.724380612373352,8.34045696258545,7.742915153503418,-1.4644900560379028,2.3505358695983887,1.452849268913269,40.4219417,-86.90355579999999,200.83700000000002,-0.16099999845027924,0.3240000009536743,-0.2460000067949295,3,9
imu,1776824840.247757,1245521257000,-0.9403864741325378,8.182695388793945,9.464090347290039,-1.3815274238586426,2.235653877258301,1.673263430595398,40.4219417,-86.90355579999999,200.83700000000002,-0.16099999845027924,0.3240000009536743,-0.2460000067949295,3,9
imu,1776824840.2574399,1245531257000,-2.121316909790039,5.921520709991455,8.548032760620117,-1.2934993505477905,2.3570852279663086,1.7138713598251343,40.4219417,-86.90355579999999,200.83700000000002,-0.16099999845027924,0.3240000009536743,-0.2460000067949295,3,9
imu,1776824840.268133,1245541257000,-2.188627004623413,4.579293727874756,6.039676189422607,-1.2235885858535767,2.798236131668091,3.324580669403076,40.4219417,-86.90355579999999,200.83700000000002,-0.16099999845027924,0.3240000009536743,-0.2460000067949295,3,9
imu,1776824840.2779107,1245551257000,-3.1307454109191895,2.3682069778442383,13.402050971984863,-1.378165602684021,1.858530044555664,1.7433100938796997,40.4219417,-86.90355579999999,200.83700000000002,-0.16099999845027924,0.3240000009536743,-0.2460000067949295,3,9
imu,1776824840.2877905,1245561257000,-2.8802051544189453,5.996969699859619,8.081230163574219,-1.355348825454712,1.7399510145187378,1.8362380266189575,40.4219417,-86.90355579999999,200.83700000000002,-0.16099999845027924,0.3240000009536743,-0.2460000067949295,3,9
imu,1776824840.2975326,1245571257000,-3.1731812953948975,6.171418190002441,8.950447082519531,-1.1459169387817383,1.8904509544372559,2.1671953201293945,40.4219417,-86.90355579999999,200.83700000000002,-0.16099999845027924,0.3240000009536743,-0.2460000067949295,3,9
imu,1776824840.3072414,1245581257000,-2.6497910022735596,6.185492515563965,10.213726043701172,-0.9177475571632385,1.6256897449493408,2.15401029586792,40.4219417,-86.90355579999999,200.83700000000002,-0.16099999845027924,0.3240000009536743,-0.2460000067949295,3,9
imu,1776824840.3170664,1245591257000,-4.501897811889648,10.439414024353027,4.475029945373535,-0.4149325489997864,2.035226821899414,3.4283361434936523,40.4219417,-86.90355579999999,200.83700000000002,-0.16099999845027924,0.3240000009536743,-0.2460000067949295,3,9
imu,1776824840.3268504,1245601257000,-4.583732604980469,2.744295835494995,12.486481666564941,-0.6125954389572144,1.5127770900726318,2.3990139961242676,40.4219417,-86.90355579999999,200.83700000000002,-0.16099999845027924,0.3240000009536743,-0.2460000067949295,3,9
imu,1776824840.336776,1245611257000,-4.4153056144714355,3.2865149974823,10.394598007202148,-0.7420921325683594,1.3929623365402222,2.281599521636963,40.4219417,-86.90355579999999,200.83700000000002,-0.16099999845027924,0.3240000009536743,-0.2460000067949295,3,9
imu,1776824840.3465528,1245621257000,-3.8560616970062256,5.479938983917236,9.887487411499023,-0.6485112309455872,1.2185553312301636,2.3075783252716064,40.4219417,-86.90355579999999,200.83700000000002,-0.16099999845027924,0.3240000009536743,-0.2460000067949295,3,9
imu,1776824840.3573349,1245631257000,-5.206618309020996,10.40870189666748,7.049710750579834,0.19488701224327087,1.2659578323364258,3.069308042526245,40.4219417,-86.90355579999999,200.83700000000002,-0.16099999845027924,0.3240000009536743,-0.2460000067949295,3,9
imu,1776824840.3670883,1245641257000,-3.777698278427124,1.0280247926712036,14.437407493591309,-0.42123380303382874,1.1233303546905518,2.552954912185669,40.4219417,-86.90355579999999,200.83700000000002,-0.16099999845027924,0.3240000009536743,-0.2460000067949295,3,9
imu,1776824840.3769996,1245651257000,-4.694406509399414,3.2630228996276855,10.317123413085938,-0.48915889859199524,0.6358770132064819,2.3539130687713623,40.4219417,-86.90355579999999,200.83700000000002,-0.16099999845027924,0.3240000009536743,-0.2460000067949295,3,9
imu,1776824840.3866968,1245661258000,-3.8694052696228027,4.174412727355957,9.852583885192871,-0.46023914217948914,0.7085202932357788,2.367016553878784,40.4219417,-86.90355579999999,200.83700000000002,-0.16099999845027924,0.3240000009536743,-0.2460000067949295,3,9
imu,1776824840.3963583,1245671257000,-3.8168931007385254,4.701857089996338,10.292649269104004,-0.2192596197128296,0.6694636940956116,2.518676519393921,40.4219417,-86.90355579999999,200.83700000000002,-0.16099999845027924,0.3240000009536743,-0.2460000067949295,3,9
imu,1776824840.406204,1245681257000,-4.447055339813232,-0.7101181149482727,7.547267913818359,-0.3984115719795227,1.2473161220550537,3.2727062702178955,40.4219417,-86.90355579999999,200.83700000000002,-0.16099999845027924,0.3240000009536743,-0.2460000067949295,3,9
imu,1776824840.4159591,1245691257000,-4.751227378845215,1.0674158334732056,11.444564819335938,-0.294964462518692,0.5848667025566101,2.0791501998901367,40.4219417,-86.90355579999999,200.83700000000002,-0.16099999845027924,0.3240000009536743,-0.2460000067949295,3,9
imu,1776824840.4256673,1245701257000,-3.8126983642578125,3.831576347351074,9.164702415466309,-0.15937483310699463,0.36990290880203247,1.8038570880889893,40.4219417,-86.90355579999999,200.83700000000002,-0.16099999845027924,0.3240000009536743,-0.2460000067949295,3,9
imu,1776824840.435633,1245711257000,-3.9985904693603516,10.780732154846191,7.218923568725586,0.34801071882247925,0.4347713589668274,2.9115593433380127,40.4219417,-86.90355579999999,200.83700000000002,-0.16099999845027924,0.3240000009536743,-0.2460000067949295,3,9
imu,1776824840.4464693,1245721257000,-3.1778042316436768,4.461419105529785,9.950343132019043,0.047712504863739014,0.6590825915336609,3.044609308242798,40.4219417,-86.90355579999999,200.83700000000002,-0.16099999845027924,0.3240000009536743,-0.2460000067949295,3,9
imu,1776824840.4562047,1245731257000,-4.450805187225342,2.594796657562256,10.7348051071167,-0.25695011019706726,0.7183318138122559,3.2511446475982666,40.4219417,-86.90355579999999,200.83700000000002,-0.16099999845027924,0.3240000009536743,-0.2460000067949295,3,9
imu,1776824840.4658718,1245741257000,-3.0747549533843994,2.621708869934082,11.9146146774292,-0.22574754059314728,0.103800468146801,2.31844162940979,40.4219417,-86.90355579999999,200.83700000000002,-0.16099999845027924,0.3240000009536743,-0.2460000067949295,3,9
imu,1776824840.475714,1245751257000,-2.7242274284362793,7.733480453491211,10.190417289733887,0.5218799710273743,-0.22877565026283264,2.6058907508850098,40.4219417,-86.90355579999999,200.83700000000002,-0.16099999845027924,0.3240000009536743,-0.2460000067949295,3,9
imu,1776824840.4854226,1245761257000,-4.101345539093018,1.978247046470642,8.086450576782227,0.5535550117492676,0.34132105112075806,3.636472463607788,40.4219417,-86.90355579999999,200.83700000000002,-0.16099999845027924,0.3240000009536743,-0.2460000067949295,3,9
imu,1776824840.4962497,1245771257000,-2.966343879699707,2.8342604637145996,12.493477821350098,0.26651281118392944,-0.029405564069747925,2.903230667114258,40.4219417,-86.90355579999999,200.83700000000002,-0.16099999845027924,0.3240000009536743,-0.2460000067949295,3,9
imu,1776824840.504936,1245781257000,-1.531348705291748,4.584954738616943,11.07104206085205,0.48768121004104614,-0.3211837112903595,2.921135902404785,40.4219417,-86.90355579999999,200.83700000000002,-0.16099999845027924,0.3240000009536743,-0.2460000067949295,3,9
imu,1776824840.5148053,1245791257000,-3.5215351581573486,3.616518497467041,9.44700813293457,0.4521670639514923,-0.3906850814819336,3.1416687965393066,40.4219417,-86.90355579999999,200.83700000000002,-0.16099999845027924,0.3240000009536743,-0.2460000067949295,3,9
imu,1776824840.5246959,1245801257000,-3.7361862659454346,4.084768772125244,8.707657814025879,0.5869807600975037,-0.26970720291137695,3.210038423538208,40.4219417,-86.90355579999999,200.83700000000002,-0.16099999845027924,0.3240000009536743,-0.2460000067949295,3,9
imu,1776824840.5368237,1245811257000,-1.9431945085525513,4.32521915435791,9.054723739624023,0.46348023414611816,-0.18997447192668915,3.1374573707580566,40.4219417,-86.90355579999999,200.83700000000002,-0.16099999845027924,0.3240000009536743,-0.2460000067949295,3,9
imu,1776824840.5445166,1245821257000,-0.985743522644043,4.93855094909668,9.51485538482666,0.4043872058391571,-0.32066184282302856,3.0300135612487793,40.4219417,-86.90355579999999,200.83700000000002,-0.16099999845027924,0.3240000009536743,-0.2460000067949295,3,9
imu,1776824840.5541036,1245831257000,-1.5274057388305664,4.68829345703125,9.349709510803223,0.5478979349136353,-0.3650114834308624,3.032686471939087,40.4219417,-86.90355579999999,200.83700000000002,-0.16099999845027924,0.3240000009536743,-0.2460000067949295,3,9
imu,1776824840.565096,1245841257000,-2.3508591651916504,2.421257972717285,7.495964527130127,0.4663242697715759,-0.21816690266132355,2.9741733074188232,40.4219417,-86.90355579999999,200.83700000000002,-0.16099999845027924,0.3240000009536743,-0.2460000067949295,3,9
imu,1776824840.5749707,1245851257000,-0.9512566328048706,2.4096736907958984,9.235661506652832,-0.02996833249926567,-0.3302471339702606,2.351125717163086,40.4219417,-86.90355579999999,200.83700000000002,-0.16099999845027924,0.3240000009536743,-0.2460000067949295,3,9
imu,1776824840.5847409,1245861257000,-0.2531609535217285,5.317751884460449,8.705848693847656,-0.07234471291303635,-0.38450756669044495,1.924964427947998,40.4219417,-86.90355579999999,200.83700000000002,-0.16099999845027924,0.3240000009536743,-0.2460000067949295,3,9
imu,1776824840.59444,1245871257000,-0.879464328289032,8.287840843200684,7.2541022300720215,0.5953088998794556,-0.2289211004972458,2.9781508445739746,40.4219417,-86.90355579999999,200.83700000000002,-0.16099999845027924,0.3240000009536743,-0.2460000067949295,3,9
imu,1776824840.6041899,1245881257000,-0.7268208861351013,3.5922482013702393,8.809748649597168,0.3856196403503418,0.13037140667438507,2.909811496734619,40.4219417,-86.90355579999999,200.83700000000002,-0.16099999845027924,0.3240000009536743,-0.2460000067949295,3,9
imu,1776824840.6151285,1245891257000,-1.3547487258911133,1.6313456296920776,9.60169506072998,-0.06651853024959564,0.0873728096485138,2.386990547180176,40.4219417,-86.90355579999999,200.83700000000002,-0.16099999845027924,0.3240000009536743,-0.2460000067949295,3,9
imu,1776824840.6236737,1245901257000,-0.4102146327495575,3.3919520378112793,10.36877155303955,-0.09412551671266556,-0.44770413637161255,1.7951055765151978,40.4219417,-86.90355579999999,200.83700000000002,-0.16099999845027924,0.3240000009536743,-0.2460000067949295,3,9
imu,1776824840.6346076,1245911257000,0.046157900243997574,4.4378509521484375,7.907412052154541,-0.03192749619483948,-0.6382087469100952,1.6979389190673828,40.4219417,-86.90355579999999,200.83700000000002,-0.16099999845027924,0.3240000009536743,-0.2460000067949295,3,9
imu,1776824840.6442568,1245921257000,-2.0598506927490234,7.283913612365723,6.744130611419678,0.8955629467964172,-0.44394651055336,2.647927761077881,40.4219417,-86.90355579999999,200.83700000000002,-0.16099999845027924,0.3240000009536743,-0.2460000067949295,3,9
imu,1776824840.6551106,1245931257000,1.1228665113449097,5.018294811248779,8.133870124816895,0.7020822763442993,-0.21035781502723694,2.8020215034484863,40.4219417,-86.90355579999999,200.83700000000002,-0.16099999845027924,0.3240000009536743,-0.2460000067949295,3,9
imu,1776824840.664852,1245941257000,0.6116389036178589,4.652983665466309,8.329824447631836,0.5041269659996033,-0.35703179240226746,2.562284469604492,40.4219417,-86.90355579999999,200.83700000000002,-0.16099999845027924,0.3240000009536743,-0.2460000067949295,3,9
imu,1776824840.6744862,1245951257000,-0.4034476578235626,4.11775016784668,7.258143901824951,0.5129803419113159,-0.5552242994308472,2.528982400894165,40.4219417,-86.90355579999999,200.83700000000002,-0.16099999845027924,0.3240000009536743,-0.2460000067949295,3,9
imu,1776824840.6842592,1245961257000,-0.19020330905914307,3.59586763381958,6.779465198516846,0.49078765511512756,-0.7107235193252563,2.23811936378479,40.4219417,-86.90355579999999,200.83700000000002,-0.16099999845027924,0.3240000009536743,-0.2460000067949295,3,9
imu,1776824840.6940374,1245971257000,0.32773852348327637,3.570281505584717,7.139689922332764,0.5341988205909729,-0.637997567653656,1.9339224100112915,40.4219417,-86.90355579999999,200.83700000000002,-0.16099999845027924,0.3240000009536743,-0.2460000067949295,3,9
imu,1776824840.7039812,1245981257000,1.3570139408111572,4.287083625793457,7.6206865310668945,0.22245852649211884,-0.6117029786109924,1.7218273878097534,40.4219417,-86.90355579999999,200.83700000000002,-0.16099999845027924,0.3240000009536743,-0.2460000067949295,3,9
imu,1776824840.7139585,1245991257000,1.597711443901062,5.230298042297363,8.365199089050293,0.07164310663938522,-0.628780722618103,1.6394623517990112,40.4219417,-86.90355579999999,200.83700000000002,-0.16099999845027924,0.3240000009536743,-0.2460000067949295,3,9
imu,1776824840.723672,1246001257000,0.14847515523433685,3.6877903938293457,8.34419059753418,0.12195311486721039,-0.6074797511100769,1.4621740579605103,40.4219417,-86.90355579999999,200.83700000000002,-0.16099999845027924,0.3240000009536743,-0.2460000067949295,3,9
imu,1776824840.7345006,1246011256000,-1.701878547668457,3.2815868854522705,8.835277557373047,-0.022210702300071716,-0.6359989047050476,1.4070554971694946,40.4219431,-86.9035571,200.633,0.14300000667572021,0.0020000000949949026,-0.14100000262260437,3,9
imu,1776824840.7432659,1246021257000,1.5231194496154785,3.898906707763672,8.79487419128418,0.5046457648277283,-0.7121667861938477,1.4106544256210327,40.4219431,-86.9035571,200.633,0.14300000667572021,0.0020000000949949026,-0.14100000262260437,3,9
imu,1776824840.753072,1246031257000,2.4563183784484863,1.8380361795425415,8.982887268066406,-0.030506320297718048,-0.6815078258514404,1.11640202999115,40.4219431,-86.9035571,200.633,0.14300000667572021,0.0020000000949949026,-0.14100000262260437,3,9
imu,1776824840.7631717,1246041257000,3.2652852535247803,2.68447208404541,9.661131858825684,-0.42059338092803955,-0.6284666061401367,0.4339493215084076,40.4219431,-86.9035571,200.633,0.14300000667572021,0.0020000000949949026,-0.14100000262260437,3,9
imu,1776824840.7732956,1246051257000,2.0861878395080566,4.5426177978515625,9.23981761932373,-0.24042966961860657,-0.6439406275749207,0.41243958473205566,40.4219431,-86.9035571,200.633,0.14300000667572021,0.0020000000949949026,-0.14100000262260437,3,9
imu,1776824840.7831583,1246061257000,2.3631255626678467,3.884636163711548,8.924518585205078,-0.004163679666817188,-0.5853944420814514,0.5031933784484863,40.4219431,-86.9035571,200.633,0.14300000667572021,0.0020000000949949026,-0.14100000262260437,3,9
imu,1776824840.7927103,1246071257000,2.375098943710327,4.098205089569092,9.359089851379395,0.009241929277777672,-0.6271902322769165,0.5112596154212952,40.4219431,-86.9035571,200.633,0.14300000667572021,0.0020000000949949026,-0.14100000262260437,3,9
imu,1776824840.8025293,1246081257000,2.676546812057495,5.901138782501221,8.173308372497559,1.0215471982955933,-0.3268628716468811,1.1519194841384888,40.4219431,-86.9035571,200.633,0.14300000667572021,0.0020000000949949026,-0.14100000262260437,3,9
imu,1776824840.81238,1246091257000,2.1132495403289795,2.6090598106384277,7.532069206237793,0.897968053817749,0.13393357396125793,1.4632394313812256,40.4219431,-86.9035571,200.633,0.14300000667572021,0.0020000000949949026,-0.14100000262260437,3,9
imu,1776824840.8233454,1246101257000,3.7487332820892334,6.1282958984375,6.575845241546631,0.3114136755466461,0.2203713357448578,1.7168487310409546,40.4219431,-86.9035571,200.633,0.14300000667572021,0.0020000000949949026,-0.14100000262260437,3,9
imu,1776824840.832748,1246111257000,5.001861095428467,7.382747650146484,13.175957679748535,3.5795934200286865,0.24386809766292572,3.239879846572876,40.4219431,-86.9035571,200.633,0.14300000667572021,0.0020000000949949026,-0.14100000262260437,3,9
imu,1776824840.842607,1246121257000,7.258411407470703,-1.7068812847137451,10.2741117477417,0.4354059100151062,-0.5159200429916382,1.6202871799468994,40.4219431,-86.9035571,200.633,0.14300000667572021,0.0020000000949949026,-0.14100000262260437,3,9
imu,1776824840.8524094,1246131257000,-0.5106258392333984,12.065844535827637,15.218544006347656,3.4949400424957275,-0.046284064650535583,3.268217086791992,40.4219431,-86.9035571,200.633,0.14300000667572021,0.0020000000949949026,-0.14100000262260437,3,9
imu,1776824840.862063,1246141257000,5.153810501098633,-0.46482059359550476,8.349642753601074,0.633334755897522,-0.26658719778060913,3.0306308269500732,40.4219431,-86.9035571,200.633,0.14300000667572021,0.0020000000949949026,-0.14100000262260437,3,9
imu,1776824840.8720021,1246151257000,7.152301788330078,5.125513076782227,3.154229164123535,-0.7798481583595276,-0.4922827184200287,2.1658079624176025,40.4219431,-86.9035571,200.633,0.14300000667572021,0.0020000000949949026,-0.14100000262260437,3,9
imu,1776824840.8818345,1246161257000,1.831101655960083,5.597992420196533,8.609352111816406,2.138792037963867,0.2575364112854004,3.0239932537078857,40.4219431,-86.9035571,200.633,0.14300000667572021,0.0020000000949949026,-0.14100000262260437,3,9
imu,1776824840.891528,1246171257000,4.954349040985107,3.187805414199829,6.919568061828613,1.5803629159927368,0.9321390390396118,3.4401144981384277,40.4219431,-86.9035571,200.633,0.14300000667572021,0.0020000000949949026,-0.14100000262260437,3,9
imu,1776824840.9013278,1246181257000,3.829296112060547,2.7110607624053955,10.159527778625488,1.9819291830062866,0.8377936482429504,2.5214147567749023,40.4219431,-86.9035571,200.633,0.14300000667572021,0.0020000000949949026,-0.14100000262260437,3,9
imu,1776824840.9121888,1246191257000,1.2121871709823608,5.459040641784668,13.38708782196045,1.8091020584106445,0.06684409826993942,2.196951389312744,40.4219431,-86.9035571,200.633,0.14300000667572021,0.0020000000949949026,-0.14100000262260437,3,9
imu,1776824840.9220607,1246201257000,1.4307969808578491,4.897568702697754,13.190925598144531,1.48179292678833,-0.6938169002532959,1.9432507753372192,40.4219431,-86.9035571,200.633,0.14300000667572021,0.0020000000949949026,-0.14100000262260437,3,9
imu,1776824840.9318416,1246211257000,3.2922794818878174,5.614321231842041,10.465263366699219,0.8440769910812378,-1.2914609909057617,1.8054962158203125,40.4219431,-86.9035571,200.633,0.14300000667572021,0.0020000000949949026,-0.14100000262260437,3,9
imu,1776824840.9415476,1246221256000,4.226809024810791,4.5939226150512695,6.276775360107422,0.5321294069290161,-1.524580717086792,1.6544339656829834,40.4219431,-86.9035571,200.633,0.14300000667572021,0.0020000000949949026,-0.14100000262260437,3,9
imu,1776824840.951297,1246231257000,4.699282169342041,4.755620956420898,5.290818214416504,0.25971412658691406,-1.3988497257232666,1.4560679197311401,40.4219431,-86.9035571,200.633,0.14300000667572021,0.0020000000949949026,-0.14100000262260437,3,9
imu,1776824840.9610999,1246241257000,3.192265272140503,4.902337074279785,7.277271747589111,0.7956135869026184,-1.0153110027313232,1.4638035297393799,40.4219431,-86.9035571,200.633,0.14300000667572021,0.0020000000949949026,-0.14100000262260437,3,9
imu,1776824840.9709907,1246251257000,3.206936836242676,5.042736530303955,9.376099586486816,0.8366829752922058,-0.7970789670944214,1.3298240900039673,40.4219431,-86.9035571,200.633,0.14300000667572021,0.0020000000949949026,-0.14100000262260437,3,9
imu,1776824840.9806697,1246261257000,2.6938552856445312,6.044395923614502,10.854652404785156,0.6399343609809875,-1.0033631324768066,1.263241171836853,40.4219431,-86.9035571,200.633,0.14300000667572021,0.0020000000949949026,-0.14100000262260437,3,9
imu,1776824840.9914997,1246271257000,1.9746053218841553,6.795130729675293,11.6226167678833,0.41633141040802,-1.613037109375,1.329685091972351,40.4219431,-86.9035571,200.633,0.14300000667572021,0.0020000000949949026,-0.14100000262260437,3,9
imu,1776824841.0012593,1246281257000,1.936589241027832,7.829648494720459,11.510531425476074,0.0873648077249527,-2.5016093254089355,1.6069588661193848,40.4219431,-86.9035571,200.633,0.14300000667572021,0.0020000000949949026,-0.14100000262260437,3,9
imu,1776824841.0109644,1246291257000,1.5829055309295654,7.809734344482422,9.903646469116211,-0.26600977778434753,-3.4277873039245605,1.9679170846939087,40.4219431,-86.9035571,200.633,0.14300000667572021,0.0020000000949949026,-0.14100000262260437,3,9
imu,1776824841.0208552,1246301257000,1.601283311843872,7.300436019897461,7.987190246582031,-0.15512457489967346,-4.055490970611572,2.1091525554656982,40.4219431,-86.9035571,200.633,0.14300000667572021,0.0020000000949949026,-0.14100000262260437,3,9
imu,1776824841.0306482,1246311257000,3.5597341060638428,6.77831506729126,5.600553512573242,-0.58235764503479,-4.395519256591797,2.362455129623413,40.4219431,-86.9035571,200.633,0.14300000667572021,0.0020000000949949026,-0.14100000262260437,3,9
imu,1776824841.04046,1246321257000,3.97981595993042,6.91847038269043,5.422837734222412,-1.0527470111846924,-4.422587871551514,2.6035656929016113,40.4219431,-86.9035571,200.633,0.14300000667572021,0.0020000000949949026,-0.14100000262260437,3,9
imu,1776824841.0501153,1246331257000,3.8817062377929688,6.164035797119141,4.429061412811279,-1.411523699760437,-4.594546318054199,2.9785568714141846,40.4219431,-86.9035571,200.633,0.14300000667572021,0.0020000000949949026,-0.14100000262260437,3,9
imu,1776824841.0599675,1246341257000,4.583682060241699,5.18275260925293,2.8048365116119385,-2.7321410179138184,-5.2260541915893555,3.270573377609253,40.4219431,-86.9035571,200.633,0.14300000667572021,0.0020000000949949026,-0.14100000262260437,3,9
imu,1776824841.0699205,1246351257000,2.2718091011047363,5.730496883392334,3.9546902179718018,-3.4537785053253174,-6.332919120788574,3.9351954460144043,40.4219431,-86.9035571,200.633,0.14300000667572021,0.0020000000949949026,-0.14100000262260437,3,9
imu,1776824841.0797088,1246361257000,3.863986015319824,4.509322643280029,-0.42186975479125977,-3.6204729080200195,-6.201071262359619,4.278685569763184,40.4219431,-86.9035571,200.633,0.14300000667572021,0.0020000000949949026,-0.14100000262260437,3,9
imu,1776824841.089377,1246371257000,5.077911376953125,3.869793653488159,0.5003515481948853,-4.257519721984863,-6.141363620758057,4.612424373626709,40.4219431,-86.9035571,200.633,0.14300000667572021,0.0020000000949949026,-0.14100000262260437,3,9
imu,1776824841.099256,1246381257000,4.8048996925354,3.4495160579681396,0.21311695873737335,-3.983454704284668,-5.932209014892578,4.83862829208374,40.4219431,-86.9035571,200.633,0.14300000667572021,0.0020000000949949026,-0.14100000262260437,3,9
imu,1776824841.1100175,1246391257000,5.75047492980957,1.2334518432617188,-2.202202558517456,-3.8235161304473877,-5.3482794761657715,4.834897994995117,40.4219431,-86.9035571,200.633,0.14300000667572021,0.0020000000949949026,-0.14100000262260437,3,9
imu,1776824841.1199355,1246401257000,7.979582786560059,-0.18892142176628113,-2.4756228923797607,-3.821242094039917,-4.506734371185303,4.559790134429932,40.4219431,-86.9035571,200.633,0.14300000667572021,0.0020000000949949026,-0.14100000262260437,3,9
imu,1776824841.1298897,1246411257000,7.540984153747559,-0.4788852334022522,-0.954833984375,-3.4431447982788086,-3.9190237522125244,4.4670186042785645,40.4219431,-86.9035571,200.633,0.14300000667572021,0.0020000000949949026,-0.14100000262260437,3,9
imu,1776824841.1390448,1246421257000,6.666817665100098,-1.950310230255127,-1.5739414691925049,-2.942605495452881,-3.5968799591064453,4.428320407867432,40.4219431,-86.9035571,200.633,0.14300000667572021,0.0020000000949949026,-0.14100000262260437,3,9
imu,1776824841.149032,1246431257000,7.3831353187561035,-2.818148612976074,-2.0300424098968506,-2.6857781410217285,-3.074385404586792,4.300775051116943,40.4219431,-86.9035571,200.633,0.14300000667572021,0.0020000000949949026,-0.14100000262260437,3,9
imu,1776824841.1588967,1246441257000,7.715259075164795,-3.0735092163085938,-0.7578063011169434,-2.0924530029296875,-2.8256642818450928,4.4297332763671875,40.4219431,-86.9035571,200.633,0.14300000667572021,0.0020000000949949026,-0.14100000262260437,3,9
imu,1776824841.1687427,1246451257000,9.257657051086426,-3.3606176376342773,-1.227858543395996,-1.9123479127883911,-2.793333053588867,4.490406036376953,40.4219431,-86.9035571,200.633,0.14300000667572021,0.0020000000949949026,-0.14100000262260437,3,9
imu,1776824841.1784494,1246461257000,9.180785179138184,-4.667669773101807,-2.0028059482574463,-2.026010751724243,-2.65645694732666,4.334413051605225,40.4219431,-86.9035571,200.633,0.14300000667572021,0.0020000000949949026,-0.14100000262260437,3,9
imu,1776824841.188287,1246471257000,7.042423248291016,-5.8362627029418945,-2.114914655685425,-2.2233006954193115,-2.216846227645874,3.609107494354248,40.4219431,-86.9035571,200.633,0.14300000667572021,0.0020000000949949026,-0.14100000262260437,3,9
imu,1776824841.1982064,1246481257000,7.430705547332764,-4.928507328033447,-1.9676988124847412,-2.298842430114746,-1.8637548685073853,2.887913942337036,40.4219431,-86.9035571,200.633,0.14300000667572021,0.0020000000949949026,-0.14100000262260437,3,9
imu,1776824841.2078466,1246491257000,8.604108810424805,-4.25897741317749,-0.1671716719865799,-2.7744901180267334,-1.688664436340332,2.630732774734497,40.4219431,-86.9035571,200.633,0.14300000667572021,0.0020000000949949026,-0.14100000262260437,3,9
imu,1776824841.218752,1246501257000,8.224790573120117,-3.886674404144287,1.3561673164367676,-2.6093406677246094,-1.9708454608917236,2.557147979736328,40.4219431,-86.9035571,200.633,0.14300000667572021,0.0020000000949949026,-0.14100000262260437,3,9
imu,1776824841.2297037,1246511256000,7.4899396896362305,-3.626075506210327,-0.9323328733444214,-3.05682110786438,-2.405137777328491,2.7704246044158936,40.4219429,-86.9035577,200.762,0.07500000298023224,0.0989999994635582,-0.1860000044107437,3,8
imu,1776824841.2385323,1246521257000,8.744921684265137,-4.404613971710205,-1.1222341060638428,-3.298893928527832,-2.647578716278076,3.1093921661376953,40.4219429,-86.9035577,200.762,0.07500000298023224,0.0989999994635582,-0.1860000044107437,3,8
imu,1776824841.248055,1246531257000,8.350489616394043,-5.740954875946045,-1.8784726858139038,-2.8660225868225098,-2.9755659103393555,3.3023645877838135,40.4219429,-86.9035577,200.762,0.07500000298023224,0.0989999994635582,-0.1860000044107437,3,8
imu,1776824841.2580788,1246541257000,7.547276496887207,-5.456670761108398,-2.9089951515197754,-2.584197521209717,-2.9643161296844482,3.348036527633667,40.4219429,-86.9035577,200.762,0.07500000298023224,0.0989999994635582,-0.1860000044107437,3,8
imu,1776824841.267799,1246551257000,5.4614152908325195,-6.062420845031738,-3.0222630500793457,-2.1798853874206543,-2.9478530883789062,3.4143221378326416,40.4219429,-86.9035577,200.762,0.07500000298023224,0.0989999994635582,-0.1860000044107437,3,8
imu,1776824841.277477,1246561257000,4.854816436767578,-6.361471176147461,-3.843202590942383,-2.2190399169921875,-2.754185914993286,3.234330177307129,40.4219429,-86.9035577,200.762,0.07500000298023224,0.0989999994635582,-0.1860000044107437,3,8
imu,1776824841.2873232,1246571257000,5.230998992919922,-6.003627777099609,-2.68243408203125,-2.1575260162353516,-2.5151889324188232,3.12455415725708,40.4219429,-86.9035577,200.762,0.07500000298023224,0.0989999994635582,-0.1860000044107437,3,8
imu,1776824841.297101,1246581257000,5.826016426086426,-6.077056407928467,-2.4304111003875732,-2.201259136199951,-2.9845333099365234,3.3812458515167236,40.4219429,-86.9035577,200.762,0.07500000298023224,0.0989999994635582,-0.1860000044107437,3,8
imu,1776824841.3069623,1246591257000,5.822432041168213,-7.009016036987305,-3.421159267425537,-1.9209777116775513,-2.7537999153137207,3.317852020263672,40.4219429,-86.9035577,200.762,0.07500000298023224,0.0989999994635582,-0.1860000044107437,3,8
imu,1776824841.31771,1246601257000,5.484121322631836,-5.444845676422119,-1.7308728694915771,-1.726462483406067,-2.6762661933898926,2.6671664714813232,40.4219429,-86.9035577,200.762,0.07500000298023224,0.0989999994635582,-0.1860000044107437,3,8
imu,1776824841.3275728,1246611257000,6.395033359527588,-4.487368583679199,-2.556311845779419,-1.3014804124832153,-3.0261240005493164,3.170217752456665,40.4219429,-86.9035577,200.762,0.07500000298023224,0.0989999994635582,-0.1860000044107437,3,8
imu,1776824841.3373742,1246621257000,5.244903564453125,-4.973708629608154,-3.117018699645996,-0.8733386397361755,-3.2872560024261475,3.329900026321411,40.4219429,-86.9035577,200.762,0.07500000298023224,0.0989999994635582,-0.1860000044107437,3,8
imu,1776824841.347082,1246631257000,4.931358337402344,-5.636641979217529,-4.587530136108398,-0.21515721082687378,-3.5311036109924316,3.5735504627227783,40.4219429,-86.9035577,200.762,0.07500000298023224,0.0989999994635582,-0.1860000044107437,3,8
imu,1776824841.356851,1246641257000,3.506723642349243,-7.139376163482666,-5.4185895919799805,0.19738274812698364,-3.52520751953125,3.6160221099853516,40.4219429,-86.9035577,200.762,0.07500000298023224,0.0989999994635582,-0.1860000044107437,3,8
imu,1776824841.3665714,1246651257000,1.4520093202590942,-8.141883850097656,-5.903897762298584,0.15372194349765778,-3.4617085456848145,3.353450298309326,40.4219429,-86.9035577,200.762,0.07500000298023224,0.0989999994635582,-0.1860000044107437,3,8
imu,1776824841.376486,1246661257000,1.37305748462677,-8.35537338256836,-7.134475231170654,-0.4475647807121277,-3.0718209743499756,2.8543431758880615,40.4219429,-86.9035577,200.762,0.07500000298023224,0.0989999994635582,-0.1860000044107437,3,8
imu,1776824841.3862455,1246671257000,2.2890069484710693,-7.844567775726318,-6.70902681350708,-0.9127481579780579,-2.539100408554077,2.4073052406311035,40.4219429,-86.9035577,200.762,0.07500000298023224,0.0989999994635582,-0.1860000044107437,3,8
imu,1776824841.3959582,1246681257000,3.421874761581421,-7.032294750213623,-4.919953346252441,-0.8970630764961243,-2.2798686027526855,2.1357946395874023,40.4219429,-86.9035577,200.762,0.07500000298023224,0.0989999994635582,-0.1860000044107437,3,8
imu,1776824841.4057949,1246691257000,3.5575504302978516,-5.766027927398682,-3.077803611755371,-0.6398857235908508,-2.4155683517456055,2.141848087310791,40.4219429,-86.9035577,200.762,0.07500000298023224,0.0989999994635582,-0.1860000044107437,3,8
imu,1776824841.4155633,1246701257000,2.6103343963623047,-6.098026275634766,-3.5540385246276855,-0.37027668952941895,-2.7850046157836914,2.2137231826782227,40.4219429,-86.9035577,200.762,0.07500000298023224,0.0989999994635582,-0.1860000044107437,3,8
imu,1776824841.4265172,1246711257000,1.4533411264419556,-6.546280860900879,-4.610074520111084,-0.04622039571404457,-3.1594884395599365,2.4611148834228516,40.4219429,-86.9035577,200.762,0.07500000298023224,0.0989999994635582,-0.1860000044107437,3,8
imu,1776824841.436293,1246721257000,1.2938379049301147,-8.566234588623047,-6.580459117889404,-0.4391648769378662,-3.487699508666992,2.5812911987304688,40.4219429,-86.9035577,200.762,0.07500000298023224,0.0989999994635582,-0.1860000044107437,3,8
imu,1776824841.4461107,1246731257000,1.6202422380447388,-7.991058826446533,-8.109701156616211,-0.14096736907958984,-3.694504737854004,2.5380568504333496,40.4219429,-86.9035577,200.762,0.07500000298023224,0.0989999994635582,-0.1860000044107437,3,8
imu,1776824841.456302,1246741256000,1.3743833303451538,-8.034368515014648,-6.41049861907959,0.3138633072376251,-3.6822636127471924,2.570958137512207,40.4219429,-86.9035577,200.762,0.07500000298023224,0.0989999994635582,-0.1860000044107437,3,8
imu,1776824841.4668515,1246751257000,0.6068933010101318,-8.514015197753906,-5.3890156745910645,0.8619290590286255,-3.854092836380005,2.4527053833007812,40.4219429,-86.9035577,200.762,0.07500000298023224,0.0989999994635582,-0.1860000044107437,3,8
imu,1776824841.475842,1246761257000,0.18545086681842804,-8.199631690979004,-4.848021984100342,1.1035648584365845,-4.0486531257629395,1.9496195316314697,40.4219429,-86.9035577,200.762,0.07500000298023224,0.0989999994635582,-0.1860000044107437,3,8
imu,1776824841.4858334,1246771257000,-1.2764003276824951,-7.719779014587402,-6.911030292510986,0.8326324224472046,-3.9606642723083496,1.6885005235671997,40.4219429,-86.9035577,200.762,0.07500000298023224,0.0989999994635582,-0.1860000044107437,3,8
imu,1776824841.5042963,1246781257000,-1.7148232460021973,-8.04757308959961,-7.907370567321777,0.5828296542167664,-3.540273666381836,1.7392057180404663,40.4219429,-86.9035577,200.762,0.07500000298023224,0.0989999994635582,-0.1860000044107437,3,8
imu,1776824841.507669,1246791257000,-1.952673077583313,-8.698861122131348,-7.613903999328613,0.21116283535957336,-3.1445584297180176,1.7845311164855957,40.4219429,-86.9035577,200.762,0.07500000298023224,0.0989999994635582,-0.1860000044107437,3,8
imu,1776824841.5208025,1246801257000,-2.467073440551758,-9.76512622833252,-8.590420722961426,-0.026881199330091476,-2.827152729034424,1.7126672267913818,40.4219429,-86.9035577,200.762,0.07500000298023224,0.0989999994635582,-0.1860000044107437,3,8
imu,1776824841.5306375,1246811257000,-2.243255853652954,-10.931661605834961,-9.724785804748535,-0.18198202550411224,-2.387728214263916,1.3510143756866455,40.4219429,-86.9035577,200.762,0.07500000298023224,0.0989999994635582,-0.1860000044107437,3,8
imu,1776824841.5384903,1246821257000,-1.500859022140503,-10.700324058532715,-9.026436805725098,0.21235482394695282,-1.9150105714797974,1.1232706308364868,40.4219429,-86.9035577,200.762,0.07500000298023224,0.0989999994635582,-0.1860000044107437,3,8
imu,1776824841.545136,1246831257000,-1.8529982566833496,-12.05734634399414,-7.193929195404053,1.042364478111267,-1.830136775970459,0.804043710231781,40.4219429,-86.9035577,200.762,0.07500000298023224,0.0989999994635582,-0.1860000044107437,3,8
imu,1776824841.5550518,1246841257000,-3.573850631713867,-13.568265914916992,-5.898127555847168,1.0225127935409546,-2.1919779777526855,0.1917896419763565,40.4219429,-86.9035577,200.762,0.07500000298023224,0.0989999994635582,-0.1860000044107437,3,8
imu,1776824841.564837,1246851257000,-4.152355670928955,-14.53516674041748,-7.161276340484619,0.6747692823410034,-2.6728789806365967,-0.31540539860725403,40.4219429,-86.9035577,200.762,0.07500000298023224,0.0989999994635582,-0.1860000044107437,3,8
imu,1776824841.574486,1246861257000,-5.300693511962891,-15.291150093078613,-8.263355255126953,-0.02113104797899723,-2.3415744304656982,-0.9294099807739258,40.4219429,-86.9035577,200.762,0.07500000298023224,0.0989999994635582,-0.1860000044107437,3,8
imu,1776824841.5842085,1246871257000,-5.989333152770996,-14.041799545288086,-7.381906032562256,-0.6698688864707947,-1.8973634243011475,-1.597352385520935,40.4219429,-86.9035577,200.762,0.07500000298023224,0.0989999994635582,-0.1860000044107437,3,8
imu,1776824841.5938964,1246881257000,-6.558270454406738,-14.459770202636719,-7.542273998260498,-1.5739588737487793,-1.3314107656478882,-1.8970497846603394,40.4219429,-86.9035577,200.762,0.07500000298023224,0.0989999994635582,-0.1860000044107437,3,8
imu,1776824841.6036139,1246891257000,-6.314622402191162,-14.986063003540039,-7.268510341644287,-2.8231101036071777,-0.6032155752182007,-2.3071506023406982,40.4219429,-86.9035577,200.762,0.07500000298023224,0.0989999994635582,-0.1860000044107437,3,8
imu,1776824841.6144545,1246901257000,-5.572219371795654,-12.514272689819336,-6.00084924697876,-3.608276844024658,-0.1887747049331665,-2.7277421951293945,40.4219429,-86.9035577,200.762,0.07500000298023224,0.0989999994635582,-0.1860000044107437,3,8
imu,1776824841.6240408,1246911257000,-3.428676128387451,-10.081839561462402,-4.683268070220947,-3.640498638153076,-0.4387097954750061,-2.9482264518737793,40.4219429,-86.9035577,200.762,0.07500000298023224,0.0989999994635582,-0.1860000044107437,3,8
imu,1776824841.6337895,1246921257000,-2.5698604583740234,-6.4083123207092285,-4.808480739593506,-2.6953933238983154,-0.8773969411849976,-2.67024564743042,40.4219429,-86.9035577,200.762,0.07500000298023224,0.0989999994635582,-0.1860000044107437,3,8
imu,1776824841.6436946,1246931257000,-0.9127188920974731,-4.817643165588379,-5.138751983642578,-1.4083439111709595,-1.3204644918441772,-2.2473673820495605,40.4219429,-86.9035577,200.762,0.07500000298023224,0.0989999994635582,-0.1860000044107437,3,8
imu,1776824841.6532817,1246941257000,-0.8147639036178589,-4.4334235191345215,-5.000588417053223,-0.2770044207572937,-1.4414221048355103,-2.0497772693634033,40.4219429,-86.9035577,200.762,0.07500000298023224,0.0989999994635582,-0.1860000044107437,3,8
imu,1776824841.6631668,1246951257000,-3.173983335494995,-3.303260564804077,-5.151480197906494,-0.4598464369773865,-1.5111432075500488,-1.6771386861801147,40.4219429,-86.9035577,200.762,0.07500000298023224,0.0989999994635582,-0.1860000044107437,3,8
imu,1776824841.6730506,1246961257000,-3.097313642501831,-3.5393097400665283,-5.317133903503418,-0.815667450428009,-1.4072070121765137,-1.3259788751602173,40.4219429,-86.9035577,200.762,0.07500000298023224,0.0989999994635582,-0.1860000044107437,3,8
imu,1776824841.6827912,1246971257000,-2.3871254920959473,-4.742209434509277,-5.701127529144287,-1.1406248807907104,-1.2784292697906494,-1.1808360815048218,40.4219429,-86.9035577,200.762,0.07500000298023224,0.0989999994635582,-0.1860000044107437,3,8
imu,1776824841.6924303,1246981257000,-1.8145496845245361,-6.8570170402526855,-3.837019443511963,-1.6023255586624146,-1.1238304376602173,-1.3835581541061401,40.4219429,-86.9035577,200.762,0.07500000298023224,0.0989999994635582,-0.1860000044107437,3,8
imu,1776824841.703309,1246991257000,-3.7757506370544434,-6.789983749389648,-4.552530765533447,-2.80389142036438,-1.5050585269927979,-1.6225917339324951,40.4219429,-86.9035577,200.762,0.07500000298023224,0.0989999994635582,-0.1860000044107437,3,8
imu,1776824841.7130783,1247001257000,-1.9110554456710815,-6.279408931732178,-5.356639385223389,-3.0407493114471436,-1.624923825263977,-1.9385052919387817,40.4219429,-86.9035577,200.762,0.07500000298023224,0.0989999994635582,-0.1860000044107437,3,8
imu,1776824841.725204,1247011257000,-2.1638050079345703,-4.813512325286865,-4.919814586639404,-2.989595890045166,-1.8228784799575806,-2.110691547393799,40.421942,-86.90355939999999,200.588,0.0860000029206276,-0.007000000216066837,0.0010000000474974513,3,8
imu,1776824841.7327487,1247021257000,-2.4080452919006348,-4.2441816329956055,-4.1083526611328125,-2.521817922592163,-2.0796749591827393,-2.305913209915161,40.421942,-86.90355939999999,200.588,0.0860000029206276,-0.007000000216066837,0.0010000000474974513,3,8
imu,1776824841.742668,1247031257000,-2.035109758377075,-3.948861598968506,-2.950701951980591,-1.611016869544983,-2.3605587482452393,-2.540881872177124,40.421942,-86.90355939999999,200.588,0.0860000029206276,-0.007000000216066837,0.0010000000474974513,3,8
imu,1776824841.7524707,1247041257000,-2.4076883792877197,-1.7793183326721191,-2.9480419158935547,-0.7729648947715759,-2.7159488201141357,-2.5786831378936768,40.421942,-86.90355939999999,200.588,0.0860000029206276,-0.007000000216066837,0.0010000000474974513,3,8
imu,1776824841.7621534,1247051257000,-3.0043179988861084,0.6655095815658569,-3.8905649185180664,-0.5187870860099792,-2.847965955734253,-2.283785820007324,40.421942,-86.90355939999999,200.588,0.0860000029206276,-0.007000000216066837,0.0010000000474974513,3,8
imu,1776824841.7774804,1247061257000,-3.7621474266052246,2.1481568813323975,-5.430830001831055,-1.1077808141708374,-2.776155710220337,-1.5717703104019165,40.421942,-86.90355939999999,200.588,0.0860000029206276,-0.007000000216066837,0.0010000000474974513,3,8
imu,1776824841.7823093,1247071257000,-2.8665363788604736,0.28830084204673767,-7.48864221572876,-2.191136121749878,-2.291245937347412,-0.7213380336761475,40.421942,-86.90355939999999,200.588,0.0860000029206276,-0.007000000216066837,0.0010000000474974513,3,8
imu,1776824841.792925,1247081257000,-2.402498245239258,-2.638312339782715,-7.639039039611816,-2.6322109699249268,-1.8211616277694702,-0.5252920389175415,40.421942,-86.90355939999999,200.588,0.0860000029206276,-0.007000000216066837,0.0010000000474974513,3,8
imu,1776824841.8016455,1247091257000,-2.8912649154663086,-2.5711686611175537,-5.980314254760742,-2.609835386276245,-1.7160110473632812,-0.6848509311676025,40.421942,-86.90355939999999,200.588,0.0860000029206276,-0.007000000216066837,0.0010000000474974513,3,8
imu,1776824841.8117156,1247101257000,-3.2118523120880127,-2.813361406326294,-6.1670026779174805,-2.416161060333252,-1.8864171504974365,-0.7077540159225464,40.421942,-86.90355939999999,200.588,0.0860000029206276,-0.007000000216066837,0.0010000000474974513,3,8
imu,1776824841.8214343,1247111257000,-3.352605104446411,-3.596432685852051,-7.773312091827393,-2.3180251121520996,-1.9136345386505127,-0.799293577671051,40.421942,-86.90355939999999,200.588,0.0860000029206276,-0.007000000216066837,0.0010000000474974513,3,8
imu,1776824841.832359,1247121257000,-3.014366388320923,-3.269897222518921,-8.386811256408691,-2.1532626152038574,-1.738519549369812,-0.9015524983406067,40.421942,-86.90355939999999,200.588,0.0860000029206276,-0.007000000216066837,0.0010000000474974513,3,8
imu,1776824841.841121,1247131257000,-3.4076242446899414,-2.649444818496704,-7.358162879943848,-1.8071215152740479,-1.6681358814239502,-0.9470925331115723,40.421942,-86.90355939999999,200.588,0.0860000029206276,-0.007000000216066837,0.0010000000474974513,3,8
imu,1776824841.8508677,1247141257000,-4.207395553588867,-2.5673115253448486,-6.351658344268799,-1.3936618566513062,-1.7341376543045044,-0.9725180268287659,40.421942,-86.90355939999999,200.588,0.0860000029206276,-0.007000000216066837,0.0010000000474974513,3,8
imu,1776824841.8615825,1247151257000,-4.474100112915039,-2.2155890464782715,-6.765532493591309,-1.0386114120483398,-1.9308140277862549,-0.9687472581863403,40.421942,-86.90355939999999,200.588,0.0860000029206276,-0.007000000216066837,0.0010000000474974513,3,8
imu,1776824841.8724902,1247161257000,-4.184309005737305,-2.192265033721924,-7.5853166580200195,-0.1970190554857254,-2.1430304050445557,-0.8542935252189636,40.421942,-86.90355939999999,200.588,0.0860000029206276,-0.007000000216066837,0.0010000000474974513,3,8
imu,1776824841.8811376,1247171257000,-4.478959083557129,-3.3535428047180176,-10.904069900512695,0.20892435312271118,-2.2426528930664062,-0.8230603337287903,40.421942,-86.90355939999999,200.588,0.0860000029206276,-0.007000000216066837,0.0010000000474974513,3,8
imu,1776824841.8906887,1247181257000,-3.526292562484741,-3.6537697315216064,-12.62866497039795,0.32280877232551575,-2.1685171127319336,-1.1517255306243896,40.421942,-86.90355939999999,200.588,0.0860000029206276,-0.007000000216066837,0.0010000000474974513,3,8
imu,1776824841.9005103,1247191257000,-3.6063294410705566,-6.2332305908203125,-15.27566909790039,0.6942864656448364,-2.088935375213623,-1.3543404340744019,40.421942,-86.90355939999999,200.588,0.0860000029206276,-0.007000000216066837,0.0010000000474974513,3,8
imu,1776824841.911319,1247201257000,-4.9218668937683105,-8.490458488464355,-18.065017700195312,-0.1370035856962204,-1.650757074356079,-1.7014659643173218,40.421942,-86.90355939999999,200.588,0.0860000029206276,-0.007000000216066837,0.0010000000474974513,3,8
imu,1776824841.9199905,1247211257000,-5.043612003326416,-8.972607612609863,-19.630756378173828,-0.7392098903656006,-0.8225545287132263,-1.4407832622528076,40.421942,-86.90355939999999,200.588,0.0860000029206276,-0.007000000216066837,0.0010000000474974513,3,8
imu,1776824841.9318397,1247221257000,-4.2442498207092285,-10.349380493164062,-18.95880889892578,-0.8762995600700378,0.14587479829788208,-1.5499166250228882,40.421942,-86.90355939999999,200.588,0.0860000029206276,-0.007000000216066837,0.0010000000474974513,3,8
imu,1776824841.941604,1247231257000,-3.8730275630950928,-11.342848777770996,-17.270580291748047,-1.2526001930236816,0.9334418177604675,-2.0610909461975098,40.421942,-86.90355939999999,200.588,0.0860000029206276,-0.007000000216066837,0.0010000000474974513,3,8
imu,1776824841.9513855,1247241257000,-4.261017322540283,-10.0215425491333,-15.123095512390137,-1.2716658115386963,1.2072906494140625,-2.5684328079223633,40.421942,-86.90355939999999,200.588,0.0860000029206276,-0.007000000216066837,0.0010000000474974513,3,8
imu,1776824841.961074,1247251257000,-4.035028457641602,-8.318467140197754,-13.958013534545898,-1.2207379341125488,1.301757574081421,-2.867579698562622,40.421942,-86.90355939999999,200.588,0.0860000029206276,-0.007000000216066837,0.0010000000474974513,3,8
imu,1776824841.9708688,1247261257000,-3.9318699836730957,-8.38138484954834,-13.381123542785645,-1.759577989578247,1.530919075012207,-3.174880266189575,40.421942,-86.90355939999999,200.588,0.0860000029206276,-0.007000000216066837,0.0010000000474974513,3,8
imu,1776824841.9807134,1247271257000,-4.385402202606201,-7.953523635864258,-12.369967460632324,-2.6034598350524902,1.7122374773025513,-3.3423783779144287,40.421942,-86.90355939999999,200.588,0.0860000029206276,-0.007000000216066837,0.0010000000474974513,3,8
imu,1776824841.99046,1247281257000,-4.198701858520508,-8.037516593933105,-11.762812614440918,-2.9401633739471436,2.1355087757110596,-3.6914656162261963,40.421942,-86.90355939999999,200.588,0.0860000029206276,-0.007000000216066837,0.0010000000474974513,3,8
imu,1776824842.000249,1247291257000,-4.578169822692871,-7.760159969329834,-9.697138786315918,-3.428199529647827,2.5331625938415527,-4.247057914733887,40.421942,-86.90355939999999,200.588,0.0860000029206276,-0.007000000216066837,0.0010000000474974513,3,8
imu,1776824842.0099297,1247301257000,-4.34668493270874,-6.492263317108154,-7.463617324829102,-3.916477918624878,2.422499656677246,-4.432754993438721,40.421942,-86.90355939999999,200.588,0.0860000029206276,-0.007000000216066837,0.0010000000474974513,3,8
imu,1776824842.0208976,1247311257000,-3.432321071624756,-5.353020668029785,-6.396347999572754,-3.9141132831573486,1.966468334197998,-4.4466753005981445,40.421942,-86.90355939999999,200.588,0.0860000029206276,-0.007000000216066837,0.0010000000474974513,3,8
imu,1776824842.0303872,1247321257000,-2.876798629760742,-4.344051361083984,-6.373511791229248,-3.9687416553497314,1.6177005767822266,-4.460406303405762,40.421942,-86.90355939999999,200.588,0.0860000029206276,-0.007000000216066837,0.0010000000474974513,3,8
imu,1776824842.040192,1247331257000,-2.6774418354034424,-2.0112154483795166,-5.567526817321777,-3.9699792861938477,1.2576364278793335,-4.236961841583252,40.421942,-86.90355939999999,200.588,0.0860000029206276,-0.007000000216066837,0.0010000000474974513,3,8
imu,1776824842.050122,1247341257000,-3.371650218963623,-0.5277947187423706,-5.858444690704346,-3.659846782684326,1.1278098821640015,-3.8726303577423096,40.421942,-86.90355939999999,200.588,0.0860000029206276,-0.007000000216066837,0.0010000000474974513,3,8
imu,1776824842.0601735,1247351257000,-2.7248358726501465,-2.4757111072540283,-3.711483955383301,-3.8760902881622314,1.114292025566101,-3.5467495918273926,40.421942,-86.90355939999999,200.588,0.0860000029206276,-0.007000000216066837,0.0010000000474974513,3,8
imu,1776824842.0700727,1247361257000,-2.390277624130249,-2.680415630340576,-0.09217800199985504,-3.663850784301758,0.990860641002655,-3.735018014907837,40.421942,-86.90355939999999,200.588,0.0860000029206276,-0.007000000216066837,0.0010000000474974513,3,8
imu,1776824842.0798671,1247371257000,-2.5999326705932617,-3.1734578609466553,5.185798645019531,-0.710467517375946,-0.005427578464150429,-4.253973484039307,40.421942,-86.90355939999999,200.588,0.0860000029206276,-0.007000000216066837,0.0010000000474974513,3,8
imu,1776824842.089612,1247381257000,-2.8957881927490234,-1.2811055183410645,3.1583611965179443,0.5786787867546082,-1.7132647037506104,-4.852697849273682,40.421942,-86.90355939999999,200.588,0.0860000029206276,-0.007000000216066837,0.0010000000474974513,3,8
imu,1776824842.099651,1247391257000,-2.9232401847839355,2.645061731338501,1.362022042274475,1.8067638874053955,-3.274890661239624,-4.8111796379089355,40.421942,-86.90355939999999,200.588,0.0860000029206276,-0.007000000216066837,0.0010000000474974513,3,8
imu,1776824842.1096835,1247401257000,-3.7432994842529297,4.144257068634033,-3.0689189434051514,2.612562656402588,-4.512426853179932,-4.060314655303955,40.421942,-86.90355939999999,200.588,0.0860000029206276,-0.007000000216066837,0.0010000000474974513,3,8
imu,1776824842.1195269,1247411257000,-4.15959358215332,3.6776082515716553,-11.137497901916504,-0.2477448433637619,-4.4694085121154785,-3.1545300483703613,40.421942,-86.90355939999999,200.588,0.0860000029206276,-0.007000000216066837,0.0010000000474974513,3,8
imu,1776824842.129149,1247421257000,-3.9233202934265137,4.210565090179443,-14.073867797851562,-2.3130621910095215,-2.738213300704956,-2.4375650882720947,40.421942,-86.90355939999999,200.588,0.0860000029206276,-0.007000000216066837,0.0010000000474974513,3,8
imu,1776824842.138752,1247431257000,-2.9462733268737793,3.6967084407806396,-12.337471961975098,-3.173325538635254,-0.8287162184715271,-1.83315110206604,40.421942,-86.90355939999999,200.588,0.0860000029206276,-0.007000000216066837,0.0010000000474974513,3,8
imu,1776824842.1487076,1247441257000,-3.0687246322631836,3.276118755340576,-7.589430809020996,-4.136369705200195,-0.052669089287519455,-1.2755348682403564,40.421942,-86.90355939999999,200.588,0.0860000029206276,-0.007000000216066837,0.0010000000474974513,3,8
imu,1776824842.158555,1247451257000,-2.6348953247070312,2.9902760982513428,-4.18183708190918,-3.892940044403076,-0.2887064814567566,-0.877720832824707,40.421942,-86.90355939999999,200.588,0.0860000029206276,-0.007000000216066837,0.0010000000474974513,3,8
imu,1776824842.1681852,1247461257000,-2.2760539054870605,2.480766534805298,-4.54268741607666,-3.058307409286499,-0.8384318947792053,-0.6462384462356567,40.421942,-86.90355939999999,200.588,0.0860000029206276,-0.007000000216066837,0.0010000000474974513,3,8
imu,1776824842.179212,1247471257000,-2.464348077774048,1.3351631164550781,-7.203279972076416,-3.779438018798828,-1.1338489055633545,-0.5129010081291199,40.421942,-86.90355939999999,200.588,0.0860000029206276,-0.007000000216066837,0.0010000000474974513,3,8
imu,1776824842.188784,1247481257000,-1.9882073402404785,2.197988748550415,-7.447455406188965,-4.075938701629639,-1.0634011030197144,-0.6635299324989319,40.421942,-86.90355939999999,200.588,0.0860000029206276,-0.007000000216066837,0.0010000000474974513,3,8
imu,1776824842.1984177,1247491257000,-1.6025042533874512,3.758784770965576,-7.593684196472168,-3.2652063369750977,-1.0632858276367188,-0.7351857423782349,40.421942,-86.90355939999999,200.588,0.0860000029206276,-0.007000000216066837,0.0010000000474974513,3,8
imu,1776824842.2084513,1247501257000,-3.6389963626861572,-1.146910309791565,-10.949509620666504,-3.6561906337738037,-0.8545866012573242,-0.6669231653213501,40.421942,-86.90355939999999,200.588,0.0860000029206276,-0.007000000216066837,0.0010000000474974513,3,8
imu,1776824842.2191188,1247511257000,-2.501919984817505,0.8194374442100525,-8.948856353759766,-3.3654496669769287,-0.29428422451019287,-1.3998421430587769,40.4219404,-86.9035622,200.421,0.026000000536441803,0.010999999940395355,0.03700000047683716,3,8
imu,1776824842.227771,1247521257000,-2.686007261276245,1.6786677837371826,-9.958718299865723,-3.133744239807129,-0.46084165573120117,-1.9544291496276855,40.4219404,-86.9035622,200.421,0.026000000536441803,0.010999999940395355,0.03700000047683716,3,8
imu,1776824842.2376583,1247531257000,-2.124432325363159,4.213793754577637,-11.056876182556152,-1.8216571807861328,-0.4588940143585205,-2.083510160446167,40.4219404,-86.9035622,200.421,0.026000000536441803,0.010999999940395355,0.03700000047683716,3,8
imu,1776824842.2472932,1247541257000,-2.364537239074707,4.878864288330078,-11.47816276550293,-1.2807170152664185,-0.5041382312774658,-2.210026502609253,40.4219404,-86.9035622,200.421,0.026000000536441803,0.010999999940395355,0.03700000047683716,3,8
imu,1776824842.2581637,1247551257000,-2.6480445861816406,6.075616359710693,-11.920858383178711,-1.2570688724517822,-0.39840227365493774,-2.029470682144165,40.4219404,-86.9035622,200.421,0.026000000536441803,0.010999999940395355,0.03700000047683716,3,8
imu,1776824842.2680912,1247561257000,-2.526360511779785,6.231868267059326,-12.010472297668457,-1.2004045248031616,-0.548412561416626,-1.8432862758636475,40.4219404,-86.9035622,200.421,0.026000000536441803,0.010999999940395355,0.03700000047683716,3,8
imu,1776824842.2779865,1247571257000,-2.565044403076172,6.231990814208984,-14.43287181854248,-1.1315546035766602,-0.6551690697669983,-1.7739880084991455,40.4219404,-86.9035622,200.421,0.026000000536441803,0.010999999940395355,0.03700000047683716,3,8
imu,1776824842.2875571,1247581257000,-2.6314380168914795,6.754980087280273,-15.808500289916992,-0.8618044257164001,-0.2877001166343689,-1.636132836341858,40.4219404,-86.9035622,200.421,0.026000000536441803,0.010999999940395355,0.03700000047683716,3,8
imu,1776824842.297432,1247591257000,-2.761805772781372,8.041074752807617,-16.05283546447754,-0.7812328338623047,0.1257070153951645,-1.3461726903915405,40.4219404,-86.9035622,200.421,0.026000000536441803,0.010999999940395355,0.03700000047683716,3,8
imu,1776824842.307242,1247601257000,-2.88562273979187,8.711231231689453,-15.900162696838379,-0.7985259890556335,0.4511185586452484,-0.828743577003479,40.4219404,-86.9035622,200.421,0.026000000536441803,0.010999999940395355,0.03700000047683716,3,8
imu,1776824842.3171442,1247611257000,-2.64463210105896,7.981091499328613,-15.162158966064453,-0.43187257647514343,0.7738038897514343,-0.5994129776954651,40.4219404,-86.9035622,200.421,0.026000000536441803,0.010999999940395355,0.03700000047683716,3,8
imu,1776824842.3268034,1247621257000,-2.875271797180176,7.388888835906982,-14.648066520690918,-0.37267035245895386,1.0185797214508057,-0.5262677073478699,40.4219404,-86.9035622,200.421,0.026000000536441803,0.010999999940395355,0.03700000047683716,3,8
imu,1776824842.3366346,1247631257000,-2.4650607109069824,8.33585262298584,-13.894499778747559,-0.3991830050945282,1.1239451169967651,-0.2987658977508545,40.4219404,-86.9035622,200.421,0.026000000536441803,0.010999999940395355,0.03700000047683716,3,8
imu,1776824842.3462079,1247641257000,-2.4066073894500732,8.127866744995117,-13.598213195800781,0.3183325529098511,1.1553913354873657,0.06929680705070496,40.4219404,-86.9035622,200.421,0.026000000536441803,0.010999999940395355,0.03700000047683716,3,8
imu,1776824842.3560896,1247651257000,-2.049531936645508,7.465346336364746,-13.496411323547363,1.3682388067245483,1.2184669971466064,0.28560376167297363,40.4219404,-86.9035622,200.421,0.026000000536441803,0.010999999940395355,0.03700000047683716,3,8
imu,1776824842.366912,1247661257000,-2.0356650352478027,6.40809440612793,-13.58514404296875,2.5289738178253174,1.2440422773361206,0.34217560291290283,40.4219404,-86.9035622,200.421,0.026000000536441803,0.010999999940395355,0.03700000047683716,3,8
imu,1776824842.3766239,1247671257000,-2.163029909133911,5.29437255859375,-14.061568260192871,3.9523282051086426,1.4041584730148315,0.27030304074287415,40.4219404,-86.9035622,200.421,0.026000000536441803,0.010999999940395355,0.03700000047683716,3,8
imu,1776824842.3863904,1247681257000,-2.0924386978149414,3.650435209274292,-13.625798225402832,5.117185115814209,1.5266907215118408,-0.08834271132946014,40.4219404,-86.9035622,200.421,0.026000000536441803,0.010999999940395355,0.03700000047683716,3,8
imu,1776824842.3962615,1247691257000,-1.7339128255844116,2.5097601413726807,-13.322787284851074,6.426843166351318,1.5485599040985107,-0.7110826373100281,40.4219404,-86.9035622,200.421,0.026000000536441803,0.010999999940395355,0.03700000047683716,3,8
imu,1776824842.40621,1247701257000,-3.565453052520752,1.2254581451416016,-12.732001304626465,8.460124969482422,1.6771999597549438,-1.7841681241989136,40.4219404,-86.9035622,200.421,0.026000000536441803,0.010999999940395355,0.03700000047683716,3,8
imu,1776824842.415809,1247711257000,-2.040419578552246,-1.900831699371338,-10.994732856750488,10.910482406616211,1.696933627128601,-3.89807391166687,40.4219404,-86.9035622,200.421,0.026000000536441803,0.010999999940395355,0.03700000047683716,3,8
imu,1776824842.4256144,1247721257000,-1.0628437995910645,0.0025953594595193863,-11.030976295471191,15.085832595825195,1.4827934503555298,-5.910993576049805,40.4219404,-86.9035622,200.421,0.026000000536441803,0.010999999940395355,0.03700000047683716,3,8
imu,1776824842.4353693,1247731257000,-6.88859224319458,-1.6740700006484985,-11.39509105682373,21.251537322998047,3.5078322887420654,-4.913459300994873,40.4219404,-86.9035622,200.421,0.026000000536441803,0.010999999940395355,0.03700000047683716,3,8
imu,1776824842.4450157,1247741257000,-4.318887233734131,2.1747591495513916,-19.017919540405273,15.33675479888916,2.049863338470459,-4.698604106903076,40.4219404,-86.9035622,200.421,0.026000000536441803,0.010999999940395355,0.03700000047683716,3,8
imu,1776824842.455761,1247751257000,0.43470439314842224,7.213395595550537,-7.3492560386657715,7.31190299987793,4.171065330505371,-2.189129590988159,40.4219404,-86.9035622,200.421,0.026000000536441803,0.010999999940395355,0.03700000047683716,3,8
imu,1776824842.4657905,1247761257000,0.12696172297000885,7.266088008880615,-1.0885545015335083,6.0416388511657715,3.405252456665039,0.08980805426836014,40.4219404,-86.9035622,200.421,0.026000000536441803,0.010999999940395355,0.03700000047683716,3,8
imu,1776824842.4753516,1247771257000,-1.7026468515396118,1.1440967321395874,-1.6222453117370605,3.190822124481201,2.556812286376953,1.2430959939956665,40.4219404,-86.9035622,200.421,0.026000000536441803,0.010999999940395355,0.03700000047683716,3,8
imu,1776824842.4851725,1247781257000,-0.9659957885742188,-6.662395477294922,-1.4400107860565186,2.282804012298584,2.132448196411133,1.5556721687316895,40.4219404,-86.9035622,200.421,0.026000000536441803,0.010999999940395355,0.03700000047683716,3,8
imu,1776824842.495077,1247791257000,-1.2538427114486694,-12.904305458068848,-2.6830153465270996,1.764155387878418,1.6172356605529785,0.9569544196128845,40.4219404,-86.9035622,200.421,0.026000000536441803,0.010999999940395355,0.03700000047683716,3,8
imu,1776824842.5046942,1247801257000,-2.180896282196045,-14.592610359191895,-4.655318737030029,2.2327752113342285,1.2928671836853027,-0.17371316254138947,40.4219404,-86.9035622,200.421,0.026000000536441803,0.010999999940395355,0.03700000047683716,3,8
imu,1776824842.5144684,1247811257000,-2.2106432914733887,-12.527603149414062,-5.1098713874816895,4.0830793380737305,1.2242621183395386,-1.357555627822876,40.4219404,-86.9035622,200.421,0.026000000536441803,0.010999999940395355,0.03700000047683716,3,8
imu,1776824842.5243194,1247821257000,-2.164353132247925,-9.719398498535156,-5.415849685668945,5.790255546569824,1.2964235544204712,-2.1805691719055176,40.4219404,-86.9035622,200.421,0.026000000536441803,0.010999999940395355,0.03700000047683716,3,8
imu,1776824842.533965,1247831257000,5.4697699546813965,6.144528865814209,-6.741998672485352,11.88253116607666,0.583090603351593,-3.5245521068573,40.4219404,-86.9035622,200.421,0.026000000536441803,0.010999999940395355,0.03700000047683716,3,8
imu,1776824842.5448391,1247841257000,2.067314863204956,10.156163215637207,-21.504915237426758,15.817803382873535,2.5572803020477295,-0.9055851101875305,40.4219404,-86.9035622,200.421,0.026000000536441803,0.010999999940395355,0.03700000047683716,3,8
imu,1776824842.5546126,1247851257000,-0.8493348360061646,-1.0849181413650513,-7.381422996520996,10.451986312866211,5.289205074310303,0.17520743608474731,40.4219404,-86.9035622,200.421,0.026000000536441803,0.010999999940395355,0.03700000047683716,3,8
imu,1776824842.56437,1247861257000,-0.11697662621736526,-4.145190715789795,3.809257745742798,13.43362045288086,4.649069786071777,-0.23327645659446716,40.4219404,-86.9035622,200.421,0.026000000536441803,0.010999999940395355,0.03700000047683716,3,8
imu,1776824842.5742352,1247871257000,0.10803110897541046,-2.633166790008545,1.0003377199172974,14.899850845336914,3.6402781009674072,-0.628556489944458,40.4219404,-86.9035622,200.421,0.026000000536441803,0.010999999940395355,0.03700000047683716,3,8
imu,1776824842.5838733,1247881257000,0.4513947069644928,-1.8147135972976685,-1.6793794631958008,13.557316780090332,3.7420008182525635,-0.5866101980209351,40.4219404,-86.9035622,200.421,0.026000000536441803,0.010999999940395355,0.03700000047683716,3,8
imu,1776824842.5938644,1247891257000,0.7477201223373413,-2.122309684753418,0.9570375680923462,11.737692832946777,4.115262985229492,-0.39042916893959045,40.4219404,-86.9035622,200.421,0.026000000536441803,0.010999999940395355,0.03700000047683716,3,8
imu,1776824842.603514,1247901257000,0.8110663890838623,-2.450399398803711,4.505415916442871,11.0835599899292,4.078437328338623,-0.20197640359401703,40.4219404,-86.9035622,200.421,0.026000000536441803,0.010999999940395355,0.03700000047683716,3,8
imu,1776824842.6134732,1247911257000,0.8415637016296387,-3.406611442565918,7.540020942687988,11.055387496948242,3.664569139480591,-0.3250119090080261,40.4219404,-86.9035622,200.421,0.026000000536441803,0.010999999940395355,0.03700000047683716,3,8
imu,1776824842.6232367,1247921257000,1.5732661485671997,-3.494067430496216,9.329534530639648,10.894563674926758,3.010728120803833,-0.4830465614795685,40.4219404,-86.9035622,200.421,0.026000000536441803,0.010999999940395355,0.03700000047683716,3,8
imu,1776824842.6330688,1247931257000,0.6100824475288391,-1.9798787832260132,8.153549194335938,10.999197959899902,2.4047749042510986,-0.5009456872940063,40.4219404,-86.9035622,200.421,0.026000000536441803,0.010999999940395355,0.03700000047683716,3,8
imu,1776824842.642975,1247941257000,0.5476714968681335,-0.31921350955963135,7.836171627044678,10.146373748779297,2.310490369796753,-0.298901230096817,40.4219404,-86.9035622,200.421,0.026000000536441803,0.010999999940395355,0.03700000047683716,3,8
imu,1776824842.6527843,1247951257000,0.0785251259803772,0.5430669188499451,11.037160873413086,9.122536659240723,1.9949904680252075,0.08195658028125763,40.4219404,-86.9035622,200.421,0.026000000536441803,0.010999999940395355,0.03700000047683716,3,8
imu,1776824842.6626718,1247961257000,0.7624622583389282,-0.6121044754981995,9.370529174804688,8.408248901367188,1.2056443691253662,0.38787299394607544,40.4219404,-86.9035622,200.421,0.026000000536441803,0.010999999940395355,0.03700000047683716,3,8
imu,1776824842.6733427,1247971257000,0.18219156563282013,-1.5349079370498657,6.599687099456787,7.6204447746276855,0.9213142395019531,0.28860801458358765,40.4219404,-86.9035622,200.421,0.026000000536441803,0.010999999940395355,0.03700000047683716,3,8
imu,1776824842.6829655,1247981257000,0.2584438920021057,-1.4376094341278076,4.825235366821289,7.1206560134887695,1.2020697593688965,0.14694970846176147,40.4219404,-86.9035622,200.421,0.026000000536441803,0.010999999940395355,0.03700000047683716,3,8
imu,1776824842.6926827,1247991257000,-0.2137642353773117,-0.27983224391937256,5.335378170013428,6.468082427978516,1.5841045379638672,0.2175164669752121,40.4219404,-86.9035622,200.421,0.026000000536441803,0.010999999940395355,0.03700000047683716,3,8
imu,1776824842.7026103,1248001257000,-0.786150336265564,-0.09376846998929977,5.993997573852539,6.176856517791748,1.7882665395736694,0.2926311790943146,40.4219404,-86.9035622,200.421,0.026000000536441803,0.010999999940395355,0.03700000047683716,3,8
imu,1776824842.7146823,1248011257000,-0.8177356719970703,0.9102983474731445,5.651962757110596,6.3367533683776855,1.9357444047927856,0.4456683099269867,40.4219371,-86.9035645,200.458,-0.041999999433755875,-0.05999999865889549,-0.14000000059604645,3,8
imu,1776824842.723067,1248021257000,-0.8897407650947571,1.7815390825271606,6.479606628417969,5.728217124938965,2.1097207069396973,0.5921507477760315,40.4219371,-86.9035645,200.458,-0.041999999433755875,-0.05999999865889549,-0.14000000059604645,3,8
imu,1776824842.7328067,1248031257000,-1.5282723903656006,1.8001233339309692,8.351435661315918,5.881196022033691,2.066204786300659,0.843047559261322,40.4219371,-86.9035645,200.458,-0.041999999433755875,-0.05999999865889549,-0.14000000059604645,3,8
imu,1776824842.7424316,1248041257000,-0.6341598033905029,0.5522080659866333,9.597167015075684,6.271279335021973,1.931999921798706,0.7693613171577454,40.4219371,-86.9035645,200.458,-0.041999999433755875,-0.05999999865889549,-0.14000000059604645,3,8
imu,1776824842.7522433,1248051257000,-0.3657543659210205,0.27373749017715454,11.008030891418457,6.434147357940674,1.6832903623580933,0.3491136431694031,40.4219371,-86.9035645,200.458,-0.041999999433755875,-0.05999999865889549,-0.14000000059604645,3,8
imu,1776824842.762135,1248061257000,0.21446165442466736,0.8560888171195984,10.8056001663208,6.22421407699585,1.3078557252883911,-0.0931563749909401,40.4219371,-86.9035645,200.458,-0.041999999433755875,-0.05999999865889549,-0.14000000059604645,3,8
imu,1776824842.7717853,1248071257000,-0.183116152882576,2.2225801944732666,10.502717971801758,6.259823799133301,0.9852416515350342,-0.4244930148124695,40.4219371,-86.9035645,200.458,-0.041999999433755875,-0.05999999865889549,-0.14000000059604645,3,8
imu,1776824842.7815895,1248081257000,-1.0879024267196655,4.375537395477295,9.378825187683105,5.746059894561768,0.7632079124450684,-0.6248584985733032,40.4219371,-86.9035645,200.458,-0.041999999433755875,-0.05999999865889549,-0.14000000059604645,3,8
imu,1776824842.7914522,1248091257000,-1.5631954669952393,5.124671459197998,8.665903091430664,5.696239471435547,0.5928968191146851,-0.3244447410106659,40.4219371,-86.9035645,200.458,-0.041999999433755875,-0.05999999865889549,-0.14000000059604645,3,8
imu,1776824842.8011613,1248101257000,-0.33125126361846924,4.106395244598389,8.445313453674316,4.857912540435791,0.5747616291046143,-0.25714603066444397,40.4219371,-86.9035645,200.458,-0.041999999433755875,-0.05999999865889549,-0.14000000059604645,3,8
imu,1776824842.8119025,1248111257000,-0.42196759581565857,3.9997100830078125,8.568741798400879,3.9920814037323,0.49855470657348633,-0.39216846227645874,40.4219371,-86.9035645,200.458,-0.041999999433755875,-0.05999999865889549,-0.14000000059604645,3,8
imu,1776824842.8217576,1248121257000,-0.9592016339302063,5.857010364532471,8.722064971923828,3.1084370613098145,0.6096782684326172,-0.3766142725944519,40.4219371,-86.9035645,200.458,-0.041999999433755875,-0.05999999865889549,-0.14000000059604645,3,8
imu,1776824842.8313906,1248131257000,-0.7059743404388428,5.802807807922363,10.454015731811523,2.4641432762145996,0.5908800959587097,-0.31565651297569275,40.4219371,-86.9035645,200.458,-0.041999999433755875,-0.05999999865889549,-0.14000000059604645,3,8
imu,1776824842.8411574,1248141257000,-0.694658637046814,5.983450412750244,10.238592147827148,1.9730803966522217,0.4447872042655945,-0.29554542899131775,40.4219371,-86.9035645,200.458,-0.041999999433755875,-0.05999999865889549,-0.14000000059604645,3,8
imu,1776824842.850954,1248151257000,-0.7861207723617554,6.326294898986816,9.552107810974121,1.3265024423599243,0.4975571632385254,-0.3480653166770935,40.4219371,-86.9035645,200.458,-0.041999999433755875,-0.05999999865889549,-0.14000000059604645,3,8
imu,1776824842.8606546,1248161257000,-0.4129416346549988,6.15763521194458,10.454540252685547,0.8379105925559998,0.4965132474899292,-0.29049983620643616,40.4219371,-86.9035645,200.458,-0.041999999433755875,-0.05999999865889549,-0.14000000059604645,3,8
imu,1776824842.870385,1248171257000,-0.38013404607772827,5.254300117492676,11.081893920898438,0.37701842188835144,0.48593953251838684,-0.40582525730133057,40.4219371,-86.9035645,200.458,-0.041999999433755875,-0.05999999865889549,-0.14000000059604645,3,8
imu,1776824842.880242,1248181257000,-0.6026144623756409,5.834787845611572,11.931077003479004,0.18388666212558746,0.4777449667453766,-0.45581182837486267,40.4219371,-86.9035645,200.458,-0.041999999433755875,-0.05999999865889549,-0.14000000059604645,3,8
imu,1776824842.8908613,1248191257000,-0.44881922006607056,6.093877792358398,12.696491241455078,0.26438701152801514,0.3205866813659668,-0.4793957769870758,40.4219371,-86.9035645,200.458,-0.041999999433755875,-0.05999999865889549,-0.14000000059604645,3,8
imu,1776824842.9007697,1248201257000,-0.4096817970275879,6.099998474121094,11.849818229675293,0.07768480479717255,0.2898673415184021,-0.5426607728004456,40.4219371,-86.9035645,200.458,-0.041999999433755875,-0.05999999865889549,-0.14000000059604645,3,8
imu,1776824842.9104667,1248211257000,-0.3883781433105469,6.860537052154541,12.537994384765625,-0.41092759370803833,0.2791285216808319,-0.5614147186279297,40.4219371,-86.9035645,200.458,-0.041999999433755875,-0.05999999865889549,-0.14000000059604645,3,8
imu,1776824842.9202363,1248221257000,-0.20709693431854248,6.957610607147217,13.686758995056152,-0.7172136902809143,0.1747702658176422,-0.5376644134521484,40.4219371,-86.9035645,200.458,-0.041999999433755875,-0.05999999865889549,-0.14000000059604645,3,8
imu,1776824842.9299324,1248231257000,-0.029149768874049187,7.110907554626465,14.662359237670898,-0.8917793035507202,-0.017366550862789154,-0.4817849397659302,40.4219371,-86.9035645,200.458,-0.041999999433755875,-0.05999999865889549,-0.14000000059604645,3,8
imu,1776824842.9397936,1248241256000,-0.26389142870903015,6.7579145431518555,14.520145416259766,-1.0781188011169434,-0.2515008747577667,-0.42204540967941284,40.4219371,-86.9035645,200.458,-0.041999999433755875,-0.05999999865889549,-0.14000000059604645,3,8
imu,1776824842.9496896,1248251257000,0.17955073714256287,5.894683837890625,15.547124862670898,-1.596813678741455,-0.44542360305786133,-0.462388277053833,40.4219371,-86.9035645,200.458,-0.041999999433755875,-0.05999999865889549,-0.14000000059604645,3,8
imu,1776824842.9593668,1248261257000,0.3637911081314087,5.675960063934326,15.487157821655273,-2.396944522857666,-0.7116694450378418,-0.5969898700714111,40.4219371,-86.9035645,200.458,-0.041999999433755875,-0.05999999865889549,-0.14000000059604645,3,8
imu,1776824842.969086,1248271257000,0.13713610172271729,5.685072422027588,15.358738899230957,-3.2452969551086426,-0.9485383033752441,-0.6096703410148621,40.4219371,-86.9035645,200.458,-0.041999999433755875,-0.05999999865889549,-0.14000000059604645,3,8
imu,1776824842.9799297,1248281257000,0.03364448621869087,4.92999792098999,15.050887107849121,-4.099972724914551,-1.1188348531723022,-0.5982781052589417,40.4219371,-86.9035645,200.458,-0.041999999433755875,-0.05999999865889549,-0.14000000059604645,3,8
imu,1776824842.9897974,1248291257000,-0.08588800579309464,5.005288124084473,14.131548881530762,-4.75360631942749,-1.2376025915145874,-0.604343593120575,40.4219371,-86.9035645,200.458,-0.041999999433755875,-0.05999999865889549,-0.14000000059604645,3,8
imu,1776824842.999395,1248301257000,-0.3062741458415985,5.21270751953125,13.292424201965332,-5.313458442687988,-1.156825304031372,-0.5145566463470459,40.4219371,-86.9035645,200.458,-0.041999999433755875,-0.05999999865889549,-0.14000000059604645,3,8
imu,1776824843.00928,1248311257000,-0.044424351304769516,3.837646007537842,13.211488723754883,-5.697186470031738,-1.1673641204833984,-0.41754084825515747,40.4219371,-86.9035645,200.458,-0.041999999433755875,-0.05999999865889549,-0.14000000059604645,3,8
imu,1776824843.0190501,1248321257000,0.1475246697664261,1.8694913387298584,13.264533996582031,-6.218982219696045,-1.279356837272644,-0.5458120703697205,40.4219371,-86.9035645,200.458,-0.041999999433755875,-0.05999999865889549,-0.14000000059604645,3,8
imu,1776824843.028826,1248331257000,0.15140710771083832,1.0308570861816406,12.273856163024902,-6.702197074890137,-1.390409231185913,-0.724220335483551,40.4219371,-86.9035645,200.458,-0.041999999433755875,-0.05999999865889549,-0.14000000059604645,3,8
imu,1776824843.0388534,1248341257000,-0.7395927906036377,0.4724007248878479,11.309494972229004,-7.399325847625732,-1.5573539733886719,-0.7777675986289978,40.4219371,-86.9035645,200.458,-0.041999999433755875,-0.05999999865889549,-0.14000000059604645,3,8
imu,1776824843.0500214,1248351257000,0.22953279316425323,-1.6224693059921265,10.421757698059082,-7.306044578552246,-1.5212849378585815,-0.80736243724823,40.4219371,-86.9035645,200.458,-0.041999999433755875,-0.05999999865889549,-0.14000000059604645,3,8
imu,1776824843.058888,1248361257000,-0.26053112745285034,-3.1884396076202393,9.133232116699219,-6.895884990692139,-1.2106672525405884,-1.0011032819747925,40.4219371,-86.9035645,200.458,-0.041999999433755875,-0.05999999865889549,-0.14000000059604645,3,8
imu,1776824843.0686398,1248371257000,0.780084490776062,-3.4661130905151367,9.434524536132812,-6.556196689605713,-0.7137526869773865,-1.3551791906356812,40.4219371,-86.9035645,200.458,-0.041999999433755875,-0.05999999865889549,-0.14000000059604645,3,8
imu,1776824843.078347,1248381257000,2.5374839305877686,-1.971204400062561,10.622724533081055,-5.905840873718262,-0.7703149914741516,-1.5356961488723755,40.4219371,-86.9035645,200.458,-0.041999999433755875,-0.05999999865889549,-0.14000000059604645,3,8
imu,1776824843.0892258,1248391257000,-1.1590297222137451,0.13107192516326904,9.201106071472168,-6.066952705383301,-0.9999859929084778,-1.1368407011032104,40.4219371,-86.9035645,200.458,-0.041999999433755875,-0.05999999865889549,-0.14000000059604645,3,8
imu,1776824843.0978909,1248401257000,-1.2819888591766357,0.9356613755226135,8.722092628479004,-6.367393493652344,-0.9394920468330383,-0.506445586681366,40.4219371,-86.9035645,200.458,-0.041999999433755875,-0.05999999865889549,-0.14000000059604645,3,8
imu,1776824843.1076272,1248411256000,-0.9457024931907654,-0.7755489349365234,10.205818176269531,-6.168921947479248,-1.122786045074463,-0.10344398021697998,40.4219371,-86.9035645,200.458,-0.041999999433755875,-0.05999999865889549,-0.14000000059604645,3,8
imu,1776824843.1174076,1248421257000,-0.21439623832702637,-3.5787606239318848,9.784273147583008,-3.694016933441162,-1.3196731805801392,0.11474833637475967,40.4219371,-86.9035645,200.458,-0.041999999433755875,-0.05999999865889549,-0.14000000059604645,3,8
imu,1776824843.128404,1248431257000,-0.062427546828985214,-5.543302059173584,8.323019027709961,-4.094651222229004,-1.1853820085525513,-0.1307428479194641,40.4219371,-86.9035645,200.458,-0.041999999433755875,-0.05999999865889549,-0.14000000059604645,3,8
imu,1776824843.1382358,1248441257000,0.27360227704048157,-6.21394681930542,8.999761581420898,-4.335516929626465,-1.0684852600097656,-0.2898574769496918,40.4219371,-86.9035645,200.458,-0.041999999433755875,-0.05999999865889549,-0.14000000059604645,3,8
imu,1776824843.1470096,1248451257000,0.7159432172775269,-12.475698471069336,8.476723670959473,-4.391546249389648,-1.0472168922424316,-0.15748624503612518,40.4219371,-86.9035645,200.458,-0.041999999433755875,-0.05999999865889549,-0.14000000059604645,3,8
imu,1776824843.1579206,1248461257000,0.0781719908118248,-15.850639343261719,7.382618427276611,-4.7633771896362305,-1.0125904083251953,-1.062165379524231,40.4219371,-86.9035645,200.458,-0.041999999433755875,-0.05999999865889549,-0.14000000059604645,3,8
imu,1776824843.1687465,1248471257000,-1.8802729845046997,-11.48890209197998,8.761268615722656,-2.1264424324035645,-0.8265926837921143,-2.500562906265259,40.4219371,-86.9035645,200.458,-0.041999999433755875,-0.05999999865889549,-0.14000000059604645,3,8
imu,1776824843.1784904,1248481257000,-1.8969714641571045,-6.950963497161865,11.812971115112305,-1.031272292137146,-0.9003337025642395,-2.7299089431762695,40.4219371,-86.9035645,200.458,-0.041999999433755875,-0.05999999865889549,-0.14000000059604645,3,8
imu,1776824843.1882644,1248491257000,-2.0513463020324707,-4.589945316314697,11.813716888427734,-1.3828061819076538,-1.8280444145202637,-2.5134222507476807,40.4219371,-86.9035645,200.458,-0.041999999433755875,-0.05999999865889549,-0.14000000059604645,3,8
imu,1776824843.1981819,1248501257000,-0.830285370349884,0.21791575849056244,7.3354172706604,-1.5465649366378784,-2.148573160171509,-2.093552350997925,40.4219371,-86.9035645,200.458,-0.041999999433755875,-0.05999999865889549,-0.14000000059604645,3,8
imu,1776824843.20902,1248511257000,0.018879055976867676,1.026240587234497,3.4569149017333984,-1.450355887413025,-1.6253784894943237,-1.3456956148147583,40.421934799999995,-86.9035639,200.866,0.026000000536441803,0.039000000804662704,-0.17399999499320984,3,9
imu,1776824843.2177632,1248521257000,0.34437623620033264,-0.6350910067558289,3.0258257389068604,-2.010594129562378,-0.7673967480659485,-0.6808791756629944,40.421934799999995,-86.9035639,200.866,0.026000000536441803,0.039000000804662704,-0.17399999499320984,3,9
imu,1776824843.2275457,1248531257000,1.0713382959365845,-4.9532060623168945,4.992438793182373,-1.7084840536117554,-0.4385194480419159,-0.2862588167190552,40.421934799999995,-86.9035639,200.866,0.026000000536441803,0.039000000804662704,-0.17399999499320984,3,9
imu,1776824843.2373118,1248541257000,1.0378891229629517,-9.783086776733398,7.218202590942383,-1.103085994720459,-0.6458449959754944,-0.8333176970481873,40.421934799999995,-86.9035639,200.866,0.026000000536441803,0.039000000804662704,-0.17399999499320984,3,9
imu,1776824843.2471483,1248551257000,1.125597596168518,-11.723613739013672,6.167540073394775,0.016519837081432343,-0.7963583469390869,-1.4599907398223877,40.421934799999995,-86.9035639,200.866,0.026000000536441803,0.039000000804662704,-0.17399999499320984,3,9
imu,1776824843.256781,1248561257000,2.5391948223114014,1.1878929138183594,10.8537015914917,-10.401702880859375,0.6930537819862366,-2.2949280738830566,40.421934799999995,-86.9035639,200.866,0.026000000536441803,0.039000000804662704,-0.17399999499320984,3,9
imu,1776824843.2675269,1248571257000,0.8141340613365173,3.977238178253174,13.109721183776855,-12.189637184143066,-2.689743757247925,0.8659641146659851,40.421934799999995,-86.9035639,200.866,0.026000000536441803,0.039000000804662704,-0.17399999499320984,3,9
imu,1776824843.2771597,1248581257000,2.54803729057312,-5.727173805236816,6.631755352020264,-14.412250518798828,-3.132014036178589,1.5749911069869995,40.421934799999995,-86.9035639,200.866,0.026000000536441803,0.039000000804662704,-0.17399999499320984,3,9
imu,1776824843.286869,1248591257000,1.236760139465332,-8.505300521850586,-0.12974666059017181,-11.823515892028809,-2.316967010498047,0.6383470892906189,40.421934799999995,-86.9035639,200.866,0.026000000536441803,0.039000000804662704,-0.17399999499320984,3,9
imu,1776824843.2967045,1248601257000,2.733079433441162,-6.782966136932373,-2.664212703704834,-7.634953498840332,-1.111841082572937,-0.2232336401939392,40.421934799999995,-86.9035639,200.866,0.026000000536441803,0.039000000804662704,-0.17399999499320984,3,9
imu,1776824843.3065195,1248611257000,1.7742365598678589,-7.80220890045166,-0.8050429224967957,-4.764386177062988,-0.31743741035461426,-0.004265027120709419,40.421934799999995,-86.9035639,200.866,0.026000000536441803,0.039000000804662704,-0.17399999499320984,3,9
imu,1776824843.3162181,1248621257000,2.5119972229003906,-10.122406005859375,0.9153478145599365,-5.417569637298584,-0.02411426603794098,-0.08170530200004578,40.421934799999995,-86.9035639,200.866,0.026000000536441803,0.039000000804662704,-0.17399999499320984,3,9
imu,1776824843.327135,1248631257000,1.8002145290374756,-8.93821907043457,3.358635187149048,-7.3781633377075195,-0.2625720202922821,-0.33000314235687256,40.421934799999995,-86.9035639,200.866,0.026000000536441803,0.039000000804662704,-0.17399999499320984,3,9
imu,1776824843.3367624,1248641257000,1.5901463031768799,-7.709485054016113,1.961957335472107,-6.922584056854248,-0.5247260928153992,-0.3892157971858978,40.421934799999995,-86.9035639,200.866,0.026000000536441803,0.039000000804662704,-0.17399999499320984,3,9
imu,1776824843.3469646,1248651257000,1.3157835006713867,-7.455036163330078,-0.5502058267593384,-6.791154384613037,-0.4148297607898712,-0.2926939129829407,40.421934799999995,-86.9035639,200.866,0.026000000536441803,0.039000000804662704,-0.17399999499320984,3,9
imu,1776824843.357467,1248661257000,1.635843276977539,-7.4614129066467285,-1.2970201969146729,-7.555603504180908,-0.3114510476589203,-0.026266945526003838,40.421934799999995,-86.9035639,200.866,0.026000000536441803,0.039000000804662704,-0.17399999499320984,3,9
imu,1776824843.3669322,1248671257000,0.8858646750450134,-7.73180627822876,-0.6301595568656921,-8.684959411621094,-0.11970764398574829,-0.06632332503795624,40.421934799999995,-86.9035639,200.866,0.026000000536441803,0.039000000804662704,-0.17399999499320984,3,9
imu,1776824843.3767438,1248681257000,0.670124888420105,-7.524684906005859,-0.18789717555046082,-9.84365463256836,-0.22433030605316162,-0.09777981787919998,40.421934799999995,-86.9035639,200.866,0.026000000536441803,0.039000000804662704,-0.17399999499320984,3,9
imu,1776824843.3855696,1248691257000,1.5126383304595947,-5.6367998123168945,-2.6255574226379395,-10.175280570983887,-0.5660438537597656,0.22506166994571686,40.421934799999995,-86.9035639,200.866,0.026000000536441803,0.039000000804662704,-0.17399999499320984,3,9
imu,1776824843.3961968,1248701257000,1.6410045623779297,-5.927185535430908,-6.660863399505615,-10.035181045532227,-0.2160240262746811,0.42191916704177856,40.421934799999995,-86.9035639,200.866,0.026000000536441803,0.039000000804662704,-0.17399999499320984,3,9
imu,1776824843.4061656,1248711257000,1.608235478401184,-5.330386638641357,-7.172368049621582,-10.036968231201172,0.3357740044593811,0.8975397348403931,40.421934799999995,-86.9035639,200.866,0.026000000536441803,0.039000000804662704,-0.17399999499320984,3,9
imu,1776824843.415909,1248721257000,1.6844455003738403,-4.790516376495361,-4.471091270446777,-9.562307357788086,0.7562759518623352,1.2536988258361816,40.421934799999995,-86.9035639,200.866,0.026000000536441803,0.039000000804662704,-0.17399999499320984,3,9
imu,1776824843.4254284,1248731257000,2.158036470413208,-5.759872913360596,-2.6468563079833984,-8.403167724609375,0.3972419500350952,1.163777232170105,40.421934799999995,-86.9035639,200.866,0.026000000536441803,0.039000000804662704,-0.17399999499320984,3,9
imu,1776824843.435245,1248741257000,2.758734941482544,-6.620954513549805,-4.592081069946289,-8.096033096313477,0.24926747381687164,0.6890221238136292,40.421934799999995,-86.9035639,200.866,0.026000000536441803,0.039000000804662704,-0.17399999499320984,3,9
imu,1776824843.4450905,1248751257000,3.1261065006256104,-3.522892951965332,-2.568307876586914,-6.31051778793335,0.09380234777927399,0.22065970301628113,40.421934799999995,-86.9035639,200.866,0.026000000536441803,0.039000000804662704,-0.17399999499320984,3,9
imu,1776824843.4550147,1248761257000,1.788435459136963,-3.2135932445526123,-2.557569980621338,-5.513745307922363,-0.5468276739120483,0.10021252930164337,40.421934799999995,-86.9035639,200.866,0.026000000536441803,0.039000000804662704,-0.17399999499320984,3,9
imu,1776824843.4646528,1248771257000,0.38097941875457764,-4.42772912979126,-3.323080539703369,-5.316340446472168,-0.9349666237831116,-0.1427009254693985,40.421934799999995,-86.9035639,200.866,0.026000000536441803,0.039000000804662704,-0.17399999499320984,3,9
imu,1776824843.4753823,1248781257000,0.7195031642913818,-4.538613319396973,-3.2914373874664307,-5.671287536621094,-1.0785372257232666,-0.4502869248390198,40.421934799999995,-86.9035639,200.866,0.026000000536441803,0.039000000804662704,-0.17399999499320984,3,9
imu,1776824843.4851167,1248791257000,1.3494449853897095,-3.53829288482666,-7.244119167327881,-5.569626808166504,-1.2164556980133057,-0.679101288318634,40.421934799999995,-86.9035639,200.866,0.026000000536441803,0.039000000804662704,-0.17399999499320984,3,9
imu,1776824843.494824,1248801257000,2.066218852996826,-1.9609378576278687,-9.367775917053223,-4.9974212646484375,-0.9430117011070251,-0.5968669056892395,40.421934799999995,-86.9035639,200.866,0.026000000536441803,0.039000000804662704,-0.17399999499320984,3,9
imu,1776824843.504469,1248811257000,1.4022425413131714,-0.6702670454978943,-8.37822437286377,-4.347543716430664,-0.5755702257156372,-0.21975961327552795,40.421934799999995,-86.9035639,200.866,0.026000000536441803,0.039000000804662704,-0.17399999499320984,3,9
imu,1776824843.5144515,1248821257000,1.4818522930145264,-0.4520531892776489,-6.367751598358154,-3.860238552093506,-0.42064130306243896,-0.0032019875943660736,40.421934799999995,-86.9035639,200.866,0.026000000536441803,0.039000000804662704,-0.17399999499320984,3,9
imu,1776824843.5241911,1248831257000,0.998039722442627,-1.7276808023452759,-6.256551742553711,-3.463325023651123,-0.9075788259506226,0.29814162850379944,40.421934799999995,-86.9035639,200.866,0.026000000536441803,0.039000000804662704,-0.17399999499320984,3,9
imu,1776824843.5338898,1248841257000,0.9343591332435608,-3.440704584121704,-5.7096099853515625,-2.9799716472625732,-1.2929224967956543,0.2433333545923233,40.421934799999995,-86.9035639,200.866,0.026000000536441803,0.039000000804662704,-0.17399999499320984,3,9
imu,1776824843.5447593,1248851257000,1.1936670541763306,-3.976207971572876,-6.6454997062683105,-2.5218124389648438,-1.6143102645874023,-0.03267666697502136,40.421934799999995,-86.9035639,200.866,0.026000000536441803,0.039000000804662704,-0.17399999499320984,3,9
imu,1776824843.5545504,1248861257000,1.0350152254104614,-2.2420029640197754,-7.367093563079834,-2.1964333057403564,-1.6028411388397217,-0.3624793291091919,40.421934799999995,-86.9035639,200.866,0.026000000536441803,0.039000000804662704,-0.17399999499320984,3,9
imu,1776824843.5642405,1248871257000,0.6815407276153564,0.16945669054985046,-7.147368907928467,-2.140554904937744,-1.5767046213150024,-0.4676358103752136,40.421934799999995,-86.9035639,200.866,0.026000000536441803,0.039000000804662704,-0.17399999499320984,3,9
imu,1776824843.5739965,1248881257000,-0.17435896396636963,1.0271586179733276,-6.542975902557373,-2.1048617362976074,-1.7050249576568604,-0.36701321601867676,40.421934799999995,-86.9035639,200.866,0.026000000536441803,0.039000000804662704,-0.17399999499320984,3,9
imu,1776824843.583915,1248891257000,0.1645616739988327,0.4670352637767792,-6.239820957183838,-2.066162109375,-1.885449767112732,-0.19863682985305786,40.421934799999995,-86.9035639,200.866,0.026000000536441803,0.039000000804662704,-0.17399999499320984,3,9
imu,1776824843.5937667,1248901257000,0.23557603359222412,0.5801834464073181,-7.555415630340576,-1.7250646352767944,-2.034222364425659,-0.1600087583065033,40.421934799999995,-86.9035639,200.866,0.026000000536441803,0.039000000804662704,-0.17399999499320984,3,9
imu,1776824843.6035616,1248911257000,-0.21356052160263062,0.5819410681724548,-7.89607572555542,-1.517063856124878,-1.8852931261062622,0.003186354413628578,40.421934799999995,-86.9035639,200.866,0.026000000536441803,0.039000000804662704,-0.17399999499320984,3,9
imu,1776824843.6133463,1248921257000,-0.4010308086872101,-0.23396998643875122,-6.852673053741455,-1.262942910194397,-1.7816110849380493,0.033182594925165176,40.421934799999995,-86.9035639,200.866,0.026000000536441803,0.039000000804662704,-0.17399999499320984,3,9
imu,1776824843.6231856,1248931257000,-0.8283573389053345,-0.08806660026311874,-7.251180648803711,-1.1196506023406982,-1.7889676094055176,-0.06283198297023773,40.421934799999995,-86.9035639,200.866,0.026000000536441803,0.039000000804662704,-0.17399999499320984,3,9
imu,1776824843.6329494,1248941257000,-0.2339983433485031,0.08968772739171982,-8.568307876586914,-1.1303932666778564,-1.6961524486541748,-0.109154611825943,40.421934799999995,-86.9035639,200.866,0.026000000536441803,0.039000000804662704,-0.17399999499320984,3,9
imu,1776824843.6428761,1248951257000,-0.33264634013175964,0.9955775141716003,-9.38138484954834,-1.2203130722045898,-1.4713695049285889,0.06498619168996811,40.421934799999995,-86.9035639,200.866,0.026000000536441803,0.039000000804662704,-0.17399999499320984,3,9
imu,1776824843.6537323,1248961257000,-1.9161802530288696,-0.4481668174266815,-9.466837882995605,-1.4473694562911987,-1.335901141166687,0.18669164180755615,40.421934799999995,-86.9035639,200.866,0.026000000536441803,0.039000000804662704,-0.17399999499320984,3,9
imu,1776824843.6635735,1248971257000,-0.2764861285686493,-2.3063669204711914,-8.003948211669922,-0.8623124361038208,-1.4327675104141235,-0.06833143532276154,40.421934799999995,-86.9035639,200.866,0.026000000536441803,0.039000000804662704,-0.17399999499320984,3,9
imu,1776824843.6733932,1248981257000,-0.8605506420135498,0.7921952605247498,-8.984543800354004,-0.42558661103248596,-1.4844740629196167,-0.5439779162406921,40.421934799999995,-86.9035639,200.866,0.026000000536441803,0.039000000804662704,-0.17399999499320984,3,9
imu,1776824843.6825478,1248991257000,-1.5759683847427368,3.047253370285034,-7.955129146575928,-0.6068240404129028,-1.576117992401123,-0.4261746108531952,40.421934799999995,-86.9035639,200.866,0.026000000536441803,0.039000000804662704,-0.17399999499320984,3,9
imu,1776824843.69323,1249001257000,-1.4662162065505981,3.5109176635742188,-8.254316329956055,-0.9062694907188416,-1.846036434173584,-0.12773928046226501,40.421934799999995,-86.9035639,200.866,0.026000000536441803,0.039000000804662704,-0.17399999499320984,3,9
imu,1776824843.7039661,1249011257000,-1.1356983184814453,2.821261167526245,-9.919794082641602,-0.8989617228507996,-2.1887876987457275,-0.04451100528240204,40.4219343,-86.9035629,201.237,-0.48500001430511475,0.1809999942779541,-0.33500000834465027,3,9
imu,1776824843.7126124,1249021257000,-1.350817084312439,2.5809969902038574,-11.083759307861328,-0.8885086178779602,-2.1004927158355713,0.13701024651527405,40.4219343,-86.9035629,201.237,-0.48500001430511475,0.1809999942779541,-0.33500000834465027,3,9
imu,1776824843.7224305,1249031257000,-1.7446844577789307,2.3341362476348877,-10.762519836425781,-0.8530220985412598,-2.032789707183838,0.3211100697517395,40.4219343,-86.9035629,201.237,-0.48500001430511475,0.1809999942779541,-0.33500000834465027,3,9
imu,1776824843.7323732,1249041257000,-3.1901159286499023,3.644028425216675,-10.279707908630371,-0.8076016306877136,-1.9881588220596313,0.7109318971633911,40.4219343,-86.9035629,201.237,-0.48500001430511475,0.1809999942779541,-0.33500000834465027,3,9
imu,1776824843.7420244,1249051257000,-2.16833758354187,4.343307971954346,-10.448205947875977,-0.44645053148269653,-2.504492998123169,1.5322597026824951,40.4219343,-86.9035629,201.237,-0.48500001430511475,0.1809999942779541,-0.33500000834465027,3,9
imu,1776824843.7520714,1249061257000,-2.890469789505005,3.498758554458618,-10.167929649353027,-0.5919550657272339,-2.724334478378296,2.4820001125335693,40.4219343,-86.9035629,201.237,-0.48500001430511475,0.1809999942779541,-0.33500000834465027,3,9
imu,1776824843.7621026,1249071257000,-0.6674413681030273,-1.1795732975006104,-10.765165328979492,-0.362030565738678,-3.0271682739257812,1.757002353668213,40.4219343,-86.9035629,201.237,-0.48500001430511475,0.1809999942779541,-0.33500000834465027,3,9
imu,1776824843.7717884,1249081257000,-2.9981467723846436,-3.296825408935547,-13.284293174743652,-0.08822853863239288,-2.239170551300049,0.5607837438583374,40.4219343,-86.9035629,201.237,-0.48500001430511475,0.1809999942779541,-0.33500000834465027,3,9
imu,1776824843.7815192,1249091257000,-2.6577022075653076,-0.589240312576294,-13.27998161315918,0.6058087348937988,-1.5133812427520752,0.28192299604415894,40.4219343,-86.9035629,201.237,-0.48500001430511475,0.1809999942779541,-0.33500000834465027,3,9
imu,1776824843.791491,1249101257000,-1.4485628604888916,0.12164027988910675,-12.87767219543457,1.5132354497909546,-0.9952229857444763,-0.1860615760087967,40.4219343,-86.9035629,201.237,-0.48500001430511475,0.1809999942779541,-0.33500000834465027,3,9
imu,1776824843.8011384,1249111257000,-1.931518793106079,0.2519736588001251,-14.200029373168945,2.5288734436035156,-0.741698145866394,-0.12314106523990631,40.4219343,-86.9035629,201.237,-0.48500001430511475,0.1809999942779541,-0.33500000834465027,3,9
imu,1776824843.810997,1249121257000,-2.4102282524108887,1.2813198566436768,-15.048757553100586,3.077885150909424,-0.3704453408718109,0.0006518606096506119,40.4219343,-86.9035629,201.237,-0.48500001430511475,0.1809999942779541,-0.33500000834465027,3,9
imu,1776824843.821453,1249131257000,-3.0331318378448486,1.0205482244491577,-15.286375999450684,3.328144073486328,0.15041625499725342,0.1285407990217209,40.4219343,-86.9035629,201.237,-0.48500001430511475,0.1809999942779541,-0.33500000834465027,3,9
imu,1776824843.8310294,1249141257000,-3.9682304859161377,0.692758321762085,-15.639126777648926,2.6799721717834473,0.6581664085388184,0.35644015669822693,40.4219343,-86.9035629,201.237,-0.48500001430511475,0.1809999942779541,-0.33500000834465027,3,9
imu,1776824843.840872,1249151257000,-3.095735788345337,0.1591680496931076,-15.067659378051758,1.797061562538147,0.9254477620124817,0.5684368014335632,40.4219343,-86.9035629,201.237,-0.48500001430511475,0.1809999942779541,-0.33500000834465027,3,9
imu,1776824843.8505738,1249161257000,-2.0900471210479736,0.4689444601535797,-14.012347221374512,1.4552515745162964,1.039355754852295,0.4856315553188324,40.4219343,-86.9035629,201.237,-0.48500001430511475,0.1809999942779541,-0.33500000834465027,3,9
imu,1776824843.8614933,1249171257000,-1.686977505683899,-0.24224047362804413,-14.432638168334961,0.8673810362815857,0.879241406917572,0.398786723613739,40.4219343,-86.9035629,201.237,-0.48500001430511475,0.1809999942779541,-0.33500000834465027,3,9
imu,1776824843.8712223,1249181257000,-1.1339571475982666,0.26677224040031433,-16.784807205200195,0.20451904833316803,1.07799232006073,0.06785591691732407,40.4219343,-86.9035629,201.237,-0.48500001430511475,0.1809999942779541,-0.33500000834465027,3,9
imu,1776824843.8809052,1249191257000,-1.1768850088119507,0.38547664880752563,-17.933116912841797,0.3377746045589447,1.5806915760040283,0.2733181118965149,40.4219343,-86.9035629,201.237,-0.48500001430511475,0.1809999942779541,-0.33500000834465027,3,9
imu,1776824843.890823,1249201257000,0.5590860247612,-0.6609050631523132,-20.215293884277344,-0.6305937767028809,2.496910810470581,0.22942569851875305,40.4219343,-86.9035629,201.237,-0.48500001430511475,0.1809999942779541,-0.33500000834465027,3,9
imu,1776824843.9005475,1249211257000,-1.2488207817077637,-2.0100464820861816,-19.956857681274414,-0.970346987247467,3.5034120082855225,0.23225513100624084,40.4219343,-86.9035629,201.237,-0.48500001430511475,0.1809999942779541,-0.33500000834465027,3,9
imu,1776824843.910363,1249221257000,2.2886099815368652,1.3406590223312378,-19.64877700805664,-0.4365231394767761,4.24322509765625,0.20529669523239136,40.4219343,-86.9035629,201.237,-0.48500001430511475,0.1809999942779541,-0.33500000834465027,3,9
imu,1776824843.920189,1249231257000,-2.2922463417053223,-0.7532448172569275,-17.45250129699707,0.7793003916740417,4.6981201171875,0.7317773699760437,40.4219343,-86.9035629,201.237,-0.48500001430511475,0.1809999942779541,-0.33500000834465027,3,9
imu,1776824843.9298935,1249241257000,2.460458993911743,-2.6972124576568604,-17.605623245239258,0.23521946370601654,4.944327354431152,0.058422405272722244,40.4219343,-86.9035629,201.237,-0.48500001430511475,0.1809999942779541,-0.33500000834465027,3,9
imu,1776824843.9398239,1249251257000,0.28844544291496277,-3.0613012313842773,-17.51033592224121,1.5992794036865234,5.365297317504883,0.046156562864780426,40.4219343,-86.9035629,201.237,-0.48500001430511475,0.1809999942779541,-0.33500000834465027,3,9
imu,1776824843.949508,1249261257000,2.8548789024353027,-3.5488333702087402,-16.132740020751953,2.1545615196228027,5.630594730377197,-0.2507184147834778,40.4219343,-86.9035629,201.237,-0.48500001430511475,0.1809999942779541,-0.33500000834465027,3,9
imu,1776824843.9607162,1249271257000,0.6365076899528503,-2.047687292098999,-14.149860382080078,3.3447859287261963,5.619729518890381,-0.38410618901252747,40.4219343,-86.9035629,201.237,-0.48500001430511475,0.1809999942779541,-0.33500000834465027,3,9
imu,1776824843.9704092,1249281257000,-5.996082782745361,-2.81823468208313,-10.901999473571777,0.19107872247695923,5.51943826675415,-1.0827893018722534,40.4219343,-86.9035629,201.237,-0.48500001430511475,0.1809999942779541,-0.33500000834465027,3,9
imu,1776824843.9812534,1249291257000,4.950807094573975,-1.3692691326141357,-14.10163688659668,1.9104591608047485,5.34656286239624,-1.355437159538269,40.4219343,-86.9035629,201.237,-0.48500001430511475,0.1809999942779541,-0.33500000834465027,3,9
imu,1776824843.9893363,1249301257000,4.04913330078125,2.481886386871338,-9.967458724975586,2.40500807762146,4.942533493041992,-1.127618670463562,40.4219343,-86.9035629,201.237,-0.48500001430511475,0.1809999942779541,-0.33500000834465027,3,9
imu,1776824843.9992409,1249311257000,1.6762396097183228,2.497281312942505,-14.799481391906738,0.5884466767311096,5.236267566680908,-0.8783515691757202,40.4219343,-86.9035629,201.237,-0.48500001430511475,0.1809999942779541,-0.33500000834465027,3,9
imu,1776824844.0089257,1249321257000,5.942625999450684,-1.9782896041870117,-11.749951362609863,-1.4453372955322266,5.606239318847656,-1.3535792827606201,40.4219343,-86.9035629,201.237,-0.48500001430511475,0.1809999942779541,-0.33500000834465027,3,9
imu,1776824844.0186317,1249331257000,3.239393711090088,-1.7364110946655273,-11.490466117858887,1.282732605934143,6.279168605804443,-0.9958279728889465,40.4219343,-86.9035629,201.237,-0.48500001430511475,0.1809999942779541,-0.33500000834465027,3,9
imu,1776824844.0295544,1249341257000,3.0307016372680664,-0.6673763394355774,-12.973715782165527,0.19531337916851044,5.8417768478393555,-1.2476603984832764,40.4219343,-86.9035629,201.237,-0.48500001430511475,0.1809999942779541,-0.33500000834465027,3,9
imu,1776824844.0395298,1249351257000,5.138326644897461,-0.65079665184021,-11.585070610046387,-0.8063045144081116,5.936270713806152,-1.2519339323043823,40.4219343,-86.9035629,201.237,-0.48500001430511475,0.1809999942779541,-0.33500000834465027,3,9
imu,1776824844.049209,1249361257000,5.7858357429504395,0.3029805123806,-10.668496131896973,1.7179781198501587,6.408346176147461,-0.6742988228797913,40.4219343,-86.9035629,201.237,-0.48500001430511475,0.1809999942779541,-0.33500000834465027,3,9
imu,1776824844.0587664,1249371257000,3.1378231048583984,1.4129056930541992,-8.5669584274292,1.091467022895813,6.0308661460876465,-0.24579377472400665,40.4219343,-86.9035629,201.237,-0.48500001430511475,0.1809999942779541,-0.33500000834465027,3,9
imu,1776824844.0685477,1249381257000,0.8235357999801636,1.201578140258789,-6.935082912445068,-0.43922659754753113,5.975636959075928,-0.09879899024963379,40.4219343,-86.9035629,201.237,-0.48500001430511475,0.1809999942779541,-0.33500000834465027,3,9
imu,1776824844.0782802,1249391257000,3.244227409362793,1.0294461250305176,-7.020147323608398,0.10373051464557648,6.01172399520874,0.30723312497138977,40.4219343,-86.9035629,201.237,-0.48500001430511475,0.1809999942779541,-0.33500000834465027,3,9
imu,1776824844.0880427,1249401257000,2.7270946502685547,0.8567317128181458,-4.704090595245361,-0.2921178340911865,5.588865280151367,0.7910023927688599,40.4219343,-86.9035629,201.237,-0.48500001430511475,0.1809999942779541,-0.33500000834465027,3,9
imu,1776824844.0988622,1249411257000,4.213164329528809,0.5988849401473999,-5.635044097900391,-0.69716876745224,5.169729709625244,1.262957215309143,40.4219343,-86.9035629,201.237,-0.48500001430511475,0.1809999942779541,-0.33500000834465027,3,9
imu,1776824844.1085632,1249421257000,4.530749320983887,-0.7050321698188782,-5.4724955558776855,-1.1205538511276245,5.536380767822266,1.5326077938079834,40.4219343,-86.9035629,201.237,-0.48500001430511475,0.1809999942779541,-0.33500000834465027,3,9
imu,1776824844.1183956,1249431257000,3.058375835418701,-0.3001541793346405,-3.737722635269165,-1.6094087362289429,5.587479591369629,1.4880895614624023,40.4219343,-86.9035629,201.237,-0.48500001430511475,0.1809999942779541,-0.33500000834465027,3,9
imu,1776824844.1282637,1249441257000,4.004787921905518,-0.537431001663208,-4.4210100173950195,-1.2246596813201904,5.422028541564941,1.46194589138031,40.4219343,-86.9035629,201.237,-0.48500001430511475,0.1809999942779541,-0.33500000834465027,3,9
imu,1776824844.1378546,1249451257000,4.590262413024902,-0.5324175953865051,-4.270199775695801,-1.2439007759094238,5.366908550262451,1.3800780773162842,40.4219343,-86.9035629,201.237,-0.48500001430511475,0.1809999942779541,-0.33500000834465027,3,9
imu,1776824844.1476698,1249461257000,6.28547477722168,-1.4635255336761475,-4.4593329429626465,-1.1464612483978271,5.35470724105835,1.3297276496887207,40.4219343,-86.9035629,201.237,-0.48500001430511475,0.1809999942779541,-0.33500000834465027,3,9
imu,1776824844.158547,1249471257000,7.687885284423828,-2.194352626800537,-4.6547417640686035,-0.445648729801178,5.125606536865234,1.3376679420471191,40.4219343,-86.9035629,201.237,-0.48500001430511475,0.1809999942779541,-0.33500000834465027,3,9
imu,1776824844.167408,1249481257000,6.154391765594482,-2.5876684188842773,-4.137096881866455,-0.1656087338924408,5.367440223693848,0.8328302502632141,40.4219343,-86.9035629,201.237,-0.48500001430511475,0.1809999942779541,-0.33500000834465027,3,9
imu,1776824844.1784334,1249491257000,5.393914699554443,-2.6133248805999756,-2.459836006164551,0.261639803647995,5.01091194152832,0.37147635221481323,40.4219343,-86.9035629,201.237,-0.48500001430511475,0.1809999942779541,-0.33500000834465027,3,9
imu,1776824844.1883302,1249501257000,4.1163649559021,-2.2279396057128906,-2.772836685180664,0.8207643032073975,4.73919677734375,0.3393443524837494,40.4219343,-86.9035629,201.237,-0.48500001430511475,0.1809999942779541,-0.33500000834465027,3,9
imu,1776824844.1990461,1249511257000,4.171363353729248,-2.518465280532837,-1.9035853147506714,1.0593047142028809,4.609650135040283,0.10057076811790466,40.4219332,-86.90355939999999,201.862,-0.16500000655651093,0.5239999890327454,-0.39800000190734863,3,9
imu,1776824844.2077413,1249521257000,5.903796195983887,-3.2185752391815186,-1.0435872077941895,1.3029005527496338,4.308218002319336,-0.5272960066795349,40.4219332,-86.90355939999999,201.862,-0.16500000655651093,0.5239999890327454,-0.39800000190734863,3,9
imu,1776824844.2168133,1249531257000,5.4464006423950195,-2.471198320388794,-1.0982248783111572,1.293534517288208,4.0990681648254395,-1.044090986251831,40.4219332,-86.90355939999999,201.862,-0.16500000655651093,0.5239999890327454,-0.39800000190734863,3,9
imu,1776824844.2266033,1249541257000,5.059741020202637,-1.6820237636566162,-0.6504536271095276,0.9993131160736084,4.006417274475098,-1.3616862297058105,40.4219332,-86.90355939999999,201.862,-0.16500000655651093,0.5239999890327454,-0.39800000190734863,3,9
imu,1776824844.2374983,1249551257000,5.397766590118408,-0.45578625798225403,0.22882020473480225,0.9948461055755615,3.7823269367218018,-1.5743807554244995,40.4219332,-86.90355939999999,201.862,-0.16500000655651093,0.5239999890327454,-0.39800000190734863,3,9
imu,1776824844.2471943,1249561257000,5.472113132476807,-0.18362374603748322,0.5588893890380859,0.6687097549438477,3.589801073074341,-1.7417019605636597,40.4219332,-86.90355939999999,201.862,-0.16500000655651093,0.5239999890327454,-0.39800000190734863,3,9
imu,1776824844.257063,1249571257000,6.963037014007568,0.0885823592543602,1.0246953964233398,0.47714030742645264,3.607346534729004,-1.8425641059875488,40.4219332,-86.90355939999999,201.862,-0.16500000655651093,0.5239999890327454,-0.39800000190734863,3,9
imu,1776824844.2669086,1249581257000,7.920401096343994,-0.7833005785942078,2.271345615386963,0.006092557683587074,3.291599750518799,-1.8631640672683716,40.4219332,-86.90355939999999,201.862,-0.16500000655651093,0.5239999890327454,-0.39800000190734863,3,9
imu,1776824844.2768211,1249591257000,8.16456127166748,0.8610094785690308,2.397298812866211,-0.6155690550804138,2.822122812271118,-1.8721421957015991,40.4219332,-86.90355939999999,201.862,-0.16500000655651093,0.5239999890327454,-0.39800000190734863,3,9
imu,1776824844.2877445,1249601257000,8.15875244140625,1.8772568702697754,1.3589071035385132,-0.9137181639671326,2.748629331588745,-1.4194071292877197,40.4219332,-86.90355939999999,201.862,-0.16500000655651093,0.5239999890327454,-0.39800000190734863,3,9
imu,1776824844.296669,1249611257000,8.246784210205078,1.8245418071746826,2.05361270904541,-0.19800381362438202,3.2247140407562256,-1.2123299837112427,40.4219332,-86.90355939999999,201.862,-0.16500000655651093,0.5239999890327454,-0.39800000190734863,3,9
imu,1776824844.3076944,1249621257000,6.248114109039307,0.36809295415878296,0.36708515882492065,0.007730380166321993,3.739439010620117,-1.1990818977355957,40.4219332,-86.90355939999999,201.862,-0.16500000655651093,0.5239999890327454,-0.39800000190734863,3,9
imu,1776824844.316309,1249631257000,5.009484767913818,-0.22813855111598969,0.9367207288742065,0.2255687415599823,3.6887717247009277,-0.8060179352760315,40.4219332,-86.90355939999999,201.862,-0.16500000655651093,0.5239999890327454,-0.39800000190734863,3,9
imu,1776824844.3262868,1249641257000,5.049221038818359,-2.434839963912964,-0.6432822346687317,0.25953975319862366,3.406975746154785,-0.5917505025863647,40.4219332,-86.90355939999999,201.862,-0.16500000655651093,0.5239999890327454,-0.39800000190734863,3,9
imu,1776824844.3358986,1249651257000,5.28532075881958,-2.465754270553589,-0.9951698184013367,0.5391581654548645,3.583893060684204,-0.8308942914009094,40.4219332,-86.90355939999999,201.862,-0.16500000655651093,0.5239999890327454,-0.39800000190734863,3,9
imu,1776824844.3468287,1249661257000,6.201628684997559,-1.8971006870269775,0.5296425819396973,0.9232496023178101,3.4604902267456055,-0.5920963287353516,40.4219332,-86.90355939999999,201.862,-0.16500000655651093,0.5239999890327454,-0.39800000190734863,3,9
imu,1776824844.3556695,1249671257000,8.958169937133789,-2.153211832046509,3.105525493621826,1.127410888671875,3.2017359733581543,-0.5942701697349548,40.4219332,-86.90355939999999,201.862,-0.16500000655651093,0.5239999890327454,-0.39800000190734863,3,9
imu,1776824844.3655093,1249681257000,9.100274085998535,-0.754707932472229,5.009409427642822,0.8467311263084412,2.7657976150512695,-0.30101609230041504,40.4219332,-86.90355939999999,201.862,-0.16500000655651093,0.5239999890327454,-0.39800000190734863,3,9
imu,1776824844.375315,1249691257000,7.916306972503662,-0.3916148841381073,5.642061233520508,0.1439540982246399,2.2294998168945312,0.04533369839191437,40.4219332,-86.90355939999999,201.862,-0.16500000655651093,0.5239999890327454,-0.39800000190734863,3,9
imu,1776824844.3860035,1249701257000,8.798697471618652,-0.5957159399986267,5.250553607940674,-0.5514038801193237,1.6737793684005737,0.28014981746673584,40.4219332,-86.90355939999999,201.862,-0.16500000655651093,0.5239999890327454,-0.39800000190734863,3,9
imu,1776824844.3958054,1249711257000,8.18116569519043,0.15249799191951752,4.519516468048096,-1.1533535718917847,1.5613114833831787,0.45311325788497925,40.4219332,-86.90355939999999,201.862,-0.16500000655651093,0.5239999890327454,-0.39800000190734863,3,9
imu,1776824844.4055095,1249721257000,6.144034385681152,1.4602725505828857,3.856174945831299,-1.5492058992385864,1.9413048028945923,0.4726428687572479,40.4219332,-86.90355939999999,201.862,-0.16500000655651093,0.5239999890327454,-0.39800000190734863,3,9
imu,1776824844.415332,1249731257000,5.401302337646484,2.193157196044922,4.873898029327393,-1.7550169229507446,2.671823263168335,0.4071687161922455,40.4219332,-86.90355939999999,201.862,-0.16500000655651093,0.5239999890327454,-0.39800000190734863,3,9
imu,1776824844.4260285,1249741257000,6.315403461456299,1.8140672445297241,4.668644428253174,-1.9567075967788696,3.3775689601898193,0.12162558734416962,40.4219332,-86.90355939999999,201.862,-0.16500000655651093,0.5239999890327454,-0.39800000190734863,3,9
imu,1776824844.4357505,1249751257000,7.574643611907959,1.4540261030197144,5.538737773895264,-1.2735108137130737,4.2344231605529785,-0.0010992735624313354,40.4219332,-86.90355939999999,201.862,-0.16500000655651093,0.5239999890327454,-0.39800000190734863,3,9
imu,1776824844.4456153,1249761257000,7.543113708496094,0.7736040949821472,5.9209489822387695,-0.45819592475891113,4.727557182312012,0.23057134449481964,40.4219332,-86.90355939999999,201.862,-0.16500000655651093,0.5239999890327454,-0.39800000190734863,3,9
imu,1776824844.4555256,1249771257000,6.364721775054932,-0.47254544496536255,5.809884548187256,0.4314531981945038,4.8963541984558105,0.40334606170654297,40.4219332,-86.90355939999999,201.862,-0.16500000655651093,0.5239999890327454,-0.39800000190734863,3,9
imu,1776824844.465378,1249781257000,7.072344779968262,-0.32937461137771606,5.233290672302246,0.5828591585159302,4.875852584838867,0.5430594682693481,40.4219332,-86.90355939999999,201.862,-0.16500000655651093,0.5239999890327454,-0.39800000190734863,3,9
imu,1776824844.475065,1249791257000,5.633051872253418,-0.7240568995475769,4.357740879058838,1.1947163343429565,4.5770440101623535,1.666690468788147,40.4219332,-86.90355939999999,201.862,-0.16500000655651093,0.5239999890327454,-0.39800000190734863,3,9
imu,1776824844.4848583,1249801257000,3.62068247795105,-1.284887433052063,5.156562805175781,1.7115718126296997,4.120560646057129,2.2239480018615723,40.4219332,-86.90355939999999,201.862,-0.16500000655651093,0.5239999890327454,-0.39800000190734863,3,9
imu,1776824844.4956958,1249811257000,3.6816728115081787,-1.8695694208145142,6.8328070640563965,1.6632013320922852,3.438530683517456,2.0505869388580322,40.4219332,-86.90355939999999,201.862,-0.16500000655651093,0.5239999890327454,-0.39800000190734863,3,9
imu,1776824844.5054421,1249821257000,4.715961456298828,-0.516343355178833,9.606733322143555,1.8871855735778809,2.681483268737793,2.045718193054199,40.4219332,-86.90355939999999,201.862,-0.16500000655651093,0.5239999890327454,-0.39800000190734863,3,9
imu,1776824844.5152545,1249831257000,3.828793525695801,-0.278547465801239,10.335783958435059,1.3152343034744263,2.0473179817199707,1.873694896697998,40.4219332,-86.90355939999999,201.862,-0.16500000655651093,0.5239999890327454,-0.39800000190734863,3,9
imu,1776824844.5250654,1249841257000,3.075038433074951,-1.040783405303955,8.545234680175781,1.1865581274032593,1.7161346673965454,1.4773821830749512,40.4219332,-86.90355939999999,201.862,-0.16500000655651093,0.5239999890327454,-0.39800000190734863,3,9
imu,1776824844.5348163,1249851257000,3.9785189628601074,0.31073272228240967,8.173813819885254,1.4696577787399292,1.8761730194091797,1.1349529027938843,40.4219332,-86.90355939999999,201.862,-0.16500000655651093,0.5239999890327454,-0.39800000190734863,3,9
imu,1776824844.5446992,1249861257000,3.5491926670074463,1.9098880290985107,8.51792049407959,1.251753807067871,2.5496437549591064,1.417026400566101,40.4219332,-86.90355939999999,201.862,-0.16500000655651093,0.5239999890327454,-0.39800000190734863,3,9
imu,1776824844.5545454,1249871257000,2.342484474182129,0.6208910346031189,7.781821250915527,1.7428840398788452,2.8941123485565186,1.9505205154418945,40.4219332,-86.90355939999999,201.862,-0.16500000655651093,0.5239999890327454,-0.39800000190734863,3,9
imu,1776824844.5643446,1249881257000,3.032726764678955,0.3656991124153137,7.223478317260742,2.109902858734131,3.155681610107422,1.822355031967163,40.4219332,-86.90355939999999,201.862,-0.16500000655651093,0.5239999890327454,-0.39800000190734863,3,9
imu,1776824844.573949,1249891257000,2.939141273498535,-1.2593040466308594,8.684825897216797,3.2412638664245605,3.6747331619262695,1.7418311834335327,40.4219332,-86.90355939999999,201.862,-0.16500000655651093,0.5239999890327454,-0.39800000190734863,3,9
imu,1776824844.5848954,1249901257000,3.7078752517700195,-0.33535847067832947,9.51689338684082,3.1594948768615723,3.8861796855926514,1.4018508195877075,40.4219332,-86.90355939999999,201.862,-0.16500000655651093,0.5239999890327454,-0.39800000190734863,3,9
imu,1776824844.5948567,1249911257000,2.3165316581726074,-0.37172096967697144,9.593111991882324,3.6959543228149414,4.061558246612549,1.6021925210952759,40.4219332,-86.90355939999999,201.862,-0.16500000655651093,0.5239999890327454,-0.39800000190734863,3,9
imu,1776824844.6038303,1249921257000,1.7356393337249756,-1.827530026435852,11.125370979309082,3.5227038860321045,3.8783984184265137,1.1105118989944458,40.4219332,-86.90355939999999,201.862,-0.16500000655651093,0.5239999890327454,-0.39800000190734863,3,9
imu,1776824844.6145933,1249931257000,2.1738626956939697,-1.4058762788772583,11.273258209228516,2.800018548965454,2.9740383625030518,0.5941054224967957,40.4219332,-86.90355939999999,201.862,-0.16500000655651093,0.5239999890327454,-0.39800000190734863,3,9
imu,1776824844.6237383,1249941257000,3.1893489360809326,0.6036034822463989,11.6530122756958,2.440788745880127,1.9284541606903076,0.45207005739212036,40.4219332,-86.90355939999999,201.862,-0.16500000655651093,0.5239999890327454,-0.39800000190734863,3,9
imu,1776824844.633514,1249951257000,2.8393261432647705,0.9208293557167053,11.36007022857666,1.71010160446167,1.0609385967254639,0.3647949993610382,40.4219332,-86.90355939999999,201.862,-0.16500000655651093,0.5239999890327454,-0.39800000190734863,3,9
imu,1776824844.6433709,1249961257000,2.2126171588897705,1.240049958229065,10.237293243408203,0.5904297232627869,0.5618560314178467,0.18955425918102264,40.4219332,-86.90355939999999,201.862,-0.16500000655651093,0.5239999890327454,-0.39800000190734863,3,9
imu,1776824844.653137,1249971257000,2.4185266494750977,3.0104153156280518,11.497560501098633,0.8493863940238953,0.09736642241477966,0.3715769350528717,40.4219332,-86.90355939999999,201.862,-0.16500000655651093,0.5239999890327454,-0.39800000190734863,3,9
imu,1776824844.6629589,1249981257000,5.832064151763916,3.5819828510284424,11.1355562210083,1.6549626588821411,-0.9622990489006042,0.7383946776390076,40.4219332,-86.90355939999999,201.862,-0.16500000655651093,0.5239999890327454,-0.39800000190734863,3,9
imu,1776824844.6737394,1249991257000,-2.6697585582733154,3.4264185428619385,12.571779251098633,1.294217824935913,0.004379766993224621,1.524398684501648,40.4219332,-86.90355939999999,201.862,-0.16500000655651093,0.5239999890327454,-0.39800000190734863,3,9
imu,1776824844.6835732,1250001257000,-0.043920598924160004,0.9179793000221252,13.453092575073242,0.0010806429199874401,-0.720393180847168,0.9576639533042908,40.4219332,-86.90355939999999,201.862,-0.16500000655651093,0.5239999890327454,-0.39800000190734863,3,9
imu,1776824844.6945958,1250011257000,0.865870475769043,3.2393088340759277,12.252442359924316,-0.7386032938957214,-1.2430638074874878,1.001784324645996,40.421932,-86.9035561,202.405,-0.22699999809265137,0.38499999046325684,-0.6740000247955322,3,9
imu,1776824844.7033556,1250021257000,2.8851969242095947,1.9295527935028076,10.003401756286621,-1.0514010190963745,-1.056475043296814,0.803337812423706,40.421932,-86.9035561,202.405,-0.22699999809265137,0.38499999046325684,-0.6740000247955322,3,9
