0.01,0,0.386860636275927,0.386860636275927,0.386860636275927,0,68.5616984719385,68.5616984719385,520719.3
0.02,0,0.429355479288785,0.429355479288785,0.429355479288785,0,68.5616984719385,68.5616984719385,1041439
0.03,0,0.440177825183428,0.440177825183428,0.440177825183428,0,68.5616984719385,68.5616984719385,1562158
0.04,0,0.443356784354043,0.443356784354043,0.443356784354043,0,68.5616984719385,68.5616984719385,2082877
0.05,0,0.443973238093428,0.443973238093428,0.443973238093428,0,68.5616984719385,68.5616984719385,2603597
0.06,0,0.443564352941306,0.443564352941306,0.443564352941306,0,68.5616984719385,68.5616984719385,3124316
0.07,0,0.44271238145837,0.44271238145837,0.44271238145837,0,68.5616984719385,68.5616984719385,3645036
0.08,0,0.441669920318119,0.441669920318119,0.441669920318119,0,68.5616984719385,68.5616984719385,4165755
0.09,0,0.440556261819895,0.440556261819895,0.440556261819895,0,68.5616984719385,68.5616984719385,4686474
0.1,0,0.439430653369555,0.439430653369555,0.439430653369555,0,68.5616984719385,68.5616984719385,5207194
0.11,0,0.43832315080872,0.43832315080872,0.43832315080872,0,68.5616984719385,68.5616984719385,5727913
0.12,0,0.437248806034818,0.437248806034818,0.437248806034818,0,68.5616984719385,68.5616984719385,6248632
0.13,0,0.43621466965343,0.43621466965343,0.43621466965343,0,68.5616984719385,68.5616984719385,6769352
0.14,0,0.43522342809118,0.43522342809118,0.43522342809118,0,68.5616984719385,68.5616984719385,7290071
0.15,0,0.434275354347543,0.434275354347543,0.434275354347543,0,68.5616984719385,68.5616984719385,7810790
0.16,0,0.433369408119054,0.433369408119054,0.433369408119054,0,68.5616984719385,68.5616984719385,8331510
0.17,0,0.432503863824378,0.432503863824378,0.432503863824378,0,68.5616984719385,68.5616984719385,8852229
0.18,0,0.431676658581338,0.431676658581338,0.431676658581338,0,68.5616984719385,68.5616984719385,9372949
0.19,0,0.430885614434801,0.430885614434801,0.430885614434801,0,68.5616984719385,68.5616984719385,9893668
0.2,0,0.430128543243777,0.430128543243777,0.430128543243777,0,68.5616984719385,68.5616984719385,10414390
0.21,0,0.429403336882617,0.429403336882616,0.429403336882616,0,68.5616984719385,68.5616984719385,10935110
0.22,0,0.428707980022393,0.428707980022393,0.428707980022393,0,68.5616984719385,68.5616984719385,11455830
0.23,0,0.428040580811541,0.428040580811541,0.428040580811541,0,68.5616984719385,68.5616984719385,11976550
0.24,0,0.427399385976311,0.427399385976311,0.427399385976311,0,68.5616984719385,68.5616984719385,12497260
0.25,0,0.426782731351442,0.426782731351442,0.426782731351442,0,68.5616984719385,68.5616984719385,13017980
0.26,0,0.426511881292167,0.426511881292167,0.426511881292167,0,68.5616984719385,68.5616984719385,13538700
0.27,0,0.426262661881602,0.426262661881602,0.426262661881602,0,68.5616984719385,68.5616984719385,14059420
0.28,0,0.426033793627049,0.426033793627049,0.426033793627049,0,68.5616984719385,68.5616984719385,14580140
0.29,0,0.425824044113931,0.425824044113931,0.425824044113931,0,68.5616984719385,68.5616984719385,15100860
0.3,0,0.42563232409475,0.42563232409475,0.42563232409475,0,68.5616984719385,68.5616984719385,15621580
0.31,0,0.425457610705711,0.425457610705711,0.425457610705711,0,68.5616984719385,68.5616984719385,16142300
0.32,0,0.425298975050536,0.425298975050536,0.425298975050536,0,68.5616984719385,68.5616984719385,16663020
0.33,0,0.425155489052377,0.425155489052377,0.425155489052377,0,68.5616984719385,68.5616984719385,17183740
0.34,0,0.425026409942926,0.425026409942926,0.425026409942926,0,68.5616984719385,68.5616984719385,17704460
0.35,0,0.424910949590997,0.424910949590997,0.424910949590997,0,68.5616984719385,68.5616984719385,18225180
0.36,0,0.424808390714212,0.424808390714212,0.424808390714212,0,68.5616984719385,68.5616984719385,18745900
0.37,0,0.424718099629876,0.424718099629876,0.424718099629876,0,68.5616984719385,68.5616984719385,19266620
0.38,0,0.424639487469365,0.424639487469365,0.424639487469365,0,68.5616984719385,68.5616984719385,19787340
0.39,0,0.424571961852173,0.424571961852173,0.424571961852173,0,68.5616984719385,68.5616984719385,20308050
0.4,0,0.424514997629805,0.424514997629805,0.424514997629805,0,68.5616984719385,68.5616984719385,20828770
0.41,0,0.424468126796567,0.424468126796567,0.424468126796567,0,68.5616984719385,68.5616984719385,21349490
0.42,0,0.424430853548643,0.424430853548643,0.424430853548643,0,68.5616984719385,68.5616984719385,21870210
0.43,0,0.424402763263644,0.424402763263644,0.424402763263644,0,68.5616984719385,68.5616984719385,22390930
0.44,0,0.424383450917163,0.424383450917163,0.424383450917163,0,68.5616984719385,68.5616984719385,22911650
0.45,0,0.424372553628582,0.424372553628582,0.424372553628582,0,68.5616984719385,68.5616984719385,23432370
0.46,0,0.42436967947851,0.42436967947851,0.42436967947851,0,68.5616984719385,68.5616984719385,23953090
0.47,0,0.42437450969426,0.42437450969426,0.42437450969426,0,68.5616984719385,68.5616984719385,24473810
0.48,0,0.424386745111811,0.424386745111811,0.424386745111811,0,68.5616984719385,68.5616984719385,24994530
0.49,0,0.424406052776425,0.424406052776425,0.424406052776425,0,68.5616984719385,68.5616984719385,25515250
0.5,0,0.42443218586537,0.42443218586537,0.42443218586537,0,68.5616984719385,68.5616984719385,26035970
0.51,0,0.424464843927735,0.424464843927735,0.424464843927735,0,68.5616984719385,68.5616984719385,26556690
0.52,0,0.424503793021764,0.424503793021764,0.424503793021764,0,68.5616984719385,68.5616984719385,27077410
0.53,0,0.424548818024765,0.424548818024765,0.424548818024765,0,68.5616984719385,68.5616984719385,27598120
0.54,0,0.424599643360479,0.424599643360479,0.424599643360479,0,68.5616984719385,68.5616984719385,28118850
0.55,0,0.424656088843875,0.424656088843875,0.424656088843875,0,68.5616984719385,68.5616984719385,28639570
0.56,0,0.424717969124072,0.424717969124072,0.424717969124072,0,68.5616984719385,68.5616984719385,29160280
0.57,0,0.424785047456065,0.424785047456065,0.424785047456065,0,68.5616984719385,68.5616984719385,29681000
0.58,0,0.424857163736557,0.424857163736557,0.424857163736557,0,68.5616984719385,68.5616984719385,30201720
0.59,0,0.424934161791336,0.424934161791336,0.424934161791336,0,68.5616984719385,68.5616984719385,30722440
0.6,0,0.425015841913293,0.425015841913293,0.425015841913293,0,68.5616984719385,68.5616984719385,31243160
0.61,0,0.42568613689075,0.42568613689075,0.42568613689075,0,68.5616984719385,68.5616984719385,31763880
0.62,0,0.42633986749779,0.42633986749779,0.42633986749779,0,68.5616984719385,68.5616984719385,32284600
0.63,0,0.426997847815831,0.426997847815831,0.426997847815831,0,68.5616984719385,68.5616984719385,32805320
0.64,0,0.427659941633407,0.427659941633407,0.427659941633407,0,68.5616984719385,68.5616984719385,33326040
0.65,0,0.428326018911814,0.428326018911814,0.428326018911814,0,68.5616984719385,68.5616984719385,33846760
0.66,0,0.428995955427104,0.428995955427104,0.428995955427104,0,68.5616984719385,68.5616984719385,34367480
0.67,0,0.42966964975687,0.42966964975687,0.42966964975687,0,68.5616984719385,68.5616984719385,34888200
0.68,0,0.430346953691496,0.430346953691496,0.430346953691496,0,68.5616984719385,68.5616984719385,35408920
0.69,0,0.431027775863711,0.431027775863711,0.431027775863711,0,68.5616984719385,68.5616984719385,35929640
0.7,0,0.431712012200515,0.431712012200515,0.431712012200515,0,68.5616984719385,68.5616984719385,36450360
0.71,0,0.432399566769285,0.432399566769285,0.432399566769285,0,68.5616984719385,68.5616984719385,36971070
0.72,0,0.433090332654803,0.433090332654803,0.433090332654803,0,68.5616984719385,68.5616984719385,37491800
0.73,0,0.433784229516416,0.433784229516416,0.433784229516416,0,68.5616984719385,68.5616984719385,38012520
0.74,0,0.434481169206194,0.434481169206194,0.434481169206194,0,68.5616984719385,68.5616984719385,38533230
0.75,0,0.435181060009102,0.435181060009102,0.435181060009102,0,68.5616984719385,68.5616984719385,39053950
0.76,0,0.435883807134863,0.435883807134863,0.435883807134863,0,68.5616984719385,68.5616984719385,39574670
0.77,0,0.436589367256971,0.436589367256971,0.436589367256971,0,68.5616984719385,68.5616984719385,40095390
0.78,0,0.437297648093468,0.437297648093468,0.437297648093468,0,68.5616984719385,68.5616984719385,40616110
0.79,0,0.438008542897508,0.438008542897508,0.438008542897508,0,68.5616984719385,68.5616984719385,41136830
0.8,0,0.438722068875165,0.438722068875165,0.438722068875165,0,68.5616984719385,68.5616984719385,41657550
0.81,0,0.439438107258195,0.439438107258195,0.439438107258195,0,68.5616984719385,68.5616984719385,42178270
0.82,0,0.440156593697053,0.440156593697053,0.440156593697053,0,68.5616984719385,68.5616984719385,42698990
0.83,0,0.440877466185154,0.440877466185154,0.440877466185154,0,68.5616984719385,68.5616984719385,43219710
0.84,0,0.441600668051647,0.441600668051647,0.441600668051647,0,68.5616984719385,68.5616984719385,43740420
0.85,0,0.442326132344591,0.442326132344591,0.442326132344591,0,68.5616984719385,68.5616984719385,44261150
0.86,0,0.443053815777252,0.443053815777252,0.443053815777252,0,68.5616984719385,68.5616984719385,44781860
0.87,0,0.443783655497881,0.443783655497881,0.443783655497881,0,68.5616984719385,68.5616984719385,45302580
0.88,0,0.4445154295483,0.4445154295483,0.4445154295483,0,68.5616984719385,68.5616984719385,45823300
0.89,0,0.44524943427188,0.44524943427188,0.44524943427188,0,68.5616984719385,68.5616984719385,46344020
0.9,0,0.445985448112506,0.445985448112506,0.445985448112506,0,68.5616984719385,68.5616984719385,46864740
0.91,0,0.449018149159671,0.449018149159671,0.449018149159671,0,68.8317747845286,68.7196470754351,47385460
0.92,0,0.458116252301166,0.458116252301166,0.458116252301166,0,69.1018510971186,68.8775956789317,47906180
0.93,0,0.485238974025855,0.485238974025855,0.485238974025855,0,69.3719274097087,69.0355442824284,48426900
0.94,0,0.525837262762989,0.525837262762989,0.525837262762989,0,69.6420037222987,69.193492885925,48947620
0.95,0,0.566435551500124,0.566435551500124,0.566435551500124,0,69.9120800348888,69.3514414894216,49468340
0.96,0,0.607033840237258,0.607033840237258,0.607033840237258,0,70.1821563474789,69.5093900929182,49989060
0.97,0,0.647632128974392,0.647632128974392,0.647632128974392,0,70.4522326600689,69.6673386964148,50509780
0.98,0,0.688230417711526,0.688230417711527,0.688230417711527,0,70.722308972659,69.8252872999114,51030500
0.99,0,0.728828706448661,0.728828706448661,0.728828706448661,0,70.992385285249,69.983235903408,51551220
1,0,0.769426995185796,0.769426995185796,0.769426995185796,0,71.2624615978391,70.1411845069046,52071940
1.01,0,0.81002528392293,0.81002528392293,0.81002528392293,0,71.5325379104292,70.2991331104013,52592660
1.02,0,0.850623572660064,0.850623572660064,0.850623572660064,0,71.8026142230192,70.4570817138979,53113370
1.03,0,0.891221861397199,0.891221861397199,0.891221861397199,0,72.0726905356093,70.6150303173945,53634090
1.04,0,0.931820150134333,0.931820150134334,0.931820150134334,0,72.3427668481993,70.7729789208911,54154810
1.05,0,0.972418438871467,0.972418438871468,0.972418438871468,0,72.6128431607894,70.9309275243877,54675530
1.06,0,0.969914512049208,0.969914512049208,0.969914512049208,0,72.5792914904014,70.9036529245699,55196250
1.07,0,0.967495415244549,0.967495415244549,0.967495415244549,0,72.5495013197834,70.8795422532599,55716980
1.08,0,0.965157499512738,0.965157499512738,0.965157499512738,0,72.5226676720207,70.8579181725378,56237690
1.09,0,0.962897300157472,0.962897300157472,0.962897300157472,0,72.4982726548286,70.8383487756275,56758410
1.1,0,0.960711267386733,0.960711267386733,0.960711267386733,0,72.4592176101178,70.8022838869454,57279130
1.11,0,0.958624537110449,0.958624537110449,0.958624537110449,0,72.3906704938776,70.7336900705924,57799850
1.12,0,0.956676658227572,0.956676658227572,0.956676658227572,0,72.3249436392406,70.6678898458175,58320570
1.13,0,0.954834692812584,0.954834692812584,0.954834692812584,0,72.2616664059416,70.6045159142451,58841290
1.14,0,0.953087407691553,0.953087407691553,0.953087407691553,0,72.2005433026483,70.5432750175438,59362010
1.15,0,0.951428225621546,0.951428225621546,0.951428225621546,0,72.141357655889,70.4839509632732,59882720
1.16,0,0.948960363564273,0.948960363564274,0.948960363564274,0,72.0838845350226,70.4263218455562,60403440
1.17,0,0.946542363500367,0.946542363500367,0.946542363500367,0,72.027977047426,70.3702406170055,60924160
1.18,0,0.944203545885665,0.944203545885665,0.944203545885665,0,71.9734747185129,70.3155490730772,61444880
1.19,0,0.941765651436034,0.941765651436034,0.941765651436034,0,71.9202722324559,70.2621415035066,61965610
1.2,0,0.938944902466813,0.938944902466813,0.938944902466813,0,71.8682485745697,70.2098985220285,62486320
1.21,0,0.936200368805903,0.936200368805903,0.936200368805903,0,71.8173166676732,70.1587334330156,63007040
1.22,0,0.933529750624041,0.933529750624041,0.933529750624041,0,71.7673918962256,70.1085623573148,63527760
1.23,0,0.930930439168578,0.930930439168579,0.930930439168579,0,71.7184015248875,70.0593130983484,64048480
1.24,0,0.928400700809227,0.928400700809227,0.928400700809227,0,71.6702891480387,70.0109290780797,64569200
1.25,0,0.925938463497057,0.925938463497057,0.925938463497057,0,71.6229891581734,69.9633455995335,65089920
1.26,0,0.923541706639888,0.923541706639888,0.923541706639888,0,71.5764435100667,69.9165053646569,65610640
1.27,0,0.92120885336938,0.92120885336938,0.92120885336938,0,71.5306256732553,69.8703809831095,66131360
1.28,0,0.918938064525352,0.918938064525352,0.918938064525352,0,71.4854701304514,69.8249086558251,66652080
1.29,0,0.916727936220103,0.916727936220103,0.916727936220103,0,71.4409589903765,69.7800693769758,67172790
1.3,0,0.914576786722448,0.914576786722448,0.914576786722448,0,71.3970441992711,69.7358161993879,67693510
1.31,0,0.912483467357228,0.912483467357228,0.912483467357228,0,71.3536895266692,69.6921133238738,68214230
1.32,0,0.910446248362212,0.910446248362212,0.910446248362212,0,71.3108793141934,69.6489445042321,68734960
1.33,0,0.908464128111315,0.908464128111316,0.908464128111316,0,71.2685822890579,69.6062788038083,69255680
1.34,0,0.906535717819702,0.906535717819702,0.906535717819702,0,71.2267620493395,69.5640807530925,69776400
1.35,0,0.904659951250311,0.904659951250311,0.904659951250311,0,71.1854097862807,69.5223407920994,70297110
1.36,0,0.902835572474781,0.902835572474781,0.902835572474781,0,71.1445011296685,69.4810348600942,70817830
1.37,0,0.901061547839962,0.901061547839962,0.901061547839962,0,71.1040135017414,69.4401406389144,71338550
1.38,0,0.899336956269171,0.899336956269171,0.899336956269171,0,71.0639266212612,69.3996381667782,71859270
1.39,0,0.89766089061246,0.89766089061246,0.89766089061246,0,71.0242209410818,69.3595080773166,72379990
1.4,0,0.896032056904649,0.896032056904649,0.896032056904649,0,70.9848950595568,69.3197481297287,72900710
1.41,0,0.894449873705844,0.894449873705844,0.894449873705844,0,70.9459153587989,69.2803260025649,73421430
1.42,0,0.892913273515992,0.892913273515992,0.892913273515992,0,70.9072735445738,69.2412330315357,73942140
1.43,0,0.89142159419864,0.89142159419864,0.89142159419864,0,70.8689739059744,69.2024726391171,74462860
1.44,0,0.889974088632009,0.889974088632009,0.889974088632009,0,70.830974425795,69.1676969456689,74983590
1.45,0,0.888569824050662,0.888569824050662,0.888569824050662,0,70.7932891251731,69.1352710009959,75504310
1.46,0,0.887208271827244,0.887208271827244,0.887208271827244,0,70.7558887117961,69.1031266293174,76025030
1.47,0,0.885888516909933,0.885888516909933,0.885888516909933,0,70.7187688985611,69.0712592046644,76545740
1.48,0,0.884610147866065,0.884610147866065,0.884610147866065,0,70.6819359818582,69.0396741560298,77066460
1.49,0,0.883372468017044,0.883372468017044,0.883372468017044,0,70.6453547342979,69.0083381639002,77587180
1.5,0,0.882174687467263,0.882174687467263,0.882174687467263,0,70.6090232222628,68.9772489150007,78107900
1.51,0,0.88047019588367,0.88047019588367,0.88047019588367,0,70.5619742979822,68.9348102225279,78628620
1.52,0,0.878204384354323,0.878204384354324,0.878204384354324,0,70.5011688750487,68.8778505242446,79149340
1.53,0,0.875964767767124,0.875964767767124,0.875964767767124,0,70.4379802966363,68.8184133686515,79670060
1.54,0,0.873750410075196,0.873750410075196,0.873750410075196,0,70.3726451297041,68.7567552011954,80190780
1.55,0,0.871560601953004,0.871560601953004,0.871560601953004,0,70.3054041189028,68.6931328967126,80711500
1.56,0,0.869394453252643,0.869394453252643,0.869394453252643,0,70.2364203614538,68.6277256712997,81232220
1.57,0,0.867251297676475,0.867251297676475,0.867251297676475,0,70.1658930695216,68.560745054776,81752940
1.58,0,0.865130185710565,0.865130185710565,0.865130185710565,0,70.0939668654246,68.4923483983819,82273660
1.59,0,0.863030694658779,0.863030694658779,0.863030694658779,0,70.0207835954754,68.4226874690884,82794380
1.6,0,0.860951909032245,0.860951909032245,0.860951909032245,0,69.9464683899668,68.3518970074448,83315100
1.61,0,0.858893437981821,0.858893437981821,0.858893437981821,0,69.8580541389077,68.2684301042735,83835820
1.62,0,0.856854401681053,0.856854401681054,0.856854401681054,0,69.7676839952815,68.1831412185948,84356540
1.63,0,0.85483443928025,0.85483443928025,0.85483443928025,0,69.6765709828599,68.0971298536479,84877260
1.64,0,0.852832799536113,0.852832799536113,0.852832799536113,0,69.584805439363,68.0104918398494,85397980
1.65,0,0.850849046918498,0.850849046918498,0.850849046918498,0,69.4924438867977,67.9232889525584,85918700
1.66,0,0.848882559120805,0.848882559120805,0.848882559120805,0,69.3995773064961,67.8356159246303,86439420
1.67,0,0.846932821721648,0.846932821721648,0.846932821721648,0,69.3062580808991,67.7475294769678,86960130
1.68,0,0.844999635544324,0.844999635544324,0.844999635544324,0,69.2125531141406,67.6590993491253,87480850
1.69,0,0.843082206742996,0.843082206742996,0.843082206742996,0,69.1185109453817,67.570376831942,88001580
1.7,0,0.84118026151332,0.84118026151332,0.84118026151332,0,69.0241923685931,67.481424671771,88522300
1.71,0,0.839293224467763,0.839293224467764,0.839293224467764,0,68.9296295714406,67.3922775878683,89043020
1.72,0,0.837420736219831,0.837420736219831,0.837420736219831,0,68.8348792304901,67.3029927725,89563730
1.73,0,0.835562442398438,0.835562442398438,0.835562442398438,0,68.7399740618264,67.2136049338497,90084450
1.74,0,0.833718097960333,0.833718097960333,0.833718097960333,0,68.644953190748,67.1241536085823,90605170
1.75,0,0.83188716516822,0.83188716516822,0.83188716516822,0,68.549848510058,67.03467236435,91125890
1.76,0,0.830069315949491,0.830069315949491,0.830069315949491,0,68.4546920359643,66.9451930233535,91646610
1.77,0,0.82826422488288,0.82826422488288,0.82826422488288,0,68.3595251749718,66.855756326223,92167330
1.78,0,0.826471478156225,0.826471478156225,0.826471478156225,0,68.2643557915151,66.7663720414531,92688050
1.79,0,0.824690966710968,0.824690966710968,0.824690966710968,0,68.1692270318964,66.6770824371269,93208760
1.8,0,0.822922183134456,0.822922183134456,0.822922183134456,0,68.0741527588053,66.5879010535115,93729480
1.81,0,0.821164932134778,0.821164932134778,0.821164932134778,0,67.9791666107766,66.4988608916546,94250200
1.82,0,0.819419017239344,0.819419017239344,0.819419017239344,0,67.884266913568,66.4099608940321,94770930
1.83,0,0.81768405584408,0.81768405584408,0.81768405584408,0,67.789492938251,66.3212389036562,95291650
1.84,0,0.815959664758867,0.815959664758866,0.815959664758866,0,67.6948568810284,66.2327072100677,95812370
1.85,0,0.814245865642559,0.814245865642559,0.814245865642559,0,67.600374291708,66.1443800745747,96333080
1.86,0,0.812542182908451,0.812542182908451,0.812542182908451,0,67.5060763995331,66.0562876740528,96853800
1.87,0,0.810848550088911,0.810848550088911,0.810848550088911,0,67.4119603883519,65.9684274025934,97374520
1.88,0,0.809164602149255,0.809164602149255,0.809164602149255,0,67.3180364228671,65.8808079497918,97895240
1.89,0,0.807490276708495,0.807490276708494,0.807490276708494,0,67.2243375162913,65.7934611812975,98415960
1.9,0,0.805825218186184,0.805825218186184,0.805825218186184,0,67.1308581511181,65.7063809783894,98936680
1.91,0,0.804169372186123,0.804169372186124,0.804169372186124,0,67.03762545739,65.6195931751727,99457400
1.92,0,0.802522488772984,0.802522488772984,0.802522488772984,0,66.9446312241005,65.5330889043395,99978110
1.93,0,0.800884223088415,0.800884223088415,0.800884223088415,0,66.8519135089935,65.4469044518607,100498800
1.94,0,0.799254615329468,0.799254615329468,0.799254615329468,0,66.7594476379245,65.36101552357,101019600
1.95,0,0.797633348305644,0.797633348305644,0.797633348305644,0,66.6672739485901,65.2754592813617,101540300
1.96,0,0.796020272154207,0.796020272154208,0.796020272154208,0,66.5753868638829,65.1902305239319,102061000
1.97,0,0.794415350564398,0.794415350564398,0.794415350564398,0,66.4837927662506,65.1053337684748,102581700
1.98,0,0.792818250552905,0.792818250552905,0.792818250552905,0,66.3925023977066,65.0207790072793,103102400
1.99,0,0.791228928067916,0.791228928067916,0.791228928067916,0,66.301522234881,64.9365718315145,103623200
2,0,0.789647179295635,0.789647179295635,0.789647179295635,0,66.2108644979517,64.8527226262525,104143900
2.01,0,0.78829893069713,0.78829893069713,0.78829893069713,0,66.120519624776,64.7692210713203,104664600
2.02,0,0.78695095193372,0.78695095193372,0.78695095193372,0,66.0314460988828,64.6870292701503,105185300
2.03,0,0.785610567856421,0.785610567856421,0.785610567856421,0,65.9382758716741,64.6010902177374,105706000
2.04,0,0.784277673716671,0.784277673716671,0.784277673716671,0,65.8452962626798,64.5153864684414,106226700
2.05,0,0.782952152609843,0.782952152609843,0.782952152609843,0,65.7525007432578,64.4299110759599,106747500
2.06,0,0.781633825068162,0.781633825068162,0.781633825068162,0,65.6598823636268,64.3446561217685,107268200
2.07,0,0.780322778267192,0.780322778267192,0.780322778267192,0,65.5674660735695,64.2596441158358,107788900
2.08,0,0.779018811437449,0.779018811437449,0.779018811437449,0,65.4752418370815,64.174864996703,108309600
2.09,0,0.777721724018932,0.777721724018932,0.777721724018932,0,65.3832201917636,64.0903270275217,108830300
2.1,0,0.776431509253117,0.776431509253117,0.776431509253117,0,65.2914043693627,64.0060324626458,109351100
2.11,0,0.775147989355805,0.775147989355805,0.775147989355805,0,65.1998064368185,63.921992212404,109871800
2.12,0,0.773871356712497,0.773871356712497,0.773871356712497,0,65.108423946868,63.8382020782977,110392500
2.13,0,0.772601216561434,0.772601216561434,0.772601216561434,0,65.0172546464391,63.7546595232619,110913200
2.14,0,0.771337663879363,0.771337663879362,0.771337663879362,0,64.9263141875194,63.6713774844856,111434000
2.15,0,0.77008042316759,0.77008042316759,0.77008042316759,0,64.8356048381264,63.5883578965775,111954700
2.16,0,0.768829690551393,0.768829690551394,0.768829690551394,0,64.7451164890002,63.5055895812975,112475400
2.17,0,0.767585073607613,0.767585073607614,0.767585073607614,0,64.6548721706408,63.4230932193267,112996100
2.18,0,0.766346879600437,0.766346879600437,0.766346879600437,0,64.5648585939657,63.3408557608393,113516800
2.19,0,0.765114815478213,0.765114815478213,0.765114815478213,0,64.4750945636211,63.2588933867168,114037500
2.2,0,0.763888680369121,0.763888680369121,0.763888680369121,0,64.3855631383738,63.1771891647189,114558300
2.21,0,0.762668701329036,0.762668701329036,0.762668701329036,0,64.2962895677619,63.0957658371459,115079000
2.22,0,0.761454577300834,0.761454577300834,0.761454577300834,0,64.2072548291862,63.0146044509774,115599700
2.23,0,0.760246417904652,0.760246417904652,0.760246417904652,0,64.118466891293,62.9337115622053,116120400
2.24,0,0.759044032249389,0.759044032249389,0.759044032249389,0,64.029943088423,62.8531026122121,116641100
2.25,0,0.757847420995971,0.757847420995971,0.757847420995971,0,63.9416766817018,62.7727700535901,117161900
2.26,0,0.756656511543561,0.756656511543561,0.756656511543561,0,63.8536616569974,62.6927070345934,117682600
2.27,0,0.75547130404887,0.75547130404887,0.75547130404887,0,63.7658994765015,62.6129141442242,118203300
2.28,0,0.754291709434711,0.754291709434711,0.754291709434711,0,63.6784089476626,62.5334081932445,118724000
2.29,0,0.753117537310916,0.753117537310916,0.753117537310916,0,63.5911959255334,62.4541937441888,119244700
2.3,0,0.751948896019143,0.751948896019143,0.751948896019143,0,63.5042298098954,62.3752406016253,119765400
2.31,0,0.75078578888325,0.75078578888325,0.75078578888325,0,63.4175315126719,62.2965678212885,120286200
2.32,0,0.749627942046086,0.749627942046086,0.749627942046086,0,63.331108472443,62.2181813173449,120806900
2.33,0,0.748475557335747,0.748475557335747,0.748475557335747,0,63.2449609720763,62.1400808260939,121327600
2.34,0,0.74732824417441,0.74732824417441,0.74732824417441,0,63.1590784776326,62.0622548157376,121848300
2.35,0,0.746186413109252,0.746186413109252,0.746186413109252,0,63.0734725854885,61.9847138947073,122369000
2.36,0,0.745049663526827,0.745049663526827,0.745049663526827,0,62.9881512751158,61.9074641806487,122889800
2.37,0,0.743918021700121,0.743918021700121,0.743918021700121,0,62.9030904360589,61.8304820117807,123410500
2.38,0,0.742791491464416,0.742791491464416,0.742791491464416,0,62.8183193853225,61.7537947245795,123931200
2.39,0,0.74167007792944,0.74167007792944,0.74167007792944,0,62.7338300097034,61.6773935659368,124451900
2.4,0,0.740553593131267,0.740553593131268,0.740553593131268,0,62.6496193468386,61.6012745823031,124972600
2.41,0,0.739442135895707,0.739442135895707,0.739442135895707,0,62.5656781977654,61.5254283447485,125493400
2.42,0,0.738335632008552,0.738335632008552,0.738335632008552,0,62.4820317285321,61.4498776498903,126014100
2.43,0,0.73723388093803,0.73723388093803,0.73723388093803,0,62.3986711830648,61.3746135032637,126534800
2.44,0,0.736137091350322,0.736137091350322,0.736137091350322,0,62.315583881209,61.2996231764051,127055500
2.45,0,0.735045170506754,0.735045170506754,0.735045170506754,0,62.2328017843255,61.2249363455814,127576200
2.46,0,0.73395781742976,0.73395781742976,0.73395781742976,0,62.1502933265591,61.1505217335558,128097000
2.47,0,0.732875355924677,0.732875355924677,0.732875355924677,0,62.0680746639646,61.07639388336,128617700
2.48,0,0.731797485436014,0.731797485436014,0.731797485436014,0,61.9861451623496,61.0025519948491,129138400
2.49,0,0.730724310975153,0.730724310975153,0.730724310975153,0,61.9045063287807,60.9289961396461,129659100
2.5,0,0.729655740451397,0.729655740451397,0.729655740451397,0,61.8231603844507,60.8557279400529,130179800
2.51,0,0.728591671600829,0.728591671600829,0.728591671600829,0,61.7420921470404,60.7827319781524,130700600
2.52,0,0.727532224979998,0.727532224979998,0.727532224979998,0,61.661321800949,60.710026872272,131221300
2.53,0,0.726477198652341,0.726477198652341,0.726477198652341,0,61.5808454875104,60.6376082474789,131742000
2.54,0,0.725426698061347,0.725426698061346,0.725426698061346,0,61.5006645763246,60.5654766498239,132262700
2.55,0,0.724380526266566,0.724380526266566,0.724380526266566,0,61.4207830701133,60.4936351719597,132783400
2.56,0,0.723338781581873,0.723338781581873,0.723338781581873,0,61.3411849668769,60.4220678814116,133304200
2.57,0,0.722301382268594,0.722301382268594,0.722301382268594,0,61.2618886396769,60.350791505995,133824900
2.58,0,0.721268323846128,0.721268323846128,0.721268323846128,0,61.1828903111242,60.2798020267252,134345600
2.59,0,0.720239510899803,0.720239510899803,0.720239510899803,0,61.1041813562157,60.2090902990322,134866300
2.6,0,0.719214844707261,0.719214844707261,0.719214844707261,0,61.0257664982013,60.138660063774,135387000
2.61,0,0.71819452907645,0.71819452907645,0.71819452907645,0,60.9476503532801,60.0685153067516,135907700
2.62,0,0.717178358370835,0.717178358370835,0.717178358370835,0,60.8698332853256,59.9986556373923,136428500
2.63,0,0.716166248021099,0.716166248021099,0.716166248021099,0,60.7923026550326,59.9290685396122,136949200
2.64,0,0.715158293464606,0.715158293464606,0.715158293464606,0,60.7150857839487,59.8597793993527,137469900
2.65,0,0.714154294127083,0.714154294127083,0.714154294127083,0,60.6381619320378,59.7907676240198,137990600
2.66,0,0.713154443983551,0.713154443983551,0.713154443983551,0,60.5615243250044,59.7220261924623,138511400
2.67,0,0.712158558362037,0.712158558362037,0.712158558362037,0,60.4851963175795,59.6535770917833,139032100
2.68,0,0.711166628573637,0.711166628573637,0.711166628573637,0,60.4091688707747,59.5854108717195,139552800
2.69,0,0.710178655233433,0.710178655233433,0.710178655233433,0,60.3334428304379,59.5175279938532,140073500
2.7,0,0.709194535886313,0.709194535886313,0.709194535886313,0,60.2688011311693,59.4597352310649,140594200
2.71,0,0.708214270352313,0.708214270352313,0.708214270352313,0,60.2088717742631,59.4063481245346,141114900
2.72,0,0.707237849632744,0.707237849632744,0.707237849632744,0,60.1494345723109,59.3534298621803,141635700
2.73,0,0.706265286096775,0.706265286096775,0.706265286096775,0,60.090501096979,59.3009922964772,142156400
2.74,0,0.705296268218708,0.705296268218708,0.705296268218708,0,60.0320522901655,59.2490169813763,142677100
2.75,0,0.704331195080536,0.704331195080536,0.704331195080536,0,59.9740682614142,59.1974849625718,143197800
2.76,0,0.703369662804593,0.703369662804593,0.703369662804593,0,59.9165511646207,59.1463982047678,143718500
2.77,0,0.702411861535497,0.702411861535497,0.702411861535497,0,59.8594882047107,59.0957450887101,144239300
2.78,0,0.701457599569999,0.701457599569999,0.701457599569999,0,59.8028802318483,59.0455262894832,144760000
2.79,0,0.700506966248698,0.700506966248698,0.700506966248698,0,59.7467020701381,58.9957175392708,145280700
2.8,0,0.699559857008093,0.699559857008094,0.699559857008094,0,59.6909526756094,58.9463180611191,145801400
2.81,0,0.698616266097194,0.698616266097194,0.698616266097194,0,59.6356153163067,58.8973121220922,146322100
2.82,0,0.697676181971069,0.697676181971069,0.697676181971069,0,59.5806993566457,58.8487084890844,146842900
2.83,0,0.696739611441315,0.696739611441316,0.696739611441316,0,59.5261791525503,58.8004829965462,147363600
2.84,0,0.695806342162513,0.695806342162514,0.695806342162514,0,59.4720494849127,58.7526302576692,147884300
2.85,0,0.694876466910688,0.694876466910688,0.694876466910688,0,59.418316311367,58.7051563710003,148405000
2.86,0,0.69394987965434,0.69394987965434,0.69394987965434,0,59.3649498311879,58.6580325975701,148925700
2.87,0,0.69302672167482,0.69302672167482,0.69302672167482,0,59.3119735508163,58.6112816941393,149446400
2.88,0,0.69210666945781,0.69210666945781,0.69210666945781,0,59.2593507094523,58.5648682909601,149967200
2.89,0,0.691189997895639,0.691189997895638,0.691189997895638,0,59.2070809412316,58.5187921841807,150487900
2.9,0,0.690276501945124,0.690276501945124,0.690276501945124,0,59.1551764477899,58.4730650730767,151008600
2.91,0,0.6893661530015,0.6893661530015,0.6893661530015,0,59.1036056944124,58.4276568363831,151529300
2.92,0,0.688458915529229,0.688458915529229,0.688458915529229,0,59.0523792217972,58.3825772933657,152050100
2.93,0,0.687554901953419,0.687554901953419,0.687554901953419,0,59.0014857075355,58.3378161180574,152570800
2.94,0,0.686653777476067,0.686653777476067,0.686653777476067,0,58.9509180785998,58.293366094344,153091500
2.95,0,0.685755810656372,0.685755810656372,0.685755810656372,0,58.9006765874992,58.2492278427775,153612200
2.96,0,0.68486080260611,0.684860802606111,0.684860802606111,0,58.8507488094782,58.2053890839889,154132900
2.97,0,0.683968720519318,0.683968720519318,0.683968720519318,0,58.8011229984123,58.161838702132,154653600
2.98,0,0.683079539206695,0.683079539206695,0.683079539206695,0,58.7517966732948,58.1185741947861,155174400
2.99,0,0.682193247219992,0.682193247219992,0.682193247219992,0,58.7027685735103,58.0755946852595,155695100
3,0,0.681309928652978,0.681309928652978,0.681309928652978,0,58.65404403283,58.0329050515323,156215800
0.01,2,0.386860636275927,0.401647346306841,0.401647346306841,0.403165590415997,68.5616984719385,68.5616984719385,520719.3
0.02,2,0.429355479288785,0.444168091808986,0.444168091808986,0.401680733263699,68.5616984719385,68.5616984719385,1041439
0.03,2,0.440177825183428,0.454997034402869,0.454997034402869,0.401302578255539,68.5616984719385,68.5616984719385,1562158
0.04,2,0.443356784354043,0.458177931289923,0.458177931289923,0.401191498888569,68.5616984719385,68.5616984719385,2082877
0.05,2,0.443973238093428,0.45879476078517,0.45879476078517,0.40116995872795,68.5616984719385,68.5616984719385,2603597
0.06,2,0.443564352941306,0.458385626399435,0.458385626399435,0.401184246015525,68.5616984719385,68.5616984719385,3124316
0.07,2,0.44271238145837,0.457533135602139,0.457533135602139,0.401214015650151,68.5616984719385,68.5616984719385,3645036
0.08,2,0.441669920318119,0.456490039035644,0.456490039035644,0.401250441384908,68.5616984719385,68.5616984719385,4165755
0.09,2,0.440556261819895,0.455375701713231,0.455375701713231,0.40128935490168,68.5616984719385,68.5616984719385,4686474
0.1,2,0.439430653369555,0.454249407154678,0.454249407154678,0.401328685974339,68.5616984719385,68.5616984719385,5207194
0.11,2,0.43832315080872,0.45314122952197,0.45314122952197,0.401367384390006,68.5616984719385,68.5616984719385,5727913
0.12,2,0.437248806034818,0.452066229887336,0.452066229887336,0.401404924204451,68.5616984719385,68.5616984719385,6248632
0.13,2,0.43621466965343,0.451031463154012,0.451031463154012,0.401441059055023,68.5616984719385,68.5616984719385,6769352
0.14,2,0.43522342809118,0.45003961738612,0.45003961738612,0.401475695072455,68.5616984719385,68.5616984719385,7290071
0.15,2,0.434275354347543,0.449090965749538,0.449090965749538,0.401508822717584,68.5616984719385,68.5616984719385,7810790
0.16,2,0.433369408119054,0.44818446730669,0.44818446730669,0.401540478340752,68.5616984719385,68.5616984719385,8331510
0.17,2,0.432503863824378,0.447318395424424,0.447318395424424,0.401570722237315,68.5616984719385,68.5616984719385,8852229
0.18,2,0.431676658581338,0.446490685963144,0.446490685963144,0.401599626488619,68.5616984719385,68.5616984719385,9372949
0.19,2,0.430885614434801,0.445699159640158,0.445699159640158,0.40162726719689,68.5616984719385,68.5616984719385,9893668
0.2,2,0.430128543243777,0.444941626980706,0.444941626980706,0.401653720820274,68.5616984719385,68.5616984719385,10414390
0.21,2,0.429403336882617,0.444215978574142,0.444215978574142,0.401679061021011,68.5616984719385,68.5616984719385,10935110
0.22,2,0.428707980022393,0.443520197863108,0.443520197863108,0.401703358218838,68.5616984719385,68.5616984719385,11455830
0.23,2,0.428040580811541,0.442852391842873,0.442852391842873,0.401726678518936,68.5616984719385,68.5616984719385,11976550
0.24,2,0.427399385976311,0.442210806170986,0.442210806170986,0.401749083184293,68.5616984719385,68.5616984719385,12497260
0.25,2,0.426782731351442,0.441593775667806,0.441593775667806,0.401770630364264,68.5616984719385,68.5616984719385,13017980
0.26,2,0.426511881292167,0.441322760513422,0.441322760513422,0.401780094421999,68.5616984719385,68.5616984719385,13538700
0.27,2,0.426262661881602,0.441073389192586,0.441073389192586,0.401788802660412,68.5616984719385,68.5616984719385,14059420
0.28,2,0.426033793627049,0.440844381432693,0.440844381432693,0.401796799787607,68.5616984719385,68.5616984719385,14580140
0.29,2,0.425824044113931,0.440634504067955,0.440634504067955,0.401804128866683,68.5616984719385,68.5616984719385,15100860
0.3,2,0.42563232409475,0.44044266718693,0.44044266718693,0.401810827958185,68.5616984719385,68.5616984719385,15621580
0.31,2,0.425457610705711,0.440267847302341,0.440267847302341,0.401816932803077,68.5616984719385,68.5616984719385,16142300
0.32,2,0.425298975050536,0.440109114951707,0.440109114951707,0.401822475858904,68.5616984719385,68.5616984719385,16663020
0.33,2,0.425155489052377,0.439965541492475,0.439965541492475,0.40182748955458,68.5616984719385,68.5616984719385,17183740
0.34,2,0.425026409942926,0.439836383703588,0.439836383703588,0.401831999843953,68.5616984719385,68.5616984719385,17704460
0.35,2,0.424910949590997,0.43972085297346,0.43972085297346,0.401836034265949,68.5616984719385,68.5616984719385,18225180
0.36,2,0.424808390714212,0.439618231582497,0.439618231582497,0.401839617883888,68.5616984719385,68.5616984719385,18745900
0.37,2,0.424718099629876,0.439527885461745,0.439527885461745,0.401842772839945,68.5616984719385,68.5616984719385,19266620
0.38,2,0.424639487469365,0.43944922538364,0.43944922538364,0.401845519710401,68.5616984719385,68.5616984719385,19787340
0.39,2,0.424571961852173,0.439381658606593,0.439381658606593,0.401847879194248,68.5616984719385,68.5616984719385,20308050
0.4,2,0.424514997629805,0.439324659662008,0.439324659662008,0.401849869641253,68.5616984719385,68.5616984719385,20828770
0.41,2,0.424468126796567,0.43927776025892,0.43927776025892,0.401851507404497,68.5616984719385,68.5616984719385,21349490
0.42,2,0.424430853548643,0.439240464291301,0.439240464291301,0.401852809808385,68.5616984719385,68.5616984719385,21870210
0.43,2,0.424402763263644,0.43921235688403,0.43921235688403,0.401853791340676,68.5616984719385,68.5616984719385,22390930
0.44,2,0.424383450917163,0.439193032765817,0.439193032765817,0.401854466153754,68.5616984719385,68.5616984719385,22911650
0.45,2,0.424372553628582,0.439182128834856,0.439182128834856,0.401854846927413,68.5616984719385,68.5616984719385,23432370
0.46,2,0.42436967947851,0.439179252932862,0.439179252932862,0.401854947356124,68.5616984719385,68.5616984719385,23953090
0.47,2,0.42437450969426,0.439184086092842,0.439184086092842,0.401854778578458,68.5616984719385,68.5616984719385,24473810
0.48,2,0.424386745111811,0.439196328968422,0.439196328968422,0.401854351047822,68.5616984719385,68.5616984719385,24994530
0.49,2,0.424406052776425,0.439215648401914,0.439215648401914,0.401853676398338,68.5616984719385,68.5616984719385,25515250
0.5,2,0.42443218586537,0.439241797420134,0.439241797420134,0.401852763254501,68.5616984719385,68.5616984719385,26035970
0.51,2,0.424464843927735,0.439274475389034,0.439274475389034,0.401851622114681,68.5616984719385,68.5616984719385,26556690
0.52,2,0.424503793021764,0.439313448224261,0.439313448224261,0.401850261153286,68.5616984719385,68.5616984719385,27077410
0.53,2,0.424548818024765,0.439358500671997,0.439358500671997,0.401848687887143,68.5616984719385,68.5616984719385,27598120
0.54,2,0.424599643360479,0.439409356988004,0.439409356988004,0.401846911945455,68.5616984719385,68.5616984719385,28118850
0.55,2,0.424656088843875,0.439465836877424,0.439465836877424,0.401844939624256,68.5616984719385,68.5616984719385,28639570
0.56,2,0.424717969124072,0.439527754876392,0.439527754876392,0.401842777400086,68.5616984719385,68.5616984719385,29160280
0.57,2,0.424785047456065,0.4395948740956,0.4395948740956,0.401840433545304,68.5616984719385,68.5616984719385,29681000
0.58,2,0.424857163736557,0.43966703433416,0.43966703433416,0.401837913654247,68.5616984719385,68.5616984719385,30201720
0.59,2,0.424934161791336,0.439744079322663,0.439744079322663,0.401835223183963,68.5616984719385,68.5616984719385,30722440
0.6,2,0.425015841913293,0.439825809232274,0.439825809232274,0.401832369112629,68.5616984719385,68.5616984719385,31243160
0.61,2,0.42568613689075,0.440496512784213,0.440496512784213,0.401808947628494,68.5616984719385,68.5616984719385,31763880
0.62,2,0.42633986749779,0.441150641869017,0.441150641869017,0.401786104937506,68.5616984719385,68.5616984719385,32284600
0.63,2,0.426997847815831,0.44180902325521,0.44180902325521,0.401763113752881,68.5616984719385,68.5616984719385,32805320
0.64,2,0.427659941633407,0.442471520648298,0.442471520648298,0.401739978834128,68.5616984719385,68.5616984719385,33326040
0.65,2,0.428326018911814,0.443138003930312,0.443138003930312,0.401716704725067,68.5616984719385,68.5616984719385,33846760
0.66,2,0.428995955427104,0.443808348801586,0.443808348801586,0.401693295766337,68.5616984719385,68.5616984719385,34367480
0.67,2,0.42966964975687,0.444482453777889,0.444482453777889,0.401669755501846,68.5616984719385,68.5616984719385,34888200
0.68,2,0.430346953691496,0.445160170559267,0.445160170559267,0.401646089110343,68.5616984719385,68.5616984719385,35408920
0.69,2,0.431027775863711,0.445841407722756,0.445841407722756,0.401622299784387,68.5616984719385,68.5616984719385,35929640
0.7,2,0.431712012200515,0.446526061131918,0.446526061131918,0.401598391160504,68.5616984719385,68.5616984719385,36450360
0.71,2,0.432399566769285,0.447214034795655,0.447214034795655,0.401574366590777,68.5616984719385,68.5616984719385,36971070
0.72,2,0.433090332654803,0.447905221733581,0.447905221733581,0.401550229811042,68.5616984719385,68.5616984719385,37491800
0.73,2,0.433784229516416,0.44859954155607,0.44859954155607,0.401525983628567,68.5616984719385,68.5616984719385,38012520
0.74,2,0.434481169206194,0.449296906061462,0.449296906061462,0.401501631123422,68.5616984719385,68.5616984719385,38533230
0.75,2,0.435181060009102,0.449997223478819,0.449997223478819,0.40147717550032,68.5616984719385,68.5616984719385,39053950
0.76,2,0.435883807134863,0.450700398960083,0.450700398960083,0.401452620071426,68.5616984719385,68.5616984719385,39574670
0.77,2,0.436589367256971,0.451406389152343,0.451406389152343,0.401427966350659,68.5616984719385,68.5616984719385,40095390
0.78,2,0.437297648093468,0.452115101717384,0.452115101717384,0.401403217562539,68.5616984719385,68.5616984719385,40616110
0.79,2,0.438008542897508,0.452826429843299,0.452826429843299,0.401378377437021,68.5616984719385,68.5616984719385,41136830
0.8,2,0.438722068875165,0.453540390746648,0.453540390746648,0.401353445372889,68.5616984719385,68.5616984719385,41657550
0.81,2,0.439438107258195,0.454256865586792,0.454256865586792,0.40132842552015,68.5616984719385,68.5616984719385,42178270
0.82,2,0.440156593697053,0.454975789974963,0.454975789974963,0.401303320127309,68.5616984719385,68.5616984719385,42698990
0.83,2,0.440877466185154,0.45569710186678,0.45569710186678,0.401278131361003,68.5616984719385,68.5616984719385,43219710
0.84,2,0.441600668051647,0.456420744556847,0.456420744556847,0.401252861201429,68.5616984719385,68.5616984719385,43740420
0.85,2,0.442326132344591,0.457146651052415,0.457146651052415,0.401227511988024,68.5616984719385,68.5616984719385,44261150
0.86,2,0.443053815777252,0.457874778040364,0.457874778040364,0.401202085233317,68.5616984719385,68.5616984719385,44781860
0.87,2,0.443783655497881,0.458605062630633,0.458605062630633,0.401176583133477,68.5616984719385,68.5616984719385,45302580
0.88,2,0.4445154295483,0.459337282729753,0.459337282729753,0.401151013444179,68.5616984719385,68.5616984719385,45823300
0.89,2,0.44524943427188,0.460071734861727,0.460071734861727,0.401125365810575,68.5616984719385,68.5616984719385,46344020
0.9,2,0.445985448112506,0.460808197335394,0.460808197335394,0.401099647974293,68.5616984719385,68.5616984719385,46864740
0.91,2,0.449018149159671,0.464249554355129,0.464249554355129,0.41264311910917,68.7738450248496,68.7196470754351,47385460
0.92,2,0.458116252301166,0.473760010600461,0.473760010600461,0.423974652628967,68.9859915777607,68.8775956789317,47906180
0.93,2,0.485238974025855,0.501306072232483,0.501306072232483,0.434676368930412,69.1981381306718,69.0355442824284,48426900
0.94,2,0.525837262762989,0.542335914831996,0.542335914831996,0.444907221224813,69.410284683583,69.193492885925,48947620
0.95,2,0.566435551500124,0.58336575743151,0.58336575743151,0.455138073519216,69.6224312364941,69.3514414894216,49468340
0.96,2,0.607033840237258,0.624395600031022,0.624395600031022,0.465368925813617,69.8345777894052,69.5093900929182,49989060
0.97,2,0.647632128974392,0.665425442630536,0.665425442630536,0.475599778108019,70.0467243423163,69.6673386964148,50509780
0.98,2,0.688230417711526,0.706455285230048,0.706455285230048,0.48583063040242,70.2588708952274,69.8252872999114,51030500
0.99,2,0.728828706448661,0.747485127829562,0.747485127829562,0.496061482696822,70.4710174481385,69.983235903408,51551220
1,2,0.769426995185796,0.788514970429076,0.788514970429076,0.506292334991224,70.6831640010496,70.1411845069046,52071940
1.01,2,0.81002528392293,0.829544813028588,0.829544813028588,0.516523187285625,70.8953105539608,70.2991331104013,52592660
1.02,2,0.850623572660064,0.870574655628101,0.870574655628101,0.526754039580026,71.1074571068719,70.4570817138979,53113370
1.03,2,0.891221861397199,0.911604498227614,0.911604498227614,0.536984891874429,71.319603659783,70.6150303173945,53634090
1.04,2,0.931820150134333,0.952634340827128,0.952634340827128,0.54721574416883,71.5317502126941,70.7729789208911,54154810
1.05,2,0.972418438871467,0.993664183426641,0.993664183426641,0.557446596463232,71.7438967656052,70.9309275243877,54675530
1.06,2,0.969914512049208,0.99121205819024,0.99121205819024,0.55906119835098,71.7136572671995,70.9036529245699,55196250
1.07,2,0.967495415244549,0.988840533363503,0.988840533363503,0.560550235265898,71.6868642218748,70.8795422532599,55716980
1.08,2,0.965157499512738,0.986546866258657,0.986546866258657,0.561939850206637,71.6627799465661,70.8579181725378,56237690
1.09,2,0.962897300157472,0.984328220294093,0.984328220294093,0.563248211564798,71.6409319080624,70.8383487756275,56758410
1.1,2,0.960711267386733,0.982148448836166,0.982148448836166,0.563542053926167,71.6034308457979,70.8022838869454,57279130
1.11,2,0.958624537110449,0.980005054305804,0.980005054305804,0.562028740651363,71.5347895316363,70.7336900705924,57799850
1.12,2,0.956676658227572,0.978002508444558,0.978002508444558,0.560565346456495,71.4689567628103,70.6678898458175,58320570
1.13,2,0.954834692812584,0.976107602436124,0.976107602436124,0.559145839896817,71.4055633359462,70.6045159142451,58841290
1.14,2,0.953087407691553,0.974308890730045,0.974308890730045,0.557764727890368,71.344314675599,70.5432750175438,59362010
1.15,2,0.951428225621546,0.972599626724247,0.972599626724247,0.556417505254501,71.2849941657611,70.4839509632732,59882720
1.16,2,0.948960363564273,0.970082341242691,0.970082341242691,0.555131512423405,71.2273782769843,70.4263218455562,60403440
1.17,2,0.946542363500367,0.967615981460618,0.967615981460618,0.553873367525219,71.1713198995638,70.3702406170055,60924160
1.18,2,0.944203545885665,0.965229787607948,0.965229787607948,0.552639236882811,71.1166596182429,70.3155490730772,61444880
1.19,2,0.941765651436034,0.96274530358366,0.96274530358366,0.551432824671066,71.0632918104165,70.2621415035066,61965610
1.2,2,0.938944902466813,0.959878503711248,0.959878503711248,0.550261898466096,71.0110962153713,70.2098985220285,62486320
1.21,2,0.936200368805903,0.95708867377498,0.95708867377498,0.549108588512214,70.9599858786397,70.1587334330156,63007040
1.22,2,0.933529750624041,0.954373455079182,0.954373455079182,0.547971329600395,70.9098764979101,70.1085623573148,63527760
1.23,2,0.930930439168578,0.951730186736243,0.951730186736243,0.546848765471806,70.8606955569416,70.0593130983484,64048480
1.24,2,0.928400700809227,0.949157087558295,0.949157087558295,0.545739625092752,70.8123865058766,70.0109290780797,64569200
1.25,2,0.925938463497057,0.946652043990723,0.946652043990723,0.544642828465305,70.7648841602789,69.9633455995335,65089920
1.26,2,0.923541706639888,0.94421299787008,0.94421299787008,0.5435574055624,70.7181308180354,69.9165053646569,65610640
1.27,2,0.92120885336938,0.941838340032812,0.941838340032812,0.542482514193448,70.6720994668875,69.8703809831095,66131360
1.28,2,0.918938064525352,0.939526199979548,0.939526199979548,0.541417353288193,70.6267254417072,69.8249086558251,66652080
1.29,2,0.916727936220103,0.937275145345273,0.937275145345273,0.540361180922639,70.5819902414676,69.7800693769758,67172790
1.3,2,0.914576786722448,0.935083469376076,0.935083469376076,0.53931336865768,70.5378463556979,69.7358161993879,67693510
1.31,2,0.912483467357228,0.93294999966252,0.93294999966252,0.538273297019662,70.4942577488792,69.6921133238738,68214230
1.32,2,0.910446248362212,0.930872986122465,0.930872986122465,0.53724047475717,70.4512084352314,69.6489445042321,68734960
1.33,2,0.908464128111315,0.928851406264691,0.928851406264691,0.536214356853173,70.4086672906529,69.6062788038083,69255680
1.34,2,0.906535717819702,0.926883853429956,0.926883853429956,0.535194504219972,70.3665983745172,69.5640807530925,69776400
1.35,2,0.904659951250311,0.924969244924996,0.924969244924996,0.534180501481382,70.324992469777,69.5223407920994,70297110
1.36,2,0.902835572474781,0.923106308930426,0.923106308930426,0.533171959385002,70.2838253472652,69.4810348600942,70817830
1.37,2,0.901061547839962,0.921293996831903,0.921293996831903,0.532168503658852,70.2430745452995,69.4401406389144,71338550
1.38,2,0.899336956269171,0.919531375200504,0.919531375200504,0.531169828842674,70.2027199330453,69.3996381667782,71859270
1.39,2,0.89766089061246,0.917817523413646,0.917817523413646,0.530175596662865,70.1627420401645,69.3595080773166,72379990
1.4,2,0.896032056904649,0.9161511358257,0.9161511358257,0.52918554043509,70.12313901664,69.3197481297287,72900710
1.41,2,0.894449873705844,0.914531620110498,0.914531620110498,0.528199378883047,70.0838779016847,69.2803260025649,73421430
1.42,2,0.892913273515992,0.91295789743976,0.91295789743976,0.527216843542719,70.044950195332,69.2412330315357,73942140
1.43,2,0.89142159419864,0.911429298636769,0.911429298636769,0.52623776750135,70.0063597295188,69.2024726391171,74462860
1.44,2,0.889974088632009,0.909945064386548,0.909945064386548,0.52526184073842,69.9680653799436,69.1676969456689,74983590
1.45,2,0.888569824050662,0.908504255360108,0.908504255360108,0.524288924172685,69.9300804066208,69.1352710009959,75504310
1.46,2,0.887208271827244,0.90710633484409,0.90710633484409,0.523318813949804,69.8923761549111,69.1031266293174,76025030
1.47,2,0.885888516909933,0.905750378873778,0.905750378873778,0.522351302783986,69.8549480953764,69.0712592046644,76545740
1.48,2,0.884610147866065,0.904435969362106,0.904435969362106,0.521386221675936,69.8178020035833,69.0396741560298,77066460
1.49,2,0.883372468017044,0.903162403545661,0.903162403545661,0.520423432883246,69.7809035906538,69.0083381639002,77587180
1.5,2,0.882174687467263,0.901928884086056,0.901928884086056,0.519462764660902,69.7442506609483,68.9772489150007,78107900
1.51,2,0.88047019588367,0.900172135163707,0.900172135163707,0.518055620722718,69.6965182092934,68.9348102225279,78628620
1.52,2,0.878204384354323,0.897833529051603,0.897833529051603,0.516089778612257,69.6345871492696,68.8778505242446,79149340
1.53,2,0.875964767767124,0.895518114732262,0.895518114732262,0.514036565015865,69.5702098136202,68.8184133686515,79670060
1.54,2,0.873750410075196,0.893225396822816,0.893225396822816,0.511908647945802,69.5036334196513,68.7567552011954,80190780
1.55,2,0.871560601953004,0.890955062778737,0.890955062778737,0.509717426890159,69.4351074256876,68.6931328967126,80711500
1.56,2,0.869394453252643,0.888706555878466,0.888706555878466,0.507472496571354,69.364803669408,68.6277256712997,81232220
1.57,2,0.867251297676475,0.886479523891589,0.886479523891589,0.505182885610129,69.2929281346689,68.560745054776,81752940
1.58,2,0.865130185710565,0.884273291306363,0.884273291306363,0.502856490154382,69.2196324809798,68.4923483983819,82273660
1.59,2,0.863030694658779,0.882087671936111,0.882087671936111,0.500500105096913,69.1450641022622,68.4226874690884,82794380
1.6,2,0.860951909032245,0.879921967934859,0.879921967934859,0.498120010883832,69.0693535612104,68.3518970074448,83315100
1.61,2,0.858893437981821,0.877782607709504,0.877782607709504,0.495911505937646,68.9803277279218,68.2684301042735,83835820
1.62,2,0.856854401681053,0.875662781525442,0.875662781525442,0.493704826007073,68.8894157878347,68.1831412185948,84356540
1.63,2,0.85483443928025,0.873561720107868,0.873561720107868,0.491488294234484,68.7977678128826,68.0971298536479,84877260
1.64,2,0.852832799536113,0.871478807661292,0.871478807661292,0.489265828700657,68.7054774915839,68.0104918398494,85397980
1.65,2,0.850849046918498,0.86941371463681,0.86941371463681,0.487040487131792,68.6126045689588,67.9232889525584,85918700
1.66,2,0.848882559120805,0.867365933103358,0.867365933103358,0.484815577421766,68.5192424646834,67.8356159246303,86439420
1.67,2,0.846932821721648,0.86533503965469,0.86533503965469,0.482593732857327,68.4254463330188,67.7475294769678,86960130
1.68,2,0.844999635544324,0.863320919465671,0.863320919465671,0.480377379387671,68.3312850289112,67.6590993491253,87480850
1.69,2,0.843082206742996,0.861322847182682,0.861322847182682,0.478168519968543,68.2368090009422,67.570376831942,88001580
1.7,2,0.84118026151332,0.859340617660118,0.859340617660118,0.475969135075521,68.1420805238539,67.481424671771,88522300
1.71,2,0.839293224467763,0.857373708490344,0.857373708490344,0.473780772003043,68.0471335977121,67.3922775878683,89043020
1.72,2,0.837420736219831,0.855421808498416,0.855421808498416,0.471604830180122,67.9520255698887,67.3029927725,89563730
1.73,2,0.835562442398438,0.853484610292516,0.853484610292516,0.469442673484933,67.8567906889916,67.2136049338497,90084450
1.74,2,0.833718097960333,0.85156190220576,0.85156190220576,0.467295270531164,67.7614686975789,67.1241536085823,90605170
1.75,2,0.83188716516822,0.849653188936184,0.849653188936184,0.465163864683584,67.66609286479,67.03467236435,91125890
1.76,2,0.830069315949491,0.847758163156498,0.847758163156498,0.463049067200493,67.5706954774424,66.9451930233535,91646610
1.77,2,0.82826422488288,0.845876521982848,0.845876521982848,0.460951540520024,67.4753179410487,66.855756326223,92167330
1.78,2,0.826471478156225,0.844007878362884,0.844007878362884,0.458872072625549,67.3799696412733,66.7663720414531,92688050
1.79,2,0.824690966710968,0.842152144906614,0.842152144906614,0.456811289737865,67.2846936120346,66.6770824371269,93208760
1.8,2,0.822922183134456,0.840308819655781,0.840308819655781,0.454769374637538,67.1895039080057,66.5879010535115,93729480
1.81,2,0.821164932134778,0.83847772464726,0.83847772464726,0.452746833788682,67.0944341906334,66.4988608916546,94250200
1.82,2,0.819419017239344,0.836658668291544,0.836658668291544,0.450743817319172,66.9994835422712,66.4099608940321,94770930
1.83,2,0.81768405584408,0.834851280556349,0.834851280556349,0.448760705285252,66.9046907812623,66.3212389036562,95291650
1.84,2,0.815959664758867,0.833055187860736,0.833055187860736,0.446797792936031,66.8100685586633,66.2327072100677,95812370
1.85,2,0.814245865642559,0.831270408317387,0.831270408317387,0.444854977587349,66.7156320265288,66.1443800745747,96333080
1.86,2,0.812542182908451,0.82949647746791,0.82949647746791,0.442932602831974,66.6214121746492,66.0562876740528,96853800
1.87,2,0.810848550088911,0.827733328877272,0.827733328877272,0.441030673086038,66.5274066995054,65.9684274025934,97374520
1.88,2,0.809164602149255,0.825980587844324,0.825980587844324,0.439148930664952,66.4336252355073,65.8808079497918,97895240
1.89,2,0.807490276708495,0.824238204064552,0.824238204064552,0.437287724662348,66.3401004893474,65.7934611812975,98415960
1.9,2,0.805825218186184,0.822505810702987,0.822505810702987,0.435446751422199,66.2468269365041,65.7063809783894,98936680
1.91,2,0.804169372186123,0.820783359466629,0.820783359466629,0.433626188567448,66.1538312909244,65.6195931751727,99457400
1.92,2,0.802522488772984,0.819070586791603,0.819070586791603,0.431825658923564,66.0611052898606,65.5330889043395,99978110
1.93,2,0.800884223088415,0.817367156876372,0.817367156876372,0.430045439913304,65.968686269068,65.4469044518607,100498800
1.94,2,0.799254615329468,0.815673096156478,0.815673096156478,0.428285135352403,65.8765501447857,65.36101552357,101019600
1.95,2,0.797633348305644,0.813988082117368,0.813988082117368,0.426544609399681,65.784735612619,65.2754592813617,101540300
1.96,2,0.796020272154207,0.812311965930677,0.812311965930677,0.424823899528161,65.6932376947498,65.1902305239319,102061000
1.97,2,0.794415350564398,0.810644695514167,0.810644695514167,0.423122556004293,65.6020619256972,65.1053337684748,102581700
1.98,2,0.792818250552905,0.80898593845257,0.80898593845257,0.421440612542038,65.5112189241411,65.0207790072793,103102400
1.99,2,0.791228928067916,0.80733564667706,0.80733564667706,0.419777956417452,65.420714946289,64.9365718315145,103623200
2,2,0.789647179295635,0.805693605649761,0.805693605649761,0.418134291212301,65.3305613629064,64.8527226262525,104143900
2.01,2,0.78829893069713,0.804285864856949,0.804285864856949,0.416501302011599,65.2407484428393,64.7692210713203,104664600
2.02,2,0.78695095193372,0.802879836427056,0.802879836427056,0.414909607264441,65.1522384399997,64.6870292701503,105185300
2.03,2,0.785610567856421,0.801482370509642,0.801482370509642,0.413345229498659,65.0598673515161,64.6010902177374,105706000
2.04,2,0.784277673716671,0.800093092401848,0.800093092401848,0.411800443723064,64.9677241760476,64.5153864684414,106226700
2.05,2,0.782952152609843,0.798711878341362,0.798711878341362,0.410275059684766,64.8758025718685,64.4299110759599,106747500
2.06,2,0.781633825068162,0.797338535269684,0.797338535269684,0.408768697599904,64.7840954035188,64.3446561217685,107268200
2.07,2,0.780322778267192,0.795973144314638,0.795973144314638,0.407281179716136,64.6926264574954,64.2596441158358,107788900
2.08,2,0.779018811437449,0.79461550010572,0.79461550010572,0.405812384797185,64.6013861374666,64.174864996703,108309600
2.09,2,0.777721724018932,0.793265386834173,0.793265386834173,0.404361886684628,64.5103838965724,64.0903270275217,108830300
2.1,2,0.776431509253117,0.791922792436245,0.791922792436245,0.402929533810685,64.4196227546478,64.0060324626458,109351100
2.11,2,0.775147989355805,0.790587538562255,0.790587538562255,0.401515319297534,64.3291144466044,63.921992212404,109871800
2.12,2,0.773871356712497,0.789259798932532,0.789259798932532,0.400118698564058,64.2388557565129,63.8382020782977,110392500
2.13,2,0.772601216561434,0.787939177562128,0.787939177562128,0.398739657267115,64.1488446802278,63.7546595232619,110913200
2.14,2,0.771337663879363,0.786625753330975,0.786625753330975,0.39737772947775,64.0590954246139,63.6713774844856,111434000
2.15,2,0.77008042316759,0.785319252674498,0.785319252674498,0.396032985017145,63.9696104615093,63.5883578965775,111954700
2.16,2,0.768829690551393,0.784019855500016,0.784019855500016,0.39470494918739,63.880379353539,63.5055895812975,112475400
2.17,2,0.767585073607613,0.782727163227092,0.782727163227092,0.393393466228922,63.7914239122067,63.4230932193267,112996100
2.18,2,0.766346879600437,0.781441480428091,0.781441480428091,0.392098442958347,63.7027314332858,63.3408557608393,113516800
2.19,2,0.765114815478213,0.780162501373967,0.780162501373967,0.390819531697591,63.6143192800358,63.2588933867168,114037500
2.2,2,0.763888680369121,0.778890016638863,0.778890016638863,0.389556498016179,63.5261709195997,63.1771891647189,114558300
2.21,2,0.762668701329036,0.777624247384754,0.777624247384754,0.3883091612379,63.438310222747,63.0957658371459,115079000
2.22,2,0.761454577300834,0.776364883139646,0.776364883139646,0.387077267530648,63.3507186083558,63.0146044509774,115599700
2.23,2,0.760246417904652,0.775112027443981,0.775112027443981,0.385860637050876,63.2634034294778,62.9337115622053,116120400
2.24,2,0.759044032249389,0.773865484583217,0.773865484583217,0.384659141675571,63.1763810462135,62.8531026122121,116641100
2.25,2,0.757847420995971,0.772625244913479,0.772625244913479,0.383472486279162,63.0896445107371,62.7727700535901,117161900
2.26,2,0.756656511543561,0.771391225712908,0.771391225712908,0.382300384837554,63.0031875754802,62.6927070345934,117682600
2.27,2,0.75547130404887,0.770163422568387,0.770163422568387,0.381142706479808,62.917011444835,62.6129141442242,118203300
2.28,2,0.754291709434711,0.768941741458556,0.768941741458556,0.379999314290707,62.8311338318947,62.5334081932445,118724000
2.29,2,0.753117537310916,0.767725985479304,0.767725985479304,0.378870031711222,62.7455599976929,62.4541937441888,119244700
2.3,2,0.751948896019143,0.766516249054244,0.766516249054244,0.37775445450393,62.6602599976623,62.3752406016253,119765400
2.31,2,0.75078578888325,0.765312534001246,0.765312534001246,0.376652539368797,62.57525372746,62.2965678212885,120286200
2.32,2,0.749627942046086,0.764114558161649,0.764114558161649,0.375564062931006,62.4905478327966,62.2181813173449,120806900
2.33,2,0.748475557335747,0.762922522092775,0.762922522092775,0.374488978225157,62.4061425367507,62.1400808260939,121327600
2.34,2,0.74732824417441,0.761736019121036,0.761736019121036,0.373426844793967,62.3220268867419,62.0622548157376,121848300
2.35,2,0.746186413109252,0.76055546205462,0.76055546205462,0.37237770587288,62.2382120771527,61.9847138947073,122369000
2.36,2,0.745049663526827,0.759380437765561,0.759380437765561,0.371341224083815,62.1547049902349,61.9074641806487,122889800
2.37,2,0.743918021700121,0.758210964362634,0.758210964362634,0.370317164257847,62.0714821912463,61.8304820117807,123410500
2.38,2,0.742791491464416,0.757047048996744,0.757047048996744,0.36930562114099,61.9885718046942,61.7537947245795,123931200
2.39,2,0.74167007792944,0.755888687297994,0.755888687297994,0.368306323004585,61.9059655390135,61.6773935659368,124451900
2.4,2,0.740553593131267,0.754735681202635,0.754735681202635,0.367318990476292,61.8236599735669,61.6012745823031,124972600
2.41,2,0.739442135895707,0.75358812459262,0.75358812459262,0.366343476804395,61.7416460493521,61.5254283447485,125493400
2.42,2,0.738335632008552,0.752445937656019,0.752445937656019,0.365379625579696,61.6599473717305,61.4498776498903,126014100
2.43,2,0.73723388093803,0.751308914848949,0.751308914848949,0.36442730378143,61.5785552976305,61.3746135032637,126534800
2.44,2,0.736137091350322,0.750177259480876,0.750177259480876,0.363486347079814,61.4974574158021,61.2996231764051,127055500
2.45,2,0.735045170506754,0.749050879602002,0.749050879602002,0.362556782924583,61.4166841567169,61.2249363455814,127576200
2.46,2,0.73395781742976,0.747929457531003,0.747929457531003,0.361638148753002,61.3362044731128,61.1505217335558,128097000
2.47,2,0.732875355924677,0.746813314025883,0.746813314025883,0.360730340334455,61.2560335052098,61.07639388336,128617700
2.48,2,0.731797485436014,0.745702151044265,0.745702151044265,0.359833445383305,61.1761707763186,61.0025519948491,129138400
2.49,2,0.730724310975153,0.744596060591441,0.744596060591441,0.358947085951588,61.0966168931722,60.9289961396461,129659100
2.5,2,0.729655740451397,0.743494949492378,0.743494949492378,0.358071235813267,61.0173738620369,60.8557279400529,130179800
2.51,2,0.728591671600829,0.742398705001401,0.742398705001401,0.357205600168395,60.9384265798818,60.7827319781524,130700600
2.52,2,0.727532224979998,0.741307448022618,0.741307448022618,0.356350182652984,60.8597941989685,60.710026872272,131221300
2.53,2,0.726477198652341,0.740220971401004,0.740220971401004,0.355504844410685,60.7814726915157,60.6376082474789,131742000
2.54,2,0.725426698061347,0.739139375503067,0.739139375503067,0.354669434530874,60.703462993051,60.5654766498239,132262700
2.55,2,0.724380526266566,0.738062458995405,0.738062458995405,0.353843837534988,60.6257685892409,60.4936351719597,132783400
2.56,2,0.723338781581873,0.736990313191322,0.736990313191322,0.353027847801452,60.5483737932422,60.4220678814116,133304200
2.57,2,0.722301382268594,0.735922853354627,0.735922853354627,0.352221383775591,60.4712958160423,60.350791505995,133824900
2.58,2,0.721268323846128,0.734860073608193,0.734860073608193,0.351424405700857,60.3945309170895,60.2798020267252,134345600
2.59,2,0.720239510899803,0.733801868905171,0.733801868905171,0.35063664274723,60.3180702620583,60.2090902990322,134866300
2.6,2,0.719214844707261,0.732748135276134,0.732748135276134,0.349857949831113,60.2419179541582,60.138660063774,135387000
2.61,2,0.71819452907645,0.731699076470464,0.731699076470464,0.34908831459642,60.1660782903395,60.0685153067516,135907700
2.62,2,0.717178358370835,0.730654480990998,0.730654480990998,0.3483275799915,60.0905511948866,59.9986556373923,136428500
2.63,2,0.716166248021099,0.729614260492354,0.729614260492354,0.34757564231517,60.015324369812,59.9290685396122,136949200
2.64,2,0.715158293464606,0.72857850980746,0.72857850980746,0.346832479258017,59.9404236238135,59.8597793993527,137469900
2.65,2,0.714154294127083,0.727547017728841,0.727547017728841,0.346097796834525,59.8658285620222,59.7907676240198,137990600
2.66,2,0.713154443983551,0.726519973848414,0.726519973848414,0.345371459365183,59.7915324057956,59.7220261924623,138511400
2.67,2,0.712158558362037,0.725497197540326,0.725497197540326,0.344653592392091,59.7175574742564,59.6535770917833,139032100
2.68,2,0.711166628573637,0.724478670879014,0.724478670879014,0.343943931867199,59.6438945515725,59.5854108717195,139552800
2.69,2,0.710178655233433,0.723464394182922,0.723464394182922,0.343242469263614,59.5705443309596,59.5175279938532,140073500
2.7,2,0.709194535886313,0.722448161159916,0.722448161159916,0.342374418926812,59.5073700293864,59.4597352310649,140594200
2.71,2,0.708214270352313,0.72143516806371,0.72143516806371,0.341488587257136,59.4486344022814,59.4063481245346,141114900
2.72,2,0.707237849632744,0.720426204413114,0.720426204413114,0.34060784127545,59.3903822124993,59.3534298621803,141635700
2.73,2,0.706265286096775,0.719421295926478,0.719421295926478,0.339732562604239,59.3326251068324,59.3009922964772,142156400
2.74,2,0.705296268218708,0.718420122790904,0.718420122790904,0.338862530252054,59.2753444206023,59.2490169813763,142677100
2.75,2,0.704331195080536,0.717423080856027,0.717423080856027,0.337997630745693,59.2185209837889,59.1974849625718,143197800
2.76,2,0.703369662804593,0.716429763619033,0.716429763619033,0.337137810072639,59.162156588311,59.1463982047678,143718500
2.77,2,0.702411861535497,0.715440368201133,0.715440368201133,0.336283258053417,59.1062394139744,59.0957450887101,144239300
2.78,2,0.701457599569999,0.714454699554652,0.714454699554652,0.335433888960926,59.0507699702324,59.0455262894832,144760000
2.79,2,0.700506966248698,0.713472838826613,0.713472838826613,0.334589463480572,58.9957238143416,58.9957175392708,145280700
2.8,2,0.699559857008093,0.712494683879859,0.712494683879859,0.333750056572651,58.941100010917,58.9463180611191,145801400
2.81,2,0.698616266097194,0.711520229965339,0.711520229965339,0.332915697230241,58.88688268174,58.8973121220922,146322100
2.82,2,0.697676181971069,0.710549462793536,0.710549462793536,0.332086307463661,58.8330804387372,58.8487084890844,146842900
2.83,2,0.696739611441315,0.709582390610313,0.709582390610313,0.331261927987954,58.779668999118,58.8004829965462,147363600
2.84,2,0.695806342162513,0.708618792641427,0.708618792641427,0.330442328559534,58.7266428396833,58.7526302576692,147884300
2.85,2,0.694876466910688,0.707658768544613,0.707658768544613,0.329627701383568,58.6740079257573,58.7051563710003,148405000
2.86,2,0.69394987965434,0.706702203278899,0.706702203278899,0.328817794018267,58.6217354345814,58.6580325975701,148925700
2.87,2,0.69302672167482,0.705748680029524,0.705748680029524,0.32799661727928,58.5704466560442,58.6112816941393,149446400
2.88,2,0.69210666945781,0.704797775303551,0.704797775303551,0.327161325104785,58.5201992636816,58.5648682909601,149967200
2.89,2,0.691189997895639,0.703850421921425,0.703850421921425,0.32633074368741,58.4702973145714,58.5187921841807,150487900
2.9,2,0.690276501945124,0.702906416025719,0.702906416025719,0.325504917726328,58.4207523822111,58.4730650730767,151008600
2.91,2,0.6893661530015,0.701965725333955,0.701965725333955,0.324683743404581,58.3715343645085,58.4276568363831,151529300
2.92,2,0.688458915529229,0.701028310227636,0.701028310227636,0.323867105663355,58.3226529426824,58.3825772933657,152050100
2.93,2,0.687554901953419,0.700094290425583,0.700094290425583,0.323055207476581,58.2740977934482,58.3378161180574,152570800
2.94,2,0.686653777476067,0.699163321502051,0.699163321502051,0.322247790684202,58.2258616148824,58.293366094344,153091500
2.95,2,0.685755810656372,0.698235678609588,0.698235678609588,0.321445030023321,58.1779449868934,58.2492278427775,153612200
2.96,2,0.68486080260611,0.697311153784973,0.697311153784973,0.320646676041215,58.1303355762713,58.2053890839889,154132900
2.97,2,0.683968720519318,0.696389714893954,0.696389714893954,0.319852749692162,58.0830222719535,58.161838702132,154653600
2.98,2,0.683079539206695,0.695471333763287,0.695471333763287,0.319063166846896,58.0360025083801,58.1185741947861,155174400
2.99,2,0.682193247219992,0.694556004683938,0.694556004683938,0.318278092455037,57.9892753956089,58.0755946852595,155695100
3,2,0.681309928652978,0.693643807665622,0.693643807665622,0.317497405158232,57.9428456897699,58.0329050515323,156215800
0.01,4,0.386860636275927,0.445973459800098,0.445973459800098,0.804725300586733,68.5616984719385,68.5616984719385,520719.3
0.02,4,0.429355479288785,0.488572070888569,0.488572070888569,0.801746515520094,68.5616984719385,68.5616984719385,1041439
0.03,4,0.440177825183428,0.499420843848886,0.499420843848886,0.80098789541348,68.5616984719385,68.5616984719385,1562158
0.04,4,0.443356784354043,0.5026075657138,0.5026075657138,0.800765058112916,68.5616984719385,68.5616984719385,2082877
0.05,4,0.443973238093428,0.503225524770387,0.503225524770387,0.800721846206178,68.5616984719385,68.5616984719385,2603597
0.06,4,0.443564352941306,0.502815641162397,0.502815641162397,0.800750508060152,68.5616984719385,68.5616984719385,3124316
0.07,4,0.44271238145837,0.501961589251931,0.501961589251931,0.800810229187486,68.5616984719385,68.5616984719385,3645036
0.08,4,0.441669920318119,0.500916582527823,0.500916582527823,0.800883303176162,68.5616984719385,68.5616984719385,4165755
0.09,4,0.440556261819895,0.499800204589049,0.499800204589049,0.800961367926344,68.5616984719385,68.5616984719385,4686474
0.1,4,0.439430653369555,0.498671847517594,0.498671847517594,0.801040270339085,68.5616984719385,68.5616984719385,5207194
0.11,4,0.43832315080872,0.497561640548381,0.497561640548381,0.80111790357304,68.5616984719385,68.5616984719385,5727913
0.12,4,0.437248806034818,0.496484672334037,0.496484672334037,0.801193212526833,68.5616984719385,68.5616984719385,6248632
0.13,4,0.43621466965343,0.495448010697003,0.495448010697003,0.801265702970175,68.5616984719385,68.5616984719385,6769352
0.14,4,0.43522342809118,0.494454348623885,0.494454348623885,0.801335186591098,68.5616984719385,68.5616984719385,7290071
0.15,4,0.434275354347543,0.493503959780792,0.493503959780792,0.801401644253002,68.5616984719385,68.5616984719385,7810790
0.16,4,0.433369408119054,0.492595801323946,0.492595801323946,0.801465148878628,68.5616984719385,68.5616984719385,8331510
0.17,4,0.432503863824378,0.491728143458318,0.491728143458318,0.801525821427029,68.5616984719385,68.5616984719385,8852229
0.18,4,0.431676658581338,0.490898918264382,0.490898918264382,0.801583806501225,68.5616984719385,68.5616984719385,9372949
0.19,4,0.430885614434801,0.490105942468661,0.490105942468661,0.801639256770568,68.5616984719385,68.5616984719385,9893668
0.2,4,0.430128543243777,0.489347022586949,0.489347022586949,0.801692325618416,68.5616984719385,68.5616984719385,10414390
0.21,4,0.429403336882617,0.488620045345767,0.488620045345767,0.801743160819248,68.5616984719385,68.5616984719385,10935110
0.22,4,0.428707980022393,0.48792299049496,0.48792299049496,0.801791903642714,68.5616984719385,68.5616984719385,11455830
0.23,4,0.428040580811541,0.487253961563256,0.487253961563256,0.801838686703006,68.5616984719385,68.5616984719385,11976550
0.24,4,0.427399385976311,0.486611200995589,0.486611200995589,0.801883632900346,68.5616984719385,68.5616984719385,12497260
0.25,4,0.426782731351442,0.485993040562974,0.485993040562974,0.801926858888669,68.5616984719385,68.5616984719385,13017980
0.26,4,0.426511881292167,0.48572152911546,0.48572152911546,0.8019458448186,68.5616984719385,68.5616984719385,13538700
0.27,4,0.426262661881602,0.485471701136494,0.485471701136494,0.801963314492703,68.5616984719385,68.5616984719385,14059420
0.28,4,0.426033793627049,0.48524227400899,0.48524227400899,0.801979357600303,68.5616984719385,68.5616984719385,14580140
0.29,4,0.425824044113931,0.485032012308937,0.485032012308937,0.801994060530661,68.5616984719385,68.5616984719385,15100860
0.3,4,0.42563232409475,0.48483982412901,0.48483982412901,0.802007499637377,68.5616984719385,68.5616984719385,15621580
0.31,4,0.425457610705711,0.484664684107681,0.484664684107681,0.802019746620712,68.5616984719385,68.5616984719385,16142300
0.32,4,0.425298975050536,0.484505661080404,0.484505661080404,0.802030866594035,68.5616984719385,68.5616984719385,16663020
0.33,4,0.425155489052377,0.484361824704062,0.484361824704062,0.802040924613274,68.5616984719385,68.5616984719385,17183740
0.34,4,0.425026409942926,0.484232430396581,0.484232430396581,0.80204997274468,68.5616984719385,68.5616984719385,17704460
0.35,4,0.424910949590997,0.48411668810224,0.48411668810224,0.80205806623433,68.5616984719385,68.5616984719385,18225180
0.36,4,0.424808390714212,0.484013878787131,0.484013878787131,0.802065255361974,68.5616984719385,68.5616984719385,18745900
0.37,4,0.424718099629876,0.483923367221169,0.483923367221169,0.802071584547226,68.5616984719385,68.5616984719385,19266620
0.38,4,0.424639487469365,0.483844563097774,0.483844563097774,0.802077095068343,68.5616984719385,68.5616984719385,19787340
0.39,4,0.424571961852173,0.483776872589907,0.483776872589907,0.802081828449757,68.5616984719385,68.5616984719385,20308050
0.4,4,0.424514997629805,0.483719769266713,0.483719769266713,0.802085821503099,68.5616984719385,68.5616984719385,20828770
0.41,4,0.424468126796567,0.483672783979678,0.483672783979678,0.80208910703443,68.5616984719385,68.5616984719385,21349490
0.42,4,0.424430853548643,0.483635419714282,0.483635419714282,0.80209171979839,68.5616984719385,68.5616984719385,21870210
0.43,4,0.424402763263644,0.483607260835669,0.483607260835669,0.802093688858999,68.5616984719385,68.5616984719385,22390930
0.44,4,0.424383450917163,0.483587901330406,0.483587901330406,0.802095042607483,68.5616984719385,68.5616984719385,22911650
0.45,4,0.424372553628582,0.483576977431757,0.483576977431757,0.802095806480889,68.5616984719385,68.5616984719385,23432370
0.46,4,0.42436967947851,0.483574096263304,0.483574096263304,0.802096007951814,68.5616984719385,68.5616984719385,23953090
0.47,4,0.42437450969426,0.483578938273948,0.483578938273948,0.802095669365446,68.5616984719385,68.5616984719385,24473810
0.48,4,0.424386745111811,0.483591203569142,0.483591203569142,0.802094811692456,68.5616984719385,68.5616984719385,24994530
0.49,4,0.424406052776425,0.483610558381105,0.483610558381105,0.802093458272159,68.5616984719385,68.5616984719385,25515250
0.5,4,0.42443218586537,0.483636755284389,0.483636755284389,0.80209162640623,68.5616984719385,68.5616984719385,26035970
0.51,4,0.424464843927735,0.483669493094414,0.483669493094414,0.802089337155545,68.5616984719385,68.5616984719385,26556690
0.52,4,0.424503793021764,0.483708537298162,0.483708537298162,0.802086606918852,68.5616984719385,68.5616984719385,27077410
0.53,4,0.424548818024765,0.483753672247631,0.483753672247631,0.802083450775728,68.5616984719385,68.5616984719385,27598120
0.54,4,0.424599643360479,0.483804621693635,0.483804621693635,0.802079888043399,68.5616984719385,68.5616984719385,28118850
0.55,4,0.424656088843875,0.483861205011148,0.483861205011148,0.802075931352396,68.5616984719385,68.5616984719385,28639570
0.56,4,0.424717969124072,0.483923236396683,0.483923236396683,0.802071593695365,68.5616984719385,68.5616984719385,29160280
0.57,4,0.424785047456065,0.483990478527127,0.483990478527127,0.802066891667555,68.5616984719385,68.5616984719385,29681000
0.58,4,0.424857163736557,0.484062770908225,0.484062770908225,0.802061836491817,68.5616984719385,68.5616984719385,30201720
0.59,4,0.424934161791336,0.484139956984407,0.484139956984407,0.802056439115583,68.5616984719385,68.5616984719385,30722440
0.6,4,0.425015841913293,0.484221836560897,0.484221836560897,0.802050713537836,68.5616984719385,68.5616984719385,31243160
0.61,4,0.42568613689075,0.484893768330372,0.484893768330372,0.802003727491353,68.5616984719385,68.5616984719385,31763880
0.62,4,0.42633986749779,0.485549095280928,0.485549095280928,0.80195790256692,68.5616984719385,68.5616984719385,32284600
0.63,4,0.426997847815831,0.486208682319845,0.486208682319845,0.801911779748089,68.5616984719385,68.5616984719385,32805320
0.64,4,0.427659941633407,0.486872392903043,0.486872392903043,0.801865368582953,68.5616984719385,68.5616984719385,33326040
0.65,4,0.428326018911814,0.487540096674278,0.487540096674278,0.801818678186908,68.5616984719385,68.5616984719385,33846760
0.66,4,0.428995955427104,0.48821166910626,0.48821166910626,0.80177171726775,68.5616984719385,68.5616984719385,34367480
0.67,4,0.42966964975687,0.488887008528916,0.488887008528916,0.801724492934944,68.5616984719385,68.5616984719385,34888200
0.68,4,0.430346953691496,0.489565966370721,0.489565966370721,0.801677015577622,68.5616984719385,68.5616984719385,35408920
0.69,4,0.431027775863711,0.490248451041292,0.490248451041292,0.801629291600409,68.5616984719385,68.5616984719385,35929640
0.7,4,0.431712012200515,0.490934358213494,0.490934358213494,0.801581328298568,68.5616984719385,68.5616984719385,36450360
0.71,4,0.432399566769285,0.491623591720447,0.491623591720447,0.801533132396742,68.5616984719385,68.5616984719385,36971070
0.72,4,0.433090332654803,0.492316044385855,0.492316044385855,0.801484711389428,68.5616984719385,68.5616984719385,37491800
0.73,4,0.433784229516416,0.493011635672882,0.493011635672882,0.801436070908311,68.5616984719385,68.5616984719385,38012520
0.74,4,0.434481169206194,0.493710277218351,0.493710277218351,0.801387217132345,68.5616984719385,68.5616984719385,38533230
0.75,4,0.435181060009102,0.494411877083268,0.494411877083268,0.801338156490531,68.5616984719385,68.5616984719385,39053950
0.76,4,0.435883807134863,0.495116340245887,0.495116340245887,0.801288895627438,68.5616984719385,68.5616984719385,39574670
0.77,4,0.436589367256971,0.495823623273903,0.495823623273903,0.801239437580146,68.5616984719385,68.5616984719385,40095390
0.78,4,0.437297648093468,0.496533633660016,0.496533633660016,0.801189788817399,68.5616984719385,68.5616984719385,40616110
0.79,4,0.438008542897508,0.497246264396713,0.497246264396713,0.801139956821889,68.5616984719385,68.5616984719385,41136830
0.8,4,0.438722068875165,0.497961532732087,0.497961532732087,0.801089940387512,68.5616984719385,68.5616984719385,41657550
0.81,4,0.439438107258195,0.49867931960787,0.49867931960787,0.801039747839634,68.5616984719385,68.5616984719385,42178270
0.82,4,0.440156593697053,0.499399560517384,0.499399560517384,0.800989383689,68.5616984719385,68.5616984719385,42698990
0.83,4,0.440877466185154,0.500122193302631,0.500122193302631,0.800938852282122,68.5616984719385,68.5616984719385,43219710
0.84,4,0.441600668051647,0.500847161154374,0.500847161154374,0.800888157591488,68.5616984719385,68.5616984719385,43740420
0.85,4,0.442326132344591,0.501574396957183,0.501574396957183,0.800837304310266,68.5616984719385,68.5616984719385,44261150
0.86,4,0.443053815777252,0.502303857318623,0.502303857318623,0.800786295472752,68.5616984719385,68.5616984719385,44781860
0.87,4,0.443783655497881,0.503035479233464,0.503035479233464,0.800735135484699,68.5616984719385,68.5616984719385,45302580
0.88,4,0.4445154295483,0.503769040201533,0.503769040201533,0.800683839904836,68.5616984719385,68.5616984719385,45823300
0.89,4,0.44524943427188,0.50450483728984,0.50450483728984,0.800632387960213,68.5616984719385,68.5616984719385,46344020
0.9,4,0.445985448112506,0.50524264840125,0.50524264840125,0.800580795181376,68.5616984719385,68.5616984719385,46864740
0.91,4,0.449018149159671,0.510085248652209,0.510085248652209,0.826145070436834,68.7196469868982,68.7196470754351,47385460
0.92,4,0.458116252301166,0.521008062091235,0.521008062091235,0.851284175768113,68.8775955018579,68.8775956789317,47906180
0.93,4,0.485238974025855,0.549999508394986,0.549999508394986,0.875159799206986,69.0355440168176,69.0355442824284,48426900
0.94,4,0.525837262762989,0.592499427672412,0.592499427672412,0.898090818196584,69.1934925317773,69.193492885925,48947620
0.95,4,0.566435551500124,0.634999346949839,0.634999346949839,0.921021837186181,69.351441046737,69.3514414894216,49468340
0.96,4,0.607033840237258,0.677499266227266,0.677499266227266,0.943952856175779,69.5093895616967,69.5093900929182,49989060
0.97,4,0.647632128974392,0.719999185504694,0.719999185504694,0.966883875165379,69.6673380766564,69.6673386964148,50509780
0.98,4,0.688230417711526,0.762499104782121,0.762499104782121,0.989814894154976,69.8252865916161,69.8252872999114,51030500
0.99,4,0.728828706448661,0.804999024059548,0.804999024059548,1.01274591314457,69.9832351065758,69.983235903408,51551220
1,4,0.769426995185796,0.847498943336975,0.847498943336975,1.03567693213417,70.1411836215355,70.1411845069046,52071940
1.01,4,0.81002528392293,0.889998862614402,0.889998862614402,1.05860795112376,70.2991321364952,70.2991331104013,52592660
1.02,4,0.850623572660064,0.932498781891829,0.932498781891829,1.08153897011336,70.4570806514549,70.4570817138979,53113370
1.03,4,0.891221861397199,0.974998701169256,0.974998701169256,1.10446998910297,70.6150291664146,70.6150303173945,53634090
1.04,4,0.931820150134333,1.01749862044668,1.01749862044668,1.12740100809256,70.7729776813743,70.7729789208911,54154810
1.05,4,0.972418438871467,1.05999853972411,1.05999853972411,1.15033202708216,70.930926196334,70.9309275243877,54675530
1.06,4,0.969914512049208,1.05770167998495,1.05770167998495,1.15355618255754,70.9036516012539,70.9036529245699,55196250
1.07,4,0.967495415244549,1.05547274257952,1.05547274257952,1.15652963818158,70.8795409342296,70.8795422532599,55716980
1.08,4,0.965157499512738,1.05331170136374,1.05331170136374,1.15930458562351,70.8579168574379,70.8579181725378,56237690
1.09,4,0.962897300157472,1.05121760255152,1.05121760255152,1.16191729642903,70.8383474641675,70.8383487756275,56758410
1.1,4,0.960711267386733,1.0490565883943,1.0490565883943,1.1625046527944,70.8022825778176,70.8022838869454,57279130
1.11,4,0.958624537110449,1.04674332831119,1.04674332831119,1.15948427057017,70.7336887616493,70.7336900705924,57799850
1.12,4,0.956676658227572,1.04457690458046,1.04457690458046,1.15656349663707,70.6678885370315,70.6678898458175,58320570
1.13,4,0.954834692812584,1.04252329620204,1.04252329620204,1.15373030139353,70.6045146055924,70.6045159142451,58841290
1.14,4,0.953087407691553,1.04057042095492,1.04057042095492,1.15097372258983,70.5432737090026,70.5432750175438,59362010
1.15,4,0.951428225621546,1.03871102453804,1.03871102453804,1.14828476857479,70.483949654823,70.4839509632732,59882720
1.16,4,0.948960363564273,1.03604557636521,1.03604557636521,1.145718326245,70.4263205371793,70.4263218455562,60403440
1.17,4,0.946542363500367,1.03343424267788,1.03343424267788,1.14320746096239,70.3702393086847,70.3702406170055,60924160
1.18,4,0.944203545885665,1.03090602337635,1.03090602337635,1.14074450938374,70.3155477647972,70.3155490730772,61444880
1.19,4,0.941765651436034,1.02828187146047,1.02828187146047,1.13833692713855,70.2621401952522,70.2621415035066,61965610
1.2,4,0.938944902466813,1.02527701640509,1.02527701640509,1.13600031780631,70.2098972137862,70.2098985220285,62486320
1.21,4,0.936200368805903,1.02235139372734,1.02235139372734,1.13369885057074,70.1587321247722,70.1587334330156,63007040
1.22,4,0.933529750624041,1.01950246826378,1.01950246826378,1.13142940152054,70.1085610490582,70.1085623573148,63527760
1.23,4,0.930930439168578,1.01672742283538,1.01672742283538,1.12918926398632,70.0593117900668,70.0593130983484,64048480
1.24,4,0.928400700809227,1.01402433368838,1.01402433368838,1.12697590113882,70.0109277697615,70.0109290780797,64569200
1.25,4,0.925938463497057,1.01139096284147,1.01139096284147,1.12478715763739,69.9633442911678,69.9633455995335,65089920
1.26,4,0.923541706639888,1.00882513949842,1.00882513949842,1.12262109766353,69.9165040562338,69.9165053646569,65610640
1.27,4,0.92120885336938,1.00632515768052,1.00632515768052,1.12047604045295,69.8703796746184,69.8703809831095,66131360
1.28,4,0.918938064525352,1.00388905293762,1.00388905293762,1.11835038742119,69.8249073472569,69.8249086558251,66652080
1.29,4,0.916727936220103,1.00151530753484,1.00151530753484,1.11624265791156,69.7800680683206,69.7800693769758,67172790
1.3,4,0.914576786722448,0.999202139702326,0.999202139702326,1.11415159791708,69.7358148906368,69.7358161993879,67693510
1.31,4,0.912483467357228,0.996948305879639,0.996948305879639,1.11207597114705,69.6921120150182,69.6921133238738,68214230
1.32,4,0.910446248362212,0.994751995065433,0.994751995065433,1.11001479748471,69.6489431952631,69.6489445042321,68734960
1.33,4,0.908464128111315,0.992612122218701,0.992612122218701,1.10796698923022,69.6062774947174,69.6062788038083,69255680
1.34,4,0.906535717819702,0.990527227093308,0.990527227093308,1.10593167028724,69.564079443872,69.5640807530925,69776400
1.35,4,0.904659951250311,0.988496177661936,0.988496177661936,1.10390801178573,69.5223394827409,69.5223407920994,70297110
1.36,4,0.902835572474781,0.986517654464305,0.986517654464305,1.10189523707241,69.4810335505899,69.4810348600942,70817830
1.37,4,0.901061547839962,0.984590564033578,0.984590564033578,1.09989259932426,69.4401393292565,69.4401406389144,71338550
1.38,4,0.899336956269171,0.982713935909397,0.982713935909397,1.09789948905173,69.3996368569592,69.3996381667782,71859270
1.39,4,0.89766089061246,0.980886809079398,0.980886809079398,1.09591523125378,69.3595067673293,69.3595080773166,72379990
1.4,4,0.896032056904649,0.979107842878318,0.979107842878318,1.09393929397818,69.3197468195654,69.3197481297287,72900710
1.41,4,0.894449873705844,0.977376412344669,0.977376412344669,1.09197111589899,69.2803246922187,69.2803260025649,73421430
1.42,4,0.892913273515992,0.975691404687539,0.975691404687539,1.09001016143386,69.2412317209996,69.2412330315357,73942140
1.43,4,0.89142159419864,0.974052129623128,0.974052129623128,1.08805609759338,69.2024713283835,69.2024726391171,74462860
1.44,4,0.889974088632009,0.972445236698862,0.972445236698862,1.08592876681165,69.1676963337741,69.1676969456689,74983590
1.45,4,0.888569824050662,0.97087538530505,0.97087538530505,1.08370823859912,69.1352703983742,69.1352710009959,75504310
1.46,4,0.887208271827244,0.969348950672277,0.969348950672277,1.08149329823964,69.1031260359773,69.1031266293174,76025030
1.47,4,0.885888516909933,0.9678649821141,0.9678649821141,1.07928353223163,69.0712586206141,69.0712592046644,76545740
1.48,4,0.884610147866065,0.966423041594316,0.966423041594316,1.0770786033347,69.0396735812777,69.0396741560298,77066460
1.49,4,0.883372468017044,0.965022408106262,0.965022408106262,1.07487823680529,69.0083375984555,69.0083381639002,77587180
1.5,4,0.882174687467263,0.963662261997242,0.963662261997242,1.07268209005075,68.9772483588724,68.9772489150007,78107900
1.51,4,0.88047019588367,0.961729368750981,0.961729368750981,1.06959479696957,68.9348096755453,68.9348102225279,78628620
1.52,4,0.878204384354323,0.959153053703579,0.959153053703579,1.06539234154191,68.8778499862082,68.8778505242446,79149340
1.53,4,0.875964767767124,0.956590928454916,0.956590928454916,1.06101545361574,68.8184128395581,68.8184133686515,79670060
1.54,4,0.873750410075196,0.954043818535503,0.954043818535503,1.0564894232235,68.7567546810488,68.7567552011954,80190780
1.55,4,0.871560601953004,0.951512600773317,0.951512600773317,1.05183700790936,68.6931323855221,68.6931328967126,80711500
1.56,4,0.869394453252643,0.948997717908736,0.948997717908736,1.04707736234567,68.6277251690801,68.6277256712997,81232220
1.57,4,0.867251297676475,0.946499759144277,0.946499759144277,1.0422285109946,68.560744561546,68.560745054776,81752940
1.58,4,0.865130185710565,0.94401887030216,0.94401887030216,1.03730621760933,68.4923479141642,68.4923483983819,82273660
1.59,4,0.863030694658779,0.941555574145582,0.941555574145582,1.03232404727905,68.4226869939087,68.4226874690884,82794380
1.6,4,0.860951909032245,0.939109825222166,0.939109825222166,1.0272945382484,68.3518965413316,68.3518970074448,83315100
1.61,4,0.858893437981821,0.936708493088464,0.936708493088464,1.02260757352759,68.268429647652,68.2684301042735,83835820
1.62,4,0.856854401681053,0.934326992730213,0.934326992730213,1.01792424553509,68.1831407715153,68.1831412185948,84356540
1.63,4,0.85483443928025,0.931963330590576,0.931963330590576,1.01322124336679,68.0971294161282,68.0971298536479,84877260
1.64,4,0.852832799536113,0.92961729688354,0.92961729688354,1.00850638911693,68.0104914119082,68.0104918398494,85397980
1.65,4,0.850849046918498,0.927288879743417,0.927288879743417,1.00378578720812,67.9232885342155,67.9232889525584,85918700
1.66,4,0.848882559120805,0.924977914083811,0.924977914083811,0.999066041547521,67.8356155159058,67.8356159246303,86439420
1.67,4,0.846932821721648,0.922684249319431,0.922684249319431,0.994352409257426,67.7475290778824,67.7475294769678,86960130
1.68,4,0.844999635544324,0.920408023473282,0.920408023473282,0.989649733435447,67.6590989596998,67.6590993491253,87480850
1.69,4,0.843082206742996,0.91814871649737,0.91814871649737,0.984962012941565,67.5703764521973,67.570376831942,88001580
1.7,4,0.84118026151332,0.915906329053576,0.915906329053576,0.980293201580175,67.4814243017277,67.481424671771,88522300
1.71,4,0.839293224467763,0.913680497541874,0.913680497541874,0.975646388479901,67.3922772275469,67.3922775878683,89043020
1.72,4,0.837420736219831,0.911471055302622,0.911471055302622,0.971024367505387,67.3029924219204,67.3029927725,89563730
1.73,4,0.835562442398438,0.909277835765483,0.909277835765483,0.966429861547852,67.2136045930316,67.2136049338497,90084450
1.74,4,0.833718097960333,0.907100727310072,0.907100727310072,0.961864804377241,67.1241532775445,67.1241536085823,90605170
1.75,4,0.83188716516822,0.904939361834214,0.904939361834214,0.957331678361098,67.0346720431111,67.03467236435,91125890
1.76,4,0.830069315949491,0.902793494194326,0.902793494194326,0.952831703893335,66.9451927119312,66.9451930233535,91646610
1.77,4,0.82826422488288,0.900662889062171,0.900662889062171,0.948366203539519,66.8557560246341,66.855756326223,92167330
1.78,4,0.826471478156225,0.898547239597483,0.898547239597483,0.943936750526892,66.7663717497139,66.7663720414531,92688050
1.79,4,0.824690966710968,0.896446523362588,0.896446523362588,0.939544595044935,66.6770821552525,66.6770824371269,93208760
1.8,4,0.822922183134456,0.894360254746501,0.894360254746501,0.935190102159699,66.5879007815165,66.5879010535115,93729480
1.81,4,0.821164932134778,0.892288307729199,0.892288307729199,0.930874283014523,66.4988606295525,66.4988608916546,94250200
1.82,4,0.819419017239344,0.89023050535751,0.89023050535751,0.92659743738336,66.4099606418356,66.4099608940321,94770930
1.83,4,0.81768405584408,0.888186515281889,0.888186515281889,0.922360324119838,66.3212386613769,66.3212389036562,95291650
1.84,4,0.815959664758867,0.886155992723543,0.886155992723543,0.91816353277355,66.2327069777165,66.2327072100677,95812370
1.85,4,0.814245865642559,0.884138945165362,0.884138945165362,0.91400685834418,66.1443798521613,66.1443800745747,96333080
1.86,4,0.812542182908451,0.88213494150433,0.88213494150433,0.909890986923431,66.0562874615861,66.0562876740528,96853800
1.87,4,0.810848550088911,0.880143915402773,0.880143915402773,0.905815927350103,65.9684272000813,65.9684274025934,97374520
1.88,4,0.809164602149255,0.878165463181796,0.878165463181796,0.9017811653216,65.8808077572413,65.8808079497918,97895240
1.89,4,0.807490276708495,0.876199570736569,0.876199570736569,0.897787397770264,65.7934609987144,65.7934611812975,98415960
1.9,4,0.805825218186184,0.874245837494119,0.874245837494119,0.893834018615464,65.7063808057789,65.7063809783894,98936680
1.91,4,0.804169372186123,0.872304233455886,0.872304233455886,0.889921382472293,65.6195930125389,65.6195931751727,99457400
1.92,4,0.802522488772984,0.870374454204274,0.870374454204274,0.886048736455836,65.5330887516856,65.5330889043395,99978110
1.93,4,0.800884223088415,0.868456191084319,0.868456191084319,0.882216634515073,65.4469043091889,65.4469044518607,100498800
1.94,4,0.799254615329468,0.866549429280776,0.866549429280776,0.878424285716119,65.3610153908816,65.36101552357,101019600
1.95,4,0.797633348305644,0.864653830318243,0.864653830318243,0.874671418981449,65.2754591586572,65.2754592813617,101540300
1.96,4,0.796020272154207,0.862769248468184,0.862769248468184,0.870958109171245,65.1902304112107,65.1902305239319,102061000
1.97,4,0.794415350564398,0.860895584372155,0.860895584372155,0.867283458474923,65.1053336657357,65.1053337684748,102581700
1.98,4,0.792818250552905,0.859032507315898,0.859032507315898,0.863647534310768,65.0207789145201,65.0207790072793,103102400
1.99,4,0.791228928067916,0.857179957189116,0.857179957189116,0.860050111658019,64.9365717487321,64.9365718315145,103623200
2,4,0.789647179295635,0.855337687306759,0.855337687306759,0.856490598833382,64.8527225534432,64.8527226262525,104143900
2.01,4,0.78829893069713,0.853732117107154,0.853732117107154,0.852952319319171,64.7692210084793,64.7692210713203,104664600
2.02,4,0.78695095193372,0.852132583340347,0.852132583340347,0.849496477656524,64.6870292172722,64.6870292701503,105185300
2.03,4,0.785610567856421,0.850544513246374,0.850544513246374,0.84609516750046,64.6010901748261,64.6010902177374,105706000
2.04,4,0.784277673716671,0.848966722916724,0.848966722916724,0.842732967145218,64.5153864354856,64.5153864684414,106226700
2.05,4,0.782952152609843,0.847399068032138,0.847399068032138,0.839409496820427,64.4299110529472,64.4299110759599,106747500
2.06,4,0.781633825068162,0.845841314794119,0.845841314794119,0.836123998408007,64.3446561086855,64.3446561217685,107268200
2.07,4,0.780322778267192,0.844293526202466,0.844293526202466,0.83287611702335,64.2596441126678,64.2596441158358,107788900
2.08,4,0.779018811437449,0.842755483093776,0.842755483093776,0.829665610705617,64.1748650034345,64.174864996703,108309600
2.09,4,0.777721724018932,0.841226923949141,0.841226923949141,0.826491628764337,64.090327044136,64.0903270275217,108830300
2.1,4,0.776431509253117,0.83970782080201,0.83970782080201,0.823353868620352,64.0060324891252,64.0060324626458,109351100
2.11,4,0.775147989355805,0.838197993606721,0.838197993606721,0.820252316603822,63.9219922487297,63.921992212404,109871800
2.12,4,0.773871356712497,0.836697560134558,0.836697560134558,0.817185885477742,63.8382021244501,63.8382020782977,110392500
2.13,4,0.772601216561434,0.835206120731935,0.835206120731935,0.814154546742953,63.7546595792201,63.7546595232619,110913200
2.14,4,0.771337663879363,0.833723706028061,0.833723706028061,0.811157370212473,63.671377550228,63.6713774844856,111434000
2.15,4,0.77008042316759,0.83225004825456,0.83225004825456,0.808194495367416,63.5883579720814,63.5883578965775,111954700
2.16,4,0.768829690551393,0.830785278705422,0.830785278705422,0.805264974480433,63.5055896665393,63.5055895812975,112475400
2.17,4,0.767585073607613,0.829328980341333,0.829328980341333,0.802368496735718,63.423093314282,63.4230932193267,112996100
2.18,4,0.766346879600437,0.827881449667358,0.827881449667358,0.799504876002302,63.3408558654826,63.3408557608393,113516800
2.19,4,0.765114815478213,0.826442342951625,0.826442342951625,0.79667341829506,63.2588935010219,63.2588933867168,114037500
2.2,4,0.763888680369121,0.825011425125964,0.825011425125964,0.793873655678604,63.1771892886586,63.1771891647189,114558300
2.21,4,0.762668701329036,0.8235888996862,0.8235888996862,0.791105227383554,63.0957659706922,63.0957658371459,115079000
2.22,4,0.761454577300834,0.822174427937104,0.822174427937104,0.788367626776374,63.0146045941014,63.0146044509774,115599700
2.23,4,0.760246417904652,0.820768095195402,0.820768095195402,0.785660494790034,62.9337117148774,62.9337115622053,116120400
2.24,4,0.759044032249389,0.819369691287008,0.819369691287008,0.78298357571203,62.8531027744018,62.8531026122121,116641100
2.25,4,0.757847420995971,0.817979175678751,0.817979175678751,0.780336280369908,62.7727702252662,62.7727700535901,117161900
2.26,4,0.756656511543561,0.816596435309983,0.816596435309983,0.777718037785895,62.6927072157239,62.6927070345934,117682600
2.27,4,0.75547130404887,0.815221452069246,0.815221452069246,0.775128586696489,62.6129143347761,62.6129141442242,118203300
2.28,4,0.754291709434711,0.813854117114243,0.813854117114243,0.772567653802181,62.5334083931846,62.5334081932445,118724000
2.29,4,0.753117537310916,0.812494214013911,0.812494214013911,0.77003488669534,62.4541939534829,62.4541937441888,119244700
2.3,4,0.751948896019143,0.811141795472215,0.811141795472215,0.767529478341954,62.3752408202382,62.3752406016253,119765400
2.31,4,0.75078578888325,0.809796858792741,0.809796858792741,0.765051342299114,62.2965680491847,62.2965678212885,120286200
2.32,4,0.749627942046086,0.808459096931103,0.808459096931103,0.762600032727238,62.2181815544882,62.2181813173449,120806900
2.33,4,0.748475557335747,0.80712870663645,0.80712870663645,0.760175455798356,62.1400810724473,62.1400808260939,121327600
2.34,4,0.74732824417441,0.805805232985079,0.805805232985079,0.757776732341384,62.0622550712635,62.0622548157376,121848300
2.35,4,0.746186413109252,0.804489095564851,0.804489095564851,0.75540394852907,61.9847141593674,61.9847138947073,122369000
2.36,4,0.745049663526827,0.80317984373263,0.80317984373263,0.753056430975321,61.9074644544044,61.9074641806487,122889800
2.37,4,0.743918021700121,0.801877471124605,0.801877471124605,0.750733710193048,61.8304822945924,61.8304820117807,123410500
2.38,4,0.742791491464416,0.800581994830486,0.800581994830486,0.748435975326603,61.7537950164072,61.7537947245795,123931200
2.39,4,0.74167007792944,0.799293382064626,0.799293382064626,0.746162683910301,61.67739386674,61.6773935659368,124451900
2.4,4,0.740553593131267,0.798011404487438,0.798011404487438,0.743913278284922,61.6012748920406,61.6012745823031,124972600
2.41,4,0.739442135895707,0.796736141161866,0.796736141161866,0.741687465449804,61.5254286633784,61.5254283447485,125493400
2.42,4,0.738335632008552,0.795467495496066,0.795467495496066,0.739484933183673,61.4498779773707,61.4498776498903,126014100
2.43,4,0.73723388093803,0.794205246920993,0.794205246920993,0.737305415999712,61.3746138395519,61.3746135032637,126534800
2.44,4,0.736137091350322,0.792949582690105,0.792949582690105,0.735148585767913,61.2996235214576,61.2996231764051,127055500
2.45,4,0.735045170506754,0.79170041321783,0.79170041321783,0.73301449731904,61.2249366993549,61.2249363455814,127576200
2.46,4,0.73395781742976,0.790457370750701,0.790457370750701,0.73090222732134,61.1505220960058,61.1505217335558,128097000
2.47,4,0.732875355924677,0.78922076691384,0.78922076691384,0.728811567584148,61.0763942544422,61.07639388336,128617700
2.48,4,0.731797485436014,0.787990311196516,0.787990311196516,0.726742693318069,61.002552374518,61.0025519948491,129138400
2.49,4,0.730724310975153,0.786766056617994,0.786766056617994,0.724694849973044,60.9289965278566,60.9289961396461,129659100
2.5,4,0.729655740451397,0.785547906752394,0.785547906752394,0.722667985224297,60.8557283367588,60.8557279400529,130179800
2.51,4,0.728591671600829,0.784335717433776,0.784335717433776,0.720661510584546,60.7827323833074,60.7827319781524,130700600
2.52,4,0.727532224979998,0.783129610608709,0.783129610608709,0.718675433271394,60.7100272858294,60.710026872272,131221300
2.53,4,0.726477198652341,0.781929363478442,0.781929363478442,0.716709476148669,60.6376086693915,60.6376082474789,131742000
2.54,4,0.725426698061347,0.780735061191463,0.780735061191463,0.714763337910839,60.5654770800444,60.5654766498239,132262700
2.55,4,0.724380526266566,0.779546489245196,0.779546489245196,0.712836788090144,60.4936356104403,60.4936351719597,132783400
2.56,4,0.723338781581873,0.778363717968789,0.778363717968789,0.710929416161592,60.422068328104,60.4220678814116,133304200
2.57,4,0.722301382268594,0.777186653640391,0.777186653640391,0.709041059341872,60.3507919608508,60.350791505995,133824900
2.58,4,0.721268323846128,0.776015286196674,0.776015286196674,0.707171638264754,60.2798024896955,60.2798020267252,134345600
2.59,4,0.720239510899803,0.774849481717229,0.774849481717229,0.705320612292849,60.2090907700678,60.2090902990322,134866300
2.6,4,0.719214844707261,0.773689120503696,0.773689120503696,0.703487691823043,60.1386605428254,60.138660063774,135387000
2.61,4,0.71819452907645,0.772534406130962,0.772534406130962,0.701672852118796,60.0685157937692,60.0685153067516,135907700
2.62,4,0.717178358370835,0.771385109533191,0.771385109533191,0.699875779721112,59.9986561323261,59.9986556373923,136428500
2.63,4,0.716166248021099,0.770241131045564,0.770241131045564,0.698096267635591,59.9290690424115,59.9290685396122,136949200
2.64,4,0.715158293464606,0.769102563689672,0.769102563689672,0.6963342712924,59.8597799099674,59.8597793993527,137469900
2.65,4,0.714154294127083,0.767969164383305,0.767969164383305,0.694589203863693,59.7907681423991,59.7907676240198,137990600
2.66,4,0.713154443983551,0.766841109580745,0.766841109580745,0.692860794420275,59.722026718555,59.7220261924623,138511400
2.67,4,0.712158558362037,0.765718230783691,0.765718230783691,0.691149293650404,59.6535776255383,59.6535770917833,139032100
2.68,4,0.711166628573637,0.764600482379063,0.764600482379063,0.689454174426243,59.5854114130854,59.5854108717195,139552800
2.69,4,0.710178655233433,0.763487863796109,0.763487863796109,0.68777541972497,59.5175285427783,59.5175279938532,140073500
2.7,4,0.709194535886313,0.762355872104276,0.762355872104276,0.685764097250487,59.4597357881538,59.4597352310649,140594200
2.71,4,0.708214270352313,0.761225280196197,0.761225280196197,0.683717275800001,59.4063486899665,59.4063481245346,141114900
2.72,4,0.707237849632744,0.760099271197389,0.760099271197389,0.6816806058215,59.3534304359461,59.3534298621803,141635700
2.73,4,0.706265286096775,0.758977910841293,0.758977910841293,0.679654849160606,59.3009928785684,59.3009922964772,142156400
2.74,4,0.705296268218708,0.757860854471964,0.757860854471964,0.677639564748607,59.2490175717842,59.2490169813763,142677100
2.75,4,0.704331195080536,0.756748488251937,0.756748488251937,0.675634525917769,59.1974855612876,59.1974849625718,143197800
2.76,4,0.703369662804593,0.75564039780723,0.75564039780723,0.673639624978317,59.1463988117833,59.1463982047678,143718500
2.77,4,0.702411861535497,0.754536801172834,0.754536801172834,0.671655240812483,59.0957457040167,59.0957450887101,144239300
2.78,4,0.701457599569999,0.75343749327495,0.75343749327495,0.669681202344871,59.045526913073,59.0455262894832,144760000
2.79,4,0.700506966248698,0.752342530700293,0.752342530700293,0.667717031790692,58.9957181711354,58.9957175392708,145280700
2.8,4,0.699559857008093,0.75125181858429,0.75125181858429,0.66576287883218,58.9463187012504,58.9463180611191,145801400
2.81,4,0.698616266097194,0.75016535518123,0.75016535518123,0.663818801351455,58.8973127704817,58.8973121220922,146322100
2.82,4,0.697676181971069,0.749083117974473,0.749083117974473,0.661884643658213,58.8487091457245,58.8487084890844,146842900
2.83,4,0.696739611441315,0.748005119509214,0.748005119509214,0.659960487031364,58.8004836614285,58.8004829965462,147363600
2.84,4,0.695806342162513,0.746931113744179,0.746931113744179,0.658045871897916,58.7526309307856,58.7526302576692,147884300
2.85,4,0.694876466910688,0.745861220965944,0.745861220965944,0.656141181933881,58.7051570523431,58.7051563710003,148405000
2.86,4,0.69394987965434,0.74479529912652,0.74479529912652,0.654245913214733,58.6580332871308,58.6580325975701,148925700
2.87,4,0.69302672167482,0.743733518260452,0.743733518260452,0.65236046209316,58.6112823919106,58.6112816941393,149446400
2.88,4,0.69210666945781,0.742675517234892,0.742675517234892,0.650484324574045,58.5648689969338,58.5648682909601,149967200
2.89,4,0.691189997895639,0.74162157922189,0.74162157922189,0.648617590194212,58.5187928983485,58.5187921841807,150487900
2.9,4,0.690276501945124,0.740571503917317,0.740571503917317,0.646760348258552,58.4730657954313,58.4730650730767,151008600
2.91,4,0.6893661530015,0.73952524801439,0.73952524801439,0.644912391522444,58.427657566916,58.4276568363831,151529300
2.92,4,0.688458915529229,0.73848275965548,0.73848275965548,0.643073490301014,58.3825780320694,58.3825772933657,152050100
2.93,4,0.687554901953419,0.73744418042337,0.73744418042337,0.641244049761736,58.3378168649236,58.3378161180574,152570800
2.94,4,0.686653777476067,0.736409137030799,0.736409137030799,0.639423554642505,58.293366849365,58.293366094344,153091500
2.95,4,0.685755810656372,0.735377924395698,0.735377924395698,0.637612353687092,58.2492286059452,58.2492278427775,153612200
2.96,4,0.68486080260611,0.734350307350935,0.734350307350935,0.635809948969861,58.2053898552955,58.2053890839889,154132900
2.97,4,0.683968720519318,0.73332625577559,0.73332625577559,0.634016382333953,58.161839481569,58.161838702132,154653600
2.98,4,0.683079539206695,0.732305732551708,0.732305732551708,0.632231485836989,58.1185749823455,58.1185741947861,155174400
2.99,4,0.682193247219992,0.731288749173874,0.731288749173874,0.630455588779097,58.0755954809328,58.0755946852595,155695100
3,4,0.681309928652978,0.730275373410022,0.730275373410022,0.628688448858537,58.0329058553119,58.0329050515323,156215800
